document_id,source_row,title,abstract,year,category
arxiv-00000,0,Introduction to Arabic Speech Recognition Using CMUSphinx System,"In this paper Arabic was investigated from the speech recognition problem point of view. We propose a novel approach to build an Arabic Automated Speech Recognition System (ASR). This system is based on the open source CMU Sphinx-4, from the Carnegie Mellon University. CMU Sphinx is a large-vocabulary; speaker-independent, continuous speech recognition system based on discrete Hidden Markov Models (HMMs). We build a model using utilities from the OpenSource CMU Sphinx. We will demonstrate the possible adaptability of this system to Arabic voice recognition.",2007,Computation and Language
arxiv-00001,1,Arabic Speech Recognition System using CMU-Sphinx4,"In this paper we present the creation of an Arabic version of Automated Speech Recognition System (ASR). This system is based on the open source Sphinx-4, from the Carnegie Mellon University. Which is a speech recognition system based on discrete hidden Markov models (HMMs). We investigate the changes that must be made to the model to adapt Arabic voice recognition. Keywords: Speech recognition, Acoustic model, Arabic language, HMMs, CMUSphinx-4, Artificial intelligence.",2007,Computation and Language
arxiv-00002,2,On the Development of Text Input Method - Lessons Learned,"Intelligent Input Methods (IM) are essential for making text entries in many East Asian scripts, but their application to other languages has not been fully explored. This paper discusses how such tools can contribute to the development of computer processing of other oriental languages. We propose a design philosophy that regards IM as a text service platform, and treats the study of IM as a cross disciplinary subject from the perspectives of software engineering, human-computer interaction (HCI), and natural language processing (NLP). We discuss these three perspectives and indicate a number of possible future research directions.",2007,Computation and Language
arxiv-00003,3,Network statistics on early English Syntax: Structural criteria,"This paper includes a reflection on the role of networks in the study of English language acquisition, as well as a collection of practical criteria to annotate free-speech corpora from children utterances. At the theoretical level, the main claim of this paper is that syntactic networks should be interpreted as the outcome of the use of the syntactic machinery. Thus, the intrinsic features of such machinery are not accessible directly from (known) network properties. Rather, what one can see are the global patterns of its use and, thus, a global view of the power and organization of the underlying grammar. Taking a look into more practical issues, the paper examines how to build a net from the projection of syntactic relations. Recall that, as opposed to adult grammars, early-child language has not a well-defined concept of structure. To overcome such difficulty, we develop a set of systematic criteria assuming constituency hierarchy and a grammar based on lexico-thematic relations. At the end, what we obtain is a well defined corpora annotation that enables us i) to perform statistics on the size of structures and ii) to build a network from syntactic relations over which we can perform the standard measures of complexity. We also provide a detailed example.",2007,Computation and Language
arxiv-00004,4,Segmentation and Context of Literary and Musical Sequences,"We test a segmentation algorithm, based on the calculation of the Jensen-Shannon divergence between probability distributions, to two symbolic sequences of literary and musical origin. The first sequence represents the successive appearance of characters in a theatrical play, and the second represents the succession of tones from the twelve-tone scale in a keyboard sonata. The algorithm divides the sequences into segments of maximal compositional divergence between them. For the play, these segments are related to changes in the frequency of appearance of different characters and in the geographical setting of the action. For the sonata, the segments correspond to tonal domains and reveal in detail the characteristic tonal progression of such kind of musical composition.",2007,Computation and Language
arxiv-00005,5,International Standard for a Linguistic Annotation Framework,This paper describes the Linguistic Annotation Framework under development within ISO TC37 SC4 WG1. The Linguistic Annotation Framework is intended to serve as a basis for harmonizing existing language resources as well as developing new ones.,2004,Computation and Language
arxiv-00006,6,A Formal Model of Dictionary Structure and Content,"We show that a general model of lexical information conforms to an abstract model that reflects the hierarchy of information found in a typical dictionary entry. We show that this model can be mapped into a well-formed XML document, and how the XSL transformation language can be used to implement a semantics defined over the abstract model to enable extraction and manipulation of the information in any format.",2000,Computation and Language
arxiv-00007,7,Practical Approach to Knowledge-based Question Answering with Natural Language Understanding and Advanced Reasoning,"This research hypothesized that a practical approach in the form of a solution framework known as Natural Language Understanding and Reasoning for Intelligence (NaLURI), which combines full-discourse natural language understanding, powerful representation formalism capable of exploiting ontological information and reasoning approach with advanced features, will solve the following problems without compromising practicality factors: 1) restriction on the nature of question and response, and 2) limitation to scale across domains and to real-life natural language text.",2007,Computation and Language
arxiv-00008,8,Learning Probabilistic Models of Word Sense Disambiguation,"This dissertation presents several new methods of supervised and unsupervised learning of word sense disambiguation models. The supervised methods focus on performing model searches through a space of probabilistic models, and the unsupervised methods rely on the use of Gibbs Sampling and the Expectation Maximization (EM) algorithm. In both the supervised and unsupervised case, the Naive Bayesian model is found to perform well. An explanation for this success is presented in terms of learning rates and bias-variance decompositions.",1998,Computation and Language
arxiv-00009,9,Learning Phonotactics Using ILP,"This paper describes experiments on learning Dutch phonotactic rules using Inductive Logic Programming, a machine learning discipline based on inductive logical operators. Two different ways of approaching the problem are experimented with, and compared against each other as well as with related work on the task. The results show a direct correspondence between the quality and informedness of the background knowledge and the constructed theory, demonstrating the ability of ILP to take good advantage of the prior domain knowledge available. Further research is outlined.",2002,Computation and Language
arxiv-00010,10,Bootstrapping Deep Lexical Resources: Resources for Courses,"We propose a range of deep lexical acquisition methods which make use of morphological, syntactic and ontological language resources to model word similarity and bootstrap from a seed lexicon. The different methods are deployed in learning lexical items for a precision grammar, and shown to each have strengths and weaknesses over different word classes. A particular focus of this paper is the relative accessibility of different language resource types, and predicted ``bang for the buck'' associated with each in deep lexical acquisition applications.",2005,Computation and Language
arxiv-00011,11,Bio-linguistic transition and Baldwin effect in an evolutionary naming-game model,"We examine an evolutionary naming-game model where communicating agents are equipped with an evolutionarily selected learning ability. Such a coupling of biological and linguistic ingredients results in an abrupt transition: upon a small change of a model control parameter a poorly communicating group of linguistically unskilled agents transforms into almost perfectly communicating group with large learning abilities. When learning ability is kept fixed, the transition appears to be continuous. Genetic imprinting of the learning abilities proceeds via Baldwin effect: initially unskilled communicating agents learn a language and that creates a niche in which there is an evolutionary pressure for the increase of learning ability.Our model suggests that when linguistic (or cultural) processes became intensive enough, a transition took place where both linguistic performance and biological endowment of our species experienced an abrupt change that perhaps triggered the rapid expansion of human civilization.",2008,Computation and Language
arxiv-00012,12,Zipf's Law and Avoidance of Excessive Synonymy,"Zipf's law states that if words of language are ranked in the order of decreasing frequency in texts, the frequency of a word is inversely proportional to its rank. It is very robust as an experimental observation, but to date it escaped satisfactory theoretical explanation. We suggest that Zipf's law may arise from the evolution of word semantics dominated by expansion of meanings and competition of synonyms.",2008,Computation and Language
arxiv-00013,13,On the role of autocorrelations in texts,"The task of finding a criterion allowing to distinguish a text from an arbitrary set of words is rather relevant in itself, for instance, in the aspect of development of means for internet-content indexing or separating signals and noise in communication channels. The Zipf law is currently considered to be the most reliable criterion of this kind [3]. At any rate, conventional stochastic word sets do not meet this law. The present paper deals with one of possible criteria based on the determination of the degree of data compression.",2007,Computation and Language
arxiv-00014,14,On the fractal nature of mutual relevance sequences in the Internet news message flows,"In the task of information retrieval the term relevance is taken to mean formal conformity of a document given by the retrieval system to user's information query. As a rule, the documents found by the retrieval system should be submitted to the user in a certain order. Therefore, a retrieval perceived as a selection of documents formally solving the user's query, should be supplemented with a certain procedure of processing a relevant set. It would be natural to introduce a quantitative measure of document conformity to query, i.e. the relevance measure. Since no single rule exists for the determination of the relevance measure, we shall consider two of them which are the simplest in our opinion. The proposed approach does not suppose any restrictions and can be applied to other relevance measures.",2007,Computation and Language
arxiv-00015,15,What's in a Name?,"This paper describes experiments on identifying the language of a single name in isolation or in a document written in a different language. A new corpus has been compiled and made available, matching names against languages. This corpus is used in a series of experiments measuring the performance of general language models and names-only language models on the language identification task. Conclusions are drawn from the comparison between using general language models and names-only language models and between identifying the language of isolated names and the language of very short document fragments. Future research directions are outlined.",2007,Computation and Language
arxiv-00016,16,The structure of verbal sequences analyzed with unsupervised learning techniques,"Data mining allows the exploration of sequences of phenomena, whereas one usually tends to focus on isolated phenomena or on the relation between two phenomena. It offers invaluable tools for theoretical analyses and exploration of the structure of sentences, texts, dialogues, and speech. We report here the results of an attempt at using it for inspecting sequences of verbs from French accounts of road accidents. This analysis comes from an original approach of unsupervised training allowing the discovery of the structure of sequential data. The entries of the analyzer were only made of the verbs appearing in the sentences. It provided a classification of the links between two successive verbs into four distinct clusters, allowing thus text segmentation. We give here an interpretation of these clusters by applying a statistical analysis to independent semantic annotations.",2007,Computation and Language
arxiv-00017,17,Linguistic Information Energy,"In this treatment a text is considered to be a series of word impulses which are read at a constant rate. The brain then assembles these units of information into higher units of meaning. A classical systems approach is used to model an initial part of this assembly process. The concepts of linguistic system response, information energy, and ordering energy are defined and analyzed. Finally, as a demonstration, information energy is used to estimate the publication dates of a series of texts and the similarity of a set of texts.",2007,Computation and Language
arxiv-00018,18,Generating models for temporal representations,"We discuss the use of model building for temporal representations. We chose Polish to illustrate our discussion because it has an interesting aspectual system, but the points we wish to make are not language specific. Rather, our goal is to develop theoretical and computational tools for temporal model building tasks in computational semantics. To this end, we present a first-order theory of time and events which is rich enough to capture interesting semantic distinctions, and an algorithm which takes minimal models for first-order theories and systematically attempts to ``perturb'' their temporal component to provide non-minimal, but semantically significant, models.",2007,Computation and Language
arxiv-00019,19,Using Description Logics for Recognising Textual Entailment,"The aim of this paper is to show how we can handle the Recognising Textual Entailment (RTE) task by using Description Logics (DLs). To do this, we propose a representation of natural language semantics in DLs inspired by existing representations in first-order logic. But our most significant contribution is the definition of two novel inference tasks: A-Box saturation and subgraph detection which are crucial for our approach to RTE.",2007,Computation and Language
arxiv-00020,20,Using Synchronic and Diachronic Relations for Summarizing Multiple Documents Describing Evolving Events,"In this paper we present a fresh look at the problem of summarizing evolving events from multiple sources. After a discussion concerning the nature of evolving events we introduce a distinction between linearly and non-linearly evolving events. We present then a general methodology for the automatic creation of summaries from evolving events. At its heart lie the notions of Synchronic and Diachronic cross-document Relations (SDRs), whose aim is the identification of similarities and differences between sources, from a synchronical and diachronical perspective. SDRs do not connect documents or textual elements found therein, but structures one might call messages. Applying this methodology will yield a set of messages and relations, SDRs, connecting them, that is a graph which we call grid. We will show how such a grid can be considered as the starting point of a Natural Language Generation System. The methodology is evaluated in two case-studies, one for linearly evolving events (descriptions of football matches) and another one for non-linearly evolving events (terrorist incidents involving hostages). In both cases we evaluate the results produced by our computational systems.",2007,Computation and Language
arxiv-00021,21,Some Reflections on the Task of Content Determination in the Context of Multi-Document Summarization of Evolving Events,"Despite its importance, the task of summarizing evolving events has received small attention by researchers in the field of multi-document summariztion. In a previous paper (Afantenos et al. 2007) we have presented a methodology for the automatic summarization of documents, emitted by multiple sources, which describe the evolution of an event. At the heart of this methodology lies the identification of similarities and differences between the various documents, in two axes: the synchronic and the diachronic. This is achieved by the introduction of the notion of Synchronic and Diachronic Relations. Those relations connect the messages that are found in the documents, resulting thus in a graph which we call grid. Although the creation of the grid completes the Document Planning phase of a typical NLG architecture, it can be the case that the number of messages contained in a grid is very large, exceeding thus the required compression rate. In this paper we provide some initial thoughts on a probabilistic model which can be applied at the Content Determination stage, and which tries to alleviate this problem.",2007,Computation and Language
arxiv-00022,22,Discriminative Phoneme Sequences Extraction for Non-Native Speaker's Origin Classification,In this paper we present an automated method for the classification of the origin of non-native speakers. The origin of non-native speakers could be identified by a human listener based on the detection of typical pronunciations for each nationality. Thus we suppose the existence of several phoneme sequences that might allow the classification of the origin of non-native speakers. Our new method is based on the extraction of discriminative sequences of phonemes from a non-native English speech database. These sequences are used to construct a probabilistic classifier for the speakers' origin. The existence of discriminative phone sequences in non-native speech is a significant result of this work. The system that we have developed achieved a significant correct classification rate of 96.3% and a significant error reduction compared to some other tested techniques.,2007,Computation and Language
arxiv-00023,23,Combined Acoustic and Pronunciation Modelling for Non-Native Speech Recognition,"In this paper, we present several adaptation methods for non-native speech recognition. We have tested pronunciation modelling, MLLR and MAP non-native pronunciation adaptation and HMM models retraining on the HIWIRE foreign accented English speech database. The ``phonetic confusion'' scheme we have developed consists in associating to each spoken phone several sequences of confused phones. In our experiments, we have used different combinations of acoustic models representing the canonical and the foreign pronunciations: spoken and native models, models adapted to the non-native accent with MAP and MLLR. The joint use of pronunciation modelling and acoustic adaptation led to further improvements in recognition accuracy. The best combination of the above mentioned techniques resulted in a relative word error reduction ranging from 46% to 71%.",2007,Computation and Language
arxiv-00024,24,Am\'elioration des Performances des Syst\`emes Automatiques de Reconnaissance de la Parole pour la Parole Non Native,"In this article, we present an approach for non native automatic speech recognition (ASR). We propose two methods to adapt existing ASR systems to the non-native accents. The first method is based on the modification of acoustic models through integration of acoustic models from the mother tong. The phonemes of the target language are pronounced in a similar manner to the native language of speakers. We propose to combine the models of confused phonemes so that the ASR system could recognize both concurrent pronounciations. The second method we propose is a refinment of the pronounciation error detection through the introduction of graphemic constraints. Indeed, non native speakers may rely on the writing of words in their uttering. Thus, the pronounctiation errors might depend on the characters composing the words. The average error rate reduction that we observed is (22.5%) relative for the sentence error rate, and 34.5% (relative) in word error rate.",2007,Computation and Language
arxiv-00025,25,Can a Computer Laugh ?,"A computer model of ""a sense of humour"" suggested previously [arXiv:0711.2058,0711.2061], relating the humorous effect with a specific malfunction in information processing, is given in somewhat different exposition. Psychological aspects of humour are elaborated more thoroughly. The mechanism of laughter is formulated on the more general level. Detailed discussion is presented for the higher levels of information processing, which are responsible for a perception of complex samples of humour. Development of a sense of humour in the process of evolution is discussed.",1994,Computation and Language
arxiv-00026,26,Proof nets for display logic,"This paper explores several extensions of proof nets for the Lambek calculus in order to handle the different connectives of display logic in a natural way. The new proof net calculus handles some recent additions to the Lambek vocabulary such as Galois connections and Grishin interactions. It concludes with an exploration of the generative capacity of the Lambek-Grishin calculus, presenting an embedding of lexicalized tree adjoining grammars into the Lambek-Grishin calculus.",2007,Computation and Language
arxiv-00027,27,"How to realize ""a sense of humour"" in computers ?","Computer model of a ""sense of humour"" suggested previously [arXiv:0711.2058, 0711.2061, 0711.2270] is raised to the level of a realistic algorithm.",2007,Computation and Language
arxiv-00028,28,Morphological annotation of Korean with Directly Maintainable Resources,"This article describes an exclusively resource-based method of morphological annotation of written Korean text. Korean is an agglutinative language. Our annotator is designed to process text before the operation of a syntactic parser. In its present state, it annotates one-stem words only. The output is a graph of morphemes annotated with accurate linguistic information. The granularity of the tagset is 3 to 5 times higher than usual tagsets. A comparison with a reference annotated corpus showed that it achieves 89% recall without any corpus training. The language resources used by the system are lexicons of stems, transducers of suffixes and transducers of generation of allomorphs. All can be easily updated, which allows users to control the evolution of the performances of the system. It has been claimed that morphological annotation of Korean text could only be performed by a morphological analysis module accessing a lexicon of morphemes. We show that it can also be performed directly with a lexicon of words and without applying morphological rules at annotation time, which speeds up annotation to 1,210 word/s. The lexicon of words is obtained from the maintainable language resources through a fully automated compilation process.",2006,Computation and Language
arxiv-00029,29,Lexicon management and standard formats,"International standards for lexicon formats are in preparation. To a certain extent, the proposed formats converge with prior results of standardization projects. However, their adequacy for (i) lexicon management and (ii) lexicon-driven applications have been little debated in the past, nor are they as a part of the present standardization effort. We examine these issues. IGM has developed XML formats compatible with the emerging international standards, and we report experimental results on large-coverage lexica.",2005,Computation and Language
arxiv-00030,30,In memoriam Maurice Gross,Maurice Gross (1934-2001) was both a great linguist and a pioneer in natural language processing. This article is written in homage to his memory,2005,Computation and Language
arxiv-00031,31,A resource-based Korean morphological annotation system,"We describe a resource-based method of morphological annotation of written Korean text. Korean is an agglutinative language. The output of our system is a graph of morphemes annotated with accurate linguistic information. The language resources used by the system can be easily updated, which allows us-ers to control the evolution of the per-formances of the system. We show that morphological annotation of Korean text can be performed directly with a lexicon of words and without morpho-logical rules.",2005,Computation and Language
arxiv-00032,32,Graphes param\'etr\'es et outils de lexicalisation,"Shifting to a lexicalized grammar reduces the number of parsing errors and improves application results. However, such an operation affects a syntactic parser in all its aspects. One of our research objectives is to design a realistic model for grammar lexicalization. We carried out experiments for which we used a grammar with a very simple content and formalism, and a very informative syntactic lexicon, the lexicon-grammar of French elaborated by the LADL. Lexicalization was performed by applying the parameterized-graph approach. Our results tend to show that most information in the lexicon-grammar can be transferred into a grammar and exploited successfully for the syntactic parsing of sentences.",2006,Computation and Language
arxiv-00033,33,Evaluation of a Grammar of French Determiners,"Existing syntactic grammars of natural languages, even with a far from complete coverage, are complex objects. Assessments of the quality of parts of such grammars are useful for the validation of their construction. We evaluated the quality of a grammar of French determiners that takes the form of a recursive transition network. The result of the application of this local grammar gives deeper syntactic information than chunking or information available in treebanks. We performed the evaluation by comparison with a corpus independently annotated with information on determiners. We obtained 86% precision and 92% recall on text not tagged for parts of speech.",2007,Computation and Language
arxiv-00034,34,Very strict selectional restrictions,"We discuss the characteristics and behaviour of two parallel classes of verbs in two Romance languages, French and Portuguese. Examples of these verbs are Port. abater [gado] and Fr. abattre [b\'etail], both meaning ""slaughter [cattle]"". In both languages, the definition of the class of verbs includes several features: - They have only one essential complement, which is a direct object. - The nominal distribution of the complement is very limited, i.e., few nouns can be selected as head nouns of the complement. However, this selection is not restricted to a single noun, as would be the case for verbal idioms such as Fr. monter la garde ""mount guard"". - We excluded from the class constructions which are reductions of more complex constructions, e.g. Port. afinar [instrumento] com ""tune [instrument] with"".",2006,Computation and Language
arxiv-00035,35,"Outilex, plate-forme logicielle de traitement de textes \'ecrits","The Outilex software platform, which will be made available to research, development and industry, comprises software components implementing all the fundamental operations of written text processing: processing without lexicons, exploitation of lexicons and grammars, language resource management. All data are structured in XML formats, and also in more compact formats, either readable or binary, whenever necessary; the required format converters are included in the platform; the grammar formats allow for combining statistical approaches with resource-based approaches. Manually constructed lexicons for French and English, originating from the LADL, and of substantial coverage, will be distributed with the platform under LGPL-LR license.",2006,Computation and Language
arxiv-00036,36,Let's get the student into the driver's seat,"Speaking a language and achieving proficiency in another one is a highly complex process which requires the acquisition of various kinds of knowledge and skills, like the learning of words, rules and patterns and their connection to communicative goals (intentions), the usual starting point. To help the learner to acquire these skills we propose an enhanced, electronic version of an age old method: pattern drills (henceforth PDs). While being highly regarded in the fifties, PDs have become unpopular since then, partially because of their lack of grounding (natural context) and rigidity. Despite these shortcomings we do believe in the virtues of this approach, at least with regard to the acquisition of basic linguistic reflexes or skills (automatisms), necessary to survive in the new language. Of course, the method needs improvement, and we will show here how this can be achieved. Unlike tapes or books, computers are open media, allowing for dynamic changes, taking users' performances and preferences into account. Building an electronic version of PDs amounts to building an open resource, accomodatable to the users' ever changing needs.",2007,Computation and Language
arxiv-00037,37,Valence extraction using EM selection and co-occurrence matrices,"This paper discusses two new procedures for extracting verb valences from raw texts, with an application to the Polish language. The first novel technique, the EM selection algorithm, performs unsupervised disambiguation of valence frame forests, obtained by applying a non-probabilistic deep grammar parser and some post-processing to the text. The second new idea concerns filtering of incorrect frames detected in the parsed text and is motivated by an observation that verbs which take similar arguments tend to have similar frames. This phenomenon is described in terms of newly introduced co-occurrence matrices. Using co-occurrence matrices, we split filtering into two steps. The list of valid arguments is first determined for each verb, whereas the pattern according to which the arguments are combined into frames is computed in the following stage. Our best extracted dictionary reaches an $F$-score of 45%, compared to an $F$-score of 39% for the standard frame-based BHT filtering.",2009,Computation and Language
arxiv-00038,38,Framework and Resources for Natural Language Parser Evaluation,"Because of the wide variety of contemporary practices used in the automatic syntactic parsing of natural languages, it has become necessary to analyze and evaluate the strengths and weaknesses of different approaches. This research is all the more necessary because there are currently no genre- and domain-independent parsers that are able to analyze unrestricted text with 100% preciseness (I use this term to refer to the correctness of analyses assigned by a parser). All these factors create a need for methods and resources that can be used to evaluate and compare parsing systems. This research describes: (1) A theoretical analysis of current achievements in parsing and parser evaluation. (2) A framework (called FEPa) that can be used to carry out practical parser evaluations and comparisons. (3) A set of new evaluation resources: FiEval is a Finnish treebank under construction, and MGTS and RobSet are parser evaluation resources in English. (4) The results of experiments in which the developed evaluation framework and the two resources for English were used for evaluating a set of selected parsers.",2007,Computation and Language
arxiv-00039,39,The emerging field of language dynamics,"A simple review by a linguist, citing many articles by physicists: Quantitative methods, agent-based computer simulations, language dynamics, language typology, historical linguistics",2008,Computation and Language
arxiv-00040,40,A Comparison of natural (english) and artificial (esperanto) languages. A Multifractal method based analysis,"We present a comparison of two english texts, written by Lewis Carroll, one (Alice in wonderland) and the other (Through a looking glass), the former translated into esperanto, in order to observe whether natural and artificial languages significantly differ from each other. We construct one dimensional time series like signals using either word lengths or word frequencies. We use the multifractal ideas for sorting out correlations in the writings. In order to check the robustness of the methods we also write the corresponding shuffled texts. We compare characteristic functions and e.g. observe marked differences in the (far from parabolic) f(alpha) curves, differences which we attribute to Tsallis non extensive statistical features in the ''frequency time series'' and ''length time series''. The esperanto text has more extreme vallues. A very rough approximation consists in modeling the texts as a random Cantor set if resulting from a binomial cascade of long and short words (or words and blanks). This leads to parameters characterizing the text style, and most likely in fine the author writings.",2008,Computation and Language
arxiv-00041,41,"Online-concordance ""Perekhresni stezhky"" (""The Cross-Paths""), a novel by Ivan Franko","In the article, theoretical principles and practical realization for the compilation of the concordance to ""Perekhresni stezhky"" (""The Cross-Paths""), a novel by Ivan Franko, are described. Two forms for the context presentation are proposed. The electronic version of this lexicographic work is available online.",2006,Computation and Language
arxiv-00042,42,"Robustness Evaluation of Two CCG, a PCFG and a Link Grammar Parsers","Robustness in a parser refers to an ability to deal with exceptional phenomena. A parser is robust if it deals with phenomena outside its normal range of inputs. This paper reports on a series of robustness evaluations of state-of-the-art parsers in which we concentrated on one aspect of robustness: its ability to parse sentences containing misspelled words. We propose two measures for robustness evaluation based on a comparison of a parser's output for grammatical input sentences and their noisy counterparts. In this paper, we use these measures to compare the overall robustness of the four evaluated parsers, and we present an analysis of the decline in parser performance with increasing error levels. Our results indicate that performance typically declines tens of percentage units when parsers are presented with texts containing misspellings. When it was tested on our purpose-built test set of 443 sentences, the best parser in the experiment (C&C parser) was able to return exactly the same parse tree for the grammatical and ungrammatical sentences for 60.8%, 34.0% and 14.9% of the sentences with one, two or three misspelled words respectively.",2007,Computation and Language
arxiv-00043,43,Between conjecture and memento: shaping a collective emotional perception of the future,"Large scale surveys of public mood are costly and often impractical to perform. However, the web is awash with material indicative of public mood such as blogs, emails, and web queries. Inexpensive content analysis on such extensive corpora can be used to assess public mood fluctuations. The work presented here is concerned with the analysis of the public mood towards the future. Using an extension of the Profile of Mood States questionnaire, we have extracted mood indicators from 10,741 emails submitted in 2006 to futureme.org, a web service that allows its users to send themselves emails to be delivered at a later date. Our results indicate long-term optimism toward the future, but medium-term apprehension and confusion.",2008,Computation and Language
arxiv-00044,44,Methods to integrate a language model with semantic information for a word prediction component,"Most current word prediction systems make use of n-gram language models (LM) to estimate the probability of the following word in a phrase. In the past years there have been many attempts to enrich such language models with further syntactic or semantic information. We want to explore the predictive powers of Latent Semantic Analysis (LSA), a method that has been shown to provide reliable information on long-distance semantic dependencies between words in a context. We present and evaluate here several methods that integrate LSA-based information with a standard language model: a semantic cache, partial reranking, and different forms of interpolation. We found that all methods show significant improvements, compared to the 4-gram baseline, and most of them to a simple cache model as well.",2008,Computation and Language
arxiv-00045,45,"Concerning Olga, the Beautiful Little Street Dancer (Adjectives as Higher-Order Polymorphic Functions)","In this paper we suggest a typed compositional seman-tics for nominal compounds of the form [Adj Noun] that models adjectives as higher-order polymorphic functions, and where types are assumed to represent concepts in an ontology that reflects our commonsense view of the world and the way we talk about it in or-dinary language. In addition to [Adj Noun] compounds our proposal seems also to suggest a plausible explana-tion for well known adjective ordering restrictions.",2008,Computation and Language
arxiv-00046,46,"Textual Fingerprinting with Texts from Parkin, Bassewitz, and Leander","Current research in author profiling to discover a legal author's fingerprint does not only follow examinations based on statistical parameters only but include more and more dynamic methods that can learn and that react adaptable to the specific behavior of an author. But the question on how to appropriately represent a text is still one of the fundamental tasks, and the problem of which attribute should be used to fingerprint the author's style is still not exactly defined. In this work, we focus on linguistic selection of attributes to fingerprint the style of the authors Parkin, Bassewitz and Leander. We use texts of the genre Fairy Tale as it has a clear style and texts of a shorter size with a straightforward story-line and a simple language.",2008,Computation and Language
arxiv-00047,47,Some properties of the Ukrainian writing system,We investigate the grapheme-phoneme relation in Ukrainian and some properties of the Ukrainian version of the Cyrillic alphabet.,2008,Computation and Language
arxiv-00048,48,The Generation of Textual Entailment with NLML in an Intelligent Dialogue system for Language Learning CSIEC,"This research report introduces the generation of textual entailment within the project CSIEC (Computer Simulation in Educational Communication), an interactive web-based human-computer dialogue system with natural language for English instruction. The generation of textual entailment (GTE) is critical to the further improvement of CSIEC project. Up to now we have found few literatures related with GTE. Simulating the process that a human being learns English as a foreign language we explore our naive approach to tackle the GTE problem and its algorithm within the framework of CSIEC, i.e. rule annotation in NLML, pattern recognition (matching), and entailment transformation. The time and space complexity of our algorithm is tested with some entailment examples. Further works include the rules annotation based on the English textbooks and a GUI interface for normal users to edit the entailment rules.",2008,Computation and Language
arxiv-00049,49,Figuring out Actors in Text Streams: Using Collocations to establish Incremental Mind-maps,"The recognition, involvement, and description of main actors influences the story line of the whole text. This is of higher importance as the text per se represents a flow of words and expressions that once it is read it is lost. In this respect, the understanding of a text and moreover on how the actor exactly behaves is not only a major concern: as human beings try to store a given input on short-term memory while associating diverse aspects and actors with incidents, the following approach represents a virtual architecture, where collocations are concerned and taken as the associative completion of the actors' acting. Once that collocations are discovered, they become managed in separated memory blocks broken down by the actors. As for human beings, the memory blocks refer to associative mind-maps. We then present several priority functions to represent the actual temporal situation inside a mind-map to enable the user to reconstruct the recent events from the discovered temporal results.",2008,Computation and Language
arxiv-09000,9000,Leap-LSTM: Enhancing Long Short-Term Memory for Text Categorization,"Recurrent Neural Networks (RNNs) are widely used in the field of natural language processing (NLP), ranging from text categorization to question answering and machine translation. However, RNNs generally read the whole text from beginning to end or vice versa sometimes, which makes it inefficient to process long texts. When reading a long document for a categorization task, such as topic categorization, large quantities of words are irrelevant and can be skipped. To this end, we propose Leap-LSTM, an LSTM-enhanced model which dynamically leaps between words while reading texts. At each step, we utilize several feature encoders to extract messages from preceding texts, following texts and the current word, and then determine whether to skip the current word. We evaluate Leap-LSTM on several text categorization tasks: sentiment analysis, news categorization, ontology classification and topic classification, with five benchmark data sets. The experimental results show that our model reads faster and predicts better than standard LSTM. Compared to previous models which can also skip words, our model achieves better trade-offs between performance and efficiency.",2019,Computation and Language
arxiv-09001,9001,Unsupervised End-to-End Learning of Discrete Linguistic Units for Voice Conversion,"We present an unsupervised end-to-end training scheme where we discover discrete subword units from speech without using any labels. The discrete subword units are learned under an ASR-TTS autoencoder reconstruction setting, where an ASR-Encoder is trained to discover a set of common linguistic units given a variety of speakers, and a TTS-Decoder trained to project the discovered units back to the designated speech. We propose a discrete encoding method, Multilabel-Binary Vectors (MBV), to make the ASR-TTS autoencoder differentiable. We found that the proposed encoding method offers automatic extraction of speech content from speaker style, and is sufficient to cover full linguistic content in a given language. Therefore, the TTS-Decoder can synthesize speech with the same content as the input of ASR-Encoder but with different speaker characteristics, which achieves voice conversion (VC). We further improve the quality of VC using adversarial training, where we train a TTS-Patcher that augments the output of TTS-Decoder. Objective and subjective evaluations show that the proposed approach offers strong VC results as it eliminates speaker identity while preserving content within speech. In the ZeroSpeech 2019 Challenge, we achieved outstanding performance in terms of low bitrate.",2019,Computation and Language
arxiv-09002,9002,DSReg: Using Distant Supervision as a Regularizer,"In this paper, we aim at tackling a general issue in NLP tasks where some of the negative examples are highly similar to the positive examples, i.e., hard-negative examples. We propose the distant supervision as a regularizer (DSReg) approach to tackle this issue. The original task is converted to a multi-task learning problem, in which distant supervision is used to retrieve hard-negative examples. The obtained hard-negative examples are then used as a regularizer. The original target objective of distinguishing positive examples from negative examples is jointly optimized with the auxiliary task objective of distinguishing softened positive (i.e., hard-negative examples plus positive examples) from easy-negative examples. In the neural context, this can be done by outputting the same representation from the last neural layer to different $softmax$ functions. Using this strategy, we can improve the performance of baseline models in a range of different NLP tasks, including text classification, sequence labeling and reading comprehension.",2019,Computation and Language
arxiv-09003,9003,On Measuring Gender Bias in Translation of Gender-neutral Pronouns,"Ethics regarding social bias has recently thrown striking issues in natural language processing. Especially for gender-related topics, the need for a system that reduces the model bias has grown in areas such as image captioning, content recommendation, and automated employment. However, detection and evaluation of gender bias in the machine translation systems are not yet thoroughly investigated, for the task being cross-lingual and challenging to define. In this paper, we propose a scheme for making up a test set that evaluates the gender bias in a machine translation system, with Korean, a language with gender-neutral pronouns. Three word/phrase sets are primarily constructed, each incorporating positive/negative expressions or occupations; all the terms are gender-independent or at least not biased to one side severely. Then, additional sentence lists are constructed concerning formality of the pronouns and politeness of the sentences. With the generated sentence set of size 4,236 in total, we evaluate gender bias in conventional machine translation systems utilizing the proposed measure, which is termed here as translation gender bias index (TGBI). The corpus and the code for evaluation is available on-line.",2019,Computation and Language
arxiv-09004,9004,Extracting adverse drug reactions and their context using sequence labelling ensembles in TAC2017,"Adverse drug reactions (ADRs) are unwanted or harmful effects experienced after the administration of a certain drug or a combination of drugs, presenting a challenge for drug development and drug administration. In this paper, we present a set of taggers for extracting adverse drug reactions and related entities, including factors, severity, negations, drug class and animal. The systems used a mix of rule-based, machine learning (CRF) and deep learning (BLSTM with word2vec embeddings) methodologies in order to annotate the data. The systems were submitted to adverse drug reaction shared task, organised during Text Analytics Conference in 2017 by National Institute for Standards and Technology, archiving F1-scores of 76.00 and 75.61 respectively.",2017,Computation and Language
arxiv-09005,9005,An Incremental Turn-Taking Model For Task-Oriented Dialog Systems,"In a human-machine dialog scenario, deciding the appropriate time for the machine to take the turn is an open research problem. In contrast, humans engaged in conversations are able to timely decide when to interrupt the speaker for competitive or non-competitive reasons. In state-of-the-art turn-by-turn dialog systems the decision on the next dialog action is taken at the end of the utterance. In this paper, we propose a token-by-token prediction of the dialog state from incremental transcriptions of the user utterance. To identify the point of maximal understanding in an ongoing utterance, we a) implement an incremental Dialog State Tracker which is updated on a token basis (iDST) b) re-label the Dialog State Tracking Challenge 2 (DSTC2) dataset and c) adapt it to the incremental turn-taking experimental scenario. The re-labeling consists of assigning a binary value to each token in the user utterance that allows to identify the appropriate point for taking the turn. Finally, we implement an incremental Turn Taking Decider (iTTD) that is trained on these new labels for the turn-taking decision. We show that the proposed model can achieve a better performance compared to a deterministic handcrafted turn-taking algorithm.",2019,Computation and Language
arxiv-09006,9006,Interpreting and improving natural-language processing (in machines) with natural language-processing (in the brain),"Neural networks models for NLP are typically implemented without the explicit encoding of language rules and yet they are able to break one performance record after another. This has generated a lot of research interest in interpreting the representations learned by these networks. We propose here a novel interpretation approach that relies on the only processing system we have that does understand language: the human brain. We use brain imaging recordings of subjects reading complex natural text to interpret word and sequence embeddings from 4 recent NLP models - ELMo, USE, BERT and Transformer-XL. We study how their representations differ across layer depth, context length, and attention type. Our results reveal differences in the context-related representations across these models. Further, in the transformer models, we find an interaction between layer depth and context length, and between layer depth and attention type. We finally hypothesize that altering BERT to better align with brain recordings would enable it to also better understand language. Probing the altered BERT using syntactic NLP tasks reveals that the model with increased brain-alignment outperforms the original model. Cognitive neuroscientists have already begun using NLP networks to study the brain, and this work closes the loop to allow the interaction between NLP and cognitive neuroscience to be a true cross-pollination.",2019,Computation and Language
arxiv-09007,9007,Specific polysemy of the brief sapiential units,"In this paper we explain how we deal with the problems related to the constitution of the Aliento database, the complexity of which has to do with the type of phrases we work with, the differences between languages, the type of information we want to see emerge. The correct tagging of the specific polysemy of brief sapiential units is an important step in the preparation of the text within the corpus which will be submitted to compute similarities and posterity of the units.",2010,Computation and Language
arxiv-09008,9008,Miss Tools and Mr Fruit: Emergent communication in agents learning about object affordances,"Recent research studies communication emergence in communities of deep network agents assigned a joint task, hoping to gain insights on human language evolution. We propose here a new task capturing crucial aspects of the human environment, such as natural object affordances, and of human conversation, such as full symmetry among the participants. By conducting a thorough pragmatic and semantic analysis of the emergent protocol, we show that the agents solve the shared task through genuine bilateral, referential communication. However, the agents develop multiple idiolects, which makes us conclude that full symmetry is not a sufficient condition for a common language to emerge.",2019,Computation and Language
arxiv-09009,9009,Revisiting Low-Resource Neural Machine Translation: A Case Study,"It has been shown that the performance of neural machine translation (NMT) drops starkly in low-resource conditions, underperforming phrase-based statistical machine translation (PBSMT) and requiring large amounts of auxiliary data to achieve competitive results. In this paper, we re-assess the validity of these results, arguing that they are the result of lack of system adaptation to low-resource settings. We discuss some pitfalls to be aware of when training low-resource NMT systems, and recent techniques that have shown to be especially helpful in low-resource settings, resulting in a set of best practices for low-resource NMT. In our experiments on German--English with different amounts of IWSLT14 training data, we show that, without the use of any auxiliary monolingual or multilingual data, an optimized NMT system can outperform PBSMT with far less data than previously claimed. We also apply these techniques to a low-resource Korean-English dataset, surpassing previously reported results by 4 BLEU.",2019,Computation and Language
arxiv-09010,9010,A Cross-Domain Transferable Neural Coherence Model,"Coherence is an important aspect of text quality and is crucial for ensuring its readability. One important limitation of existing coherence models is that training on one domain does not easily generalize to unseen categories of text. Previous work advocates for generative models for cross-domain generalization, because for discriminative models, the space of incoherent sentence orderings to discriminate against during training is prohibitively large. In this work, we propose a local discriminative neural model with a much smaller negative sampling space that can efficiently learn against incorrect orderings. The proposed coherence model is simple in structure, yet it significantly outperforms previous state-of-art methods on a standard benchmark dataset on the Wall Street Journal corpus, as well as in multiple new challenging settings of transfer to unseen categories of discourse on Wikipedia articles.",2019,Computation and Language
arxiv-09011,9011,On Variational Learning of Controllable Representations for Text without Supervision,"The variational autoencoder (VAE) can learn the manifold of natural images on certain datasets, as evidenced by meaningful interpolating or extrapolating in the continuous latent space. However, on discrete data such as text, it is unclear if unsupervised learning can discover similar latent space that allows controllable manipulation. In this work, we find that sequence VAEs trained on text fail to properly decode when the latent codes are manipulated, because the modified codes often land in holes or vacant regions in the aggregated posterior latent space, where the decoding network fails to generalize. Both as a validation of the explanation and as a fix to the problem, we propose to constrain the posterior mean to a learned probability simplex, and performs manipulation within this simplex. Our proposed method mitigates the latent vacancy problem and achieves the first success in unsupervised learning of controllable representations for text. Empirically, our method outperforms unsupervised baselines and strong supervised approaches on text style transfer, and is capable of performing more flexible fine-grained control over text generation than existing methods.",2020,Computation and Language
arxiv-09012,9012,Automatic Ambiguity Detection,"Most work on sense disambiguation presumes that one knows beforehand -- e.g. from a thesaurus -- a set of polysemous terms. But published lists invariably give only partial coverage. For example, the English word tan has several obvious senses, but one may overlook the abbreviation for tangent. In this paper, we present an algorithm for identifying interesting polysemous terms and measuring their degree of polysemy, given an unlabeled corpus. The algorithm involves: (i) collecting all terms within a k-term window of the target term; (ii) computing the inter-term distances of the contextual terms, and reducing the multi-dimensional distance space to two dimensions using standard methods; (iii) converting the two-dimensional representation into radial coordinates and using isotonic/antitonic regression to compute the degree to which the distribution deviates from a single-peak model. The amount of deviation is the proposed polysemy index",1998,Computation and Language
arxiv-09013,9013,SEMA: an Extended Semantic Evaluation Metric for AMR,"Abstract Meaning Representation (AMR) is a recently designed semantic representation language intended to capture the meaning of a sentence, which may be represented as a single-rooted directed acyclic graph with labeled nodes and edges. The automatic evaluation of this structure plays an important role in the development of better systems, as well as for semantic annotation. Despite there is one available metric, smatch, it has some drawbacks. For instance, smatch creates a self-relation on the root of the graph, has weights for different error types, and does not take into account the dependence of the elements in the AMR structure. With these drawbacks, smatch masks several problems of the AMR parsers and distorts the evaluation of the AMRs. In view of this, in this paper, we introduce an extended metric to evaluate AMR parsers, which deals with the drawbacks of the smatch metric. Finally, we compare both metrics, using four well-known AMR parsers, and we argue that our metric is more refined, robust, fairer, and faster than smatch.",2019,Computation and Language
arxiv-09014,9014,Parallax: Visualizing and Understanding the Semantics of Embedding Spaces via Algebraic Formulae,"Embeddings are a fundamental component of many modern machine learning and natural language processing models. Understanding them and visualizing them is essential for gathering insights about the information they capture and the behavior of the models. State of the art in analyzing embeddings consists in projecting them in two-dimensional planes without any interpretable semantics associated to the axes of the projection, which makes detailed analyses and comparison among multiple sets of embeddings challenging. In this work, we propose to use explicit axes defined as algebraic formulae over embeddings to project them into a lower dimensional, but semantically meaningful subspace, as a simple yet effective analysis and visualization methodology. This methodology assigns an interpretable semantics to the measures of variability and the axes of visualizations, allowing for both comparisons among different sets of embeddings and fine-grained inspection of the embedding spaces. We demonstrate the power of the proposed methodology through a series of case studies that make use of visualizations constructed around the underlying methodology and through a user study. The results show how the methodology is effective at providing more profound insights than classical projection methods and how it is widely applicable to many other use cases.",2019,Computation and Language
arxiv-09015,9015,Ensuring Readability and Data-fidelity using Head-modifier Templates in Deep Type Description Generation,"A type description is a succinct noun compound which helps human and machines to quickly grasp the informative and distinctive information of an entity. Entities in most knowledge graphs (KGs) still lack such descriptions, thus calling for automatic methods to supplement such information. However, existing generative methods either overlook the grammatical structure or make factual mistakes in generated texts. To solve these problems, we propose a head-modifier template-based method to ensure the readability and data fidelity of generated type descriptions. We also propose a new dataset and two automatic metrics for this task. Experiments show that our method improves substantially compared with baselines and achieves state-of-the-art performance on both datasets.",2019,Computation and Language
arxiv-09016,9016,Guided Source Separation Meets a Strong ASR Backend: Hitachi/Paderborn University Joint Investigation for Dinner Party ASR,"In this paper, we present Hitachi and Paderborn University's joint effort for automatic speech recognition (ASR) in a dinner party scenario. The main challenges of ASR systems for dinner party recordings obtained by multiple microphone arrays are (1) heavy speech overlaps, (2) severe noise and reverberation, (3) very natural conversational content, and possibly (4) insufficient training data. As an example of a dinner party scenario, we have chosen the data presented during the CHiME-5 speech recognition challenge, where the baseline ASR had a 73.3% word error rate (WER), and even the best performing system at the CHiME-5 challenge had a 46.1% WER. We extensively investigated a combination of the guided source separation-based speech enhancement technique and an already proposed strong ASR backend and found that a tight combination of these techniques provided substantial accuracy improvements. Our final system achieved WERs of 39.94% and 41.64% for the development and evaluation data, respectively, both of which are the best published results for the dataset. We also investigated with additional training data on the official small data in the CHiME-5 corpus to assess the intrinsic difficulty of this ASR task.",2019,Computation and Language
arxiv-09017,9017,Learning Multilingual Word Embeddings Using Image-Text Data,"There has been significant interest recently in learning multilingual word embeddings -- in which semantically similar words across languages have similar embeddings. State-of-the-art approaches have relied on expensive labeled data, which is unavailable for low-resource languages, or have involved post-hoc unification of monolingual embeddings. In the present paper, we investigate the efficacy of multilingual embeddings learned from weakly-supervised image-text data. In particular, we propose methods for learning multilingual embeddings using image-text data, by enforcing similarity between the representations of the image and that of the text. Our experiments reveal that even without using any expensive labeled data, a bag-of-words-based embedding model trained on image-text data achieves performance comparable to the state-of-the-art on crosslingual semantic similarity tasks.",2020,Computation and Language
arxiv-09018,9018,Learning Task-specific Representation for Novel Words in Sequence Labeling,"Word representation is a key component in neural-network-based sequence labeling systems. However, representations of unseen or rare words trained on the end task are usually poor for appreciable performance. This is commonly referred to as the out-of-vocabulary (OOV) problem. In this work, we address the OOV problem in sequence labeling using only training data of the task. To this end, we propose a novel method to predict representations for OOV words from their surface-forms (e.g., character sequence) and contexts. The method is specifically designed to avoid the error propagation problem suffered by existing approaches in the same paradigm. To evaluate its effectiveness, we performed extensive empirical studies on four part-of-speech tagging (POS) tasks and four named entity recognition (NER) tasks. Experimental results show that the proposed method can achieve better or competitive performance on the OOV problem compared with existing state-of-the-art methods.",2019,Computation and Language
arxiv-09019,9019,Revision in Continuous Space: Unsupervised Text Style Transfer without Adversarial Learning,"Typical methods for unsupervised text style transfer often rely on two key ingredients: 1) seeking the explicit disentanglement of the content and the attributes, and 2) troublesome adversarial learning. In this paper, we show that neither of these components is indispensable. We propose a new framework that utilizes the gradients to revise the sentence in a continuous space during inference to achieve text style transfer. Our method consists of three key components: a variational auto-encoder (VAE), some attribute predictors (one for each attribute), and a content predictor. The VAE and the two types of predictors enable us to perform gradient-based optimization in the continuous space, which is mapped from sentences in a discrete space, to find the representation of a target sentence with the desired attributes and preserved content. Moreover, the proposed method naturally has the ability to simultaneously manipulate multiple fine-grained attributes, such as sentence length and the presence of specific words, when performing text style transfer tasks. Compared with previous adversarial learning based methods, the proposed method is more interpretable, controllable and easier to train. Extensive experimental studies on three popular text style transfer tasks show that the proposed method significantly outperforms five state-of-the-art methods.",2019,Computation and Language
arxiv-09020,9020,Word-order biases in deep-agent emergent communication,"Sequence-processing neural networks led to remarkable progress on many NLP tasks. As a consequence, there has been increasing interest in understanding to what extent they process language as humans do. We aim here to uncover which biases such models display with respect to ""natural"" word-order constraints. We train models to communicate about paths in a simple gridworld, using miniature languages that reflect or violate various natural language trends, such as the tendency to avoid redundancy or to minimize long-distance dependencies. We study how the controlled characteristics of our miniature languages affect individual learning and their stability across multiple network generations. The results draw a mixed picture. On the one hand, neural networks show a strong tendency to avoid long-distance dependencies. On the other hand, there is no clear preference for the efficient, non-redundant encoding of information that is widely attested in natural language. We thus suggest inoculating a notion of ""effort"" into neural networks, as a possible way to make their linguistic behavior more human-like.",2019,Computation and Language
arxiv-09021,9021,TopExNet: Entity-Centric Network Topic Exploration in News Streams,"The recent introduction of entity-centric implicit network representations of unstructured text offers novel ways for exploring entity relations in document collections and streams efficiently and interactively. Here, we present TopExNet as a tool for exploring entity-centric network topics in streams of news articles. The application is available as a web service at https://topexnet.ifi.uni-heidelberg.de/ .",2019,Computation and Language
arxiv-09022,9022,Racial Bias in Hate Speech and Abusive Language Detection Datasets,"Technologies for abusive language detection are being developed and applied with little consideration of their potential biases. We examine racial bias in five different sets of Twitter data annotated for hate speech and abusive language. We train classifiers on these datasets and compare the predictions of these classifiers on tweets written in African-American English with those written in Standard American English. The results show evidence of systematic racial bias in all datasets, as classifiers trained on them tend to predict that tweets written in African-American English are abusive at substantially higher rates. If these abusive language detection systems are used in the field they will therefore have a disproportionate negative impact on African-American social media users. Consequently, these systems may discriminate against the groups who are often the targets of the abuse we are trying to detect.",2019,Computation and Language
arxiv-09023,9023,Anti-efficient encoding in emergent communication,"Despite renewed interest in emergent language simulations with neural networks, little is known about the basic properties of the induced code, and how they compare to human language. One fundamental characteristic of the latter, known as Zipf's Law of Abbreviation (ZLA), is that more frequent words are efficiently associated to shorter strings. We study whether the same pattern emerges when two neural networks, a ""speaker"" and a ""listener"", are trained to play a signaling game. Surprisingly, we find that networks develop an \emph{anti-efficient} encoding scheme, in which the most frequent inputs are associated to the longest messages, and messages in general are skewed towards the maximum length threshold. This anti-efficient code appears easier to discriminate for the listener, and, unlike in human communication, the speaker does not impose a contrasting least-effort pressure towards brevity. Indeed, when the cost function includes a penalty for longer messages, the resulting message distribution starts respecting ZLA. Our analysis stresses the importance of studying the basic features of emergent communication in a highly controlled setup, to ensure the latter will not strand too far from human language. Moreover, we present a concrete illustration of how different functional pressures can lead to successful communication codes that lack basic properties of human language, thus highlighting the role such pressures play in the latter.",2019,Computation and Language
arxiv-09024,9024,Towards better substitution-based word sense induction,"Word sense induction (WSI) is the task of unsupervised clustering of word usages within a sentence to distinguish senses. Recent work obtain strong results by clustering lexical substitutes derived from pre-trained RNN language models (ELMo). Adapting the method to BERT improves the scores even further. We extend the previous method to support a dynamic rather than a fixed number of clusters as supported by other prominent methods, and propose a method for interpreting the resulting clusters by associating them with their most informative substitutes. We then perform extensive error analysis revealing the remaining sources of errors in the WSI task. Our code is available at https://github.com/asafamr/bertwsi.",2019,Computation and Language
arxiv-09025,9025,Defending Against Neural Fake News,"Recent progress in natural language generation has raised dual-use concerns. While applications like summarization and translation are positive, the underlying technology also might enable adversaries to generate neural fake news: targeted propaganda that closely mimics the style of real news. Modern computer security relies on careful threat modeling: identifying potential threats and vulnerabilities from an adversary's point of view, and exploring potential mitigations to these threats. Likewise, developing robust defenses against neural fake news requires us first to carefully investigate and characterize the risks of these models. We thus present a model for controllable text generation called Grover. Given a headline like `Link Found Between Vaccines and Autism,' Grover can generate the rest of the article; humans find these generations to be more trustworthy than human-written disinformation. Developing robust verification techniques against generators like Grover is critical. We find that best current discriminators can classify neural fake news from real, human-written, news with 73% accuracy, assuming access to a moderate level of training data. Counterintuitively, the best defense against Grover turns out to be Grover itself, with 92% accuracy, demonstrating the importance of public release of strong generators. We investigate these results further, showing that exposure bias -- and sampling strategies that alleviate its effects -- both leave artifacts that similar discriminators can pick up on. We conclude by discussing ethical issues regarding the technology, and plan to release Grover publicly, helping pave the way for better detection of neural fake news.",2020,Computation and Language
arxiv-09026,9026,The (Non-)Utility of Structural Features in BiLSTM-based Dependency Parsers,"Classical non-neural dependency parsers put considerable effort on the design of feature functions. Especially, they benefit from information coming from structural features, such as features drawn from neighboring tokens in the dependency tree. In contrast, their BiLSTM-based successors achieve state-of-the-art performance without explicit information about the structural context. In this paper we aim to answer the question: How much structural context are the BiLSTM representations able to capture implicitly? We show that features drawn from partial subtrees become redundant when the BiLSTMs are used. We provide a deep insight into information flow in transition- and graph-based neural architectures to demonstrate where the implicit information comes from when the parsers make their decisions. Finally, with model ablations we demonstrate that the structural context is not only present in the models, but it significantly influences their performance.",2019,Computation and Language
arxiv-09027,9027,Choosing Transfer Languages for Cross-Lingual Learning,"Cross-lingual transfer, where a high-resource transfer language is used to improve the accuracy of a low-resource task language, is now an invaluable tool for improving performance of natural language processing (NLP) on low-resource languages. However, given a particular task language, it is not clear which language to transfer from, and the standard strategy is to select languages based on ad hoc criteria, usually the intuition of the experimenter. Since a large number of features contribute to the success of cross-lingual transfer (including phylogenetic similarity, typological properties, lexical overlap, or size of available data), even the most enlightened experimenter rarely considers all these factors for the particular task at hand. In this paper, we consider this task of automatically selecting optimal transfer languages as a ranking problem, and build models that consider the aforementioned features to perform this prediction. In experiments on representative NLP tasks, we demonstrate that our model predicts good transfer languages much better than ad hoc baselines considering single features in isolation, and glean insights on what features are most informative for each different NLP tasks, which may inform future ad hoc selection even without use of our method. Code, data, and pre-trained models are available at https://github.com/neulab/langrank",2019,Computation and Language
arxiv-09028,9028,Geolocating Political Events in Text,"This work introduces a general method for automatically finding the locations where political events in text occurred. Using a novel set of 8,000 labeled sentences, I create a method to link automatically extracted events and locations in text. The model achieves human level performance on the annotation task and outperforms previous event geolocation systems. It can be applied to most event extraction systems across geographic contexts. I formalize the event--location linking task, describe the neural network model, describe the potential uses of such a system in political science, and demonstrate a workflow to answer an open question on the role of conventional military offensives in causing civilian casualties in the Syrian civil war.",2019,Computation and Language
arxiv-09029,9029,Large Scale Question Paraphrase Retrieval with Smoothed Deep Metric Learning,"The goal of a Question Paraphrase Retrieval (QPR) system is to retrieve equivalent questions that result in the same answer as the original question. Such a system can be used to understand and answer rare and noisy reformulations of common questions by mapping them to a set of canonical forms. This has large-scale applications for community Question Answering (cQA) and open-domain spoken language question answering systems. In this paper we describe a new QPR system implemented as a Neural Information Retrieval (NIR) system consisting of a neural network sentence encoder and an approximate k-Nearest Neighbour index for efficient vector retrieval. We also describe our mechanism to generate an annotated dataset for question paraphrase retrieval experiments automatically from question-answer logs via distant supervision. We show that the standard loss function in NIR, triplet loss, does not perform well with noisy labels. We propose smoothed deep metric loss (SDML) and with our experiments on two QPR datasets we show that it significantly outperforms triplet loss in the noisy label setting.",2019,Computation and Language
arxiv-09030,9030,Reducing Gender Bias in Word-Level Language Models with a Gender-Equalizing Loss Function,"Gender bias exists in natural language datasets which neural language models tend to learn, resulting in biased text generation. In this research, we propose a debiasing approach based on the loss function modification. We introduce a new term to the loss function which attempts to equalize the probabilities of male and female words in the output. Using an array of bias evaluation metrics, we provide empirical evidence that our approach successfully mitigates gender bias in language models without increasing perplexity. In comparison to existing debiasing strategies, data augmentation, and word embedding debiasing, our method performs better in several aspects, especially in reducing gender bias in occupation words. Finally, we introduce a combination of data augmentation and our approach, and show that it outperforms existing strategies in all bias evaluation metrics.",2019,Computation and Language
arxiv-09031,9031,A Simple but Effective Method to Incorporate Multi-turn Context with BERT for Conversational Machine Comprehension,"Conversational machine comprehension (CMC) requires understanding the context of multi-turn dialogue. Using BERT, a pre-training language model, has been successful for single-turn machine comprehension, while modeling multiple turns of question answering with BERT has not been established because BERT has a limit on the number and the length of input sequences. In this paper, we propose a simple but effective method with BERT for CMC. Our method uses BERT to encode a paragraph independently conditioned with each question and each answer in a multi-turn context. Then, the method predicts an answer on the basis of the paragraph representations encoded with BERT. The experiments with representative CMC datasets, QuAC and CoQA, show that our method outperformed recently published methods (+0.8 F1 on QuAC and +2.1 F1 on CoQA). In addition, we conducted a detailed analysis of the effects of the number and types of dialogue history on the accuracy of CMC, and we found that the gold answer history, which may not be given in an actual conversation, contributed to the model performance most on both datasets.",2019,Computation and Language
arxiv-09032,9032,Semantically Conditioned Dialog Response Generation via Hierarchical Disentangled Self-Attention,"Semantically controlled neural response generation on limited-domain has achieved great performance. However, moving towards multi-domain large-scale scenarios are shown to be difficult because the possible combinations of semantic inputs grow exponentially with the number of domains. To alleviate such scalability issue, we exploit the structure of dialog acts to build a multi-layer hierarchical graph, where each act is represented as a root-to-leaf route on the graph. Then, we incorporate such graph structure prior as an inductive bias to build a hierarchical disentangled self-attention network, where we disentangle attention heads to model designated nodes on the dialog act graph. By activating different (disentangled) heads at each layer, combinatorially many dialog act semantics can be modeled to control the neural response generation. On the large-scale Multi-Domain-WOZ dataset, our model can yield a significant improvement over the baselines on various automatic and human evaluation metrics.",2019,Computation and Language
arxiv-09033,9033,M-GWAP: An Online and Multimodal Game With A Purpose in WordPress for Mental States Annotation,"M-GWAP is a multimodal game with a purpose of that leverages on the wisdom of crowds phenomenon for the annotation of multimedia data in terms of mental states. This game with a purpose is developed in WordPress to allow users implementing the game without programming skills. The game adopts motivational strategies for the player to remain engaged, such as a score system, text motivators while playing, a ranking system to foster competition and mechanics for identify building. The current version of the game was deployed after alpha and beta testing helped refining the game accordingly.",2019,Computation and Language
arxiv-09034,9034,A Compare-Aggregate Model with Latent Clustering for Answer Selection,"In this paper, we propose a novel method for a sentence-level answer-selection task that is a fundamental problem in natural language processing. First, we explore the effect of additional information by adopting a pretrained language model to compute the vector representation of the input text and by applying transfer learning from a large-scale corpus. Second, we enhance the compare-aggregate model by proposing a novel latent clustering method to compute additional information within the target corpus and by changing the objective function from listwise to pointwise. To evaluate the performance of the proposed approaches, experiments are performed with the WikiQA and TREC-QA datasets. The empirical results demonstrate the superiority of our proposed approach, which achieve state-of-the-art performance for both datasets.",2019,Computation and Language
arxiv-09035,9035,Controllable Unsupervised Text Attribute Transfer via Editing Entangled Latent Representation,"Unsupervised text attribute transfer automatically transforms a text to alter a specific attribute (e.g. sentiment) without using any parallel data, while simultaneously preserving its attribute-independent content. The dominant approaches are trying to model the content-independent attribute separately, e.g., learning different attributes' representations or using multiple attribute-specific decoders. However, it may lead to inflexibility from the perspective of controlling the degree of transfer or transferring over multiple aspects at the same time. To address the above problems, we propose a more flexible unsupervised text attribute transfer framework which replaces the process of modeling attribute with minimal editing of latent representations based on an attribute classifier. Specifically, we first propose a Transformer-based autoencoder to learn an entangled latent representation for a discrete text, then we transform the attribute transfer task to an optimization problem and propose the Fast-Gradient-Iterative-Modification algorithm to edit the latent representation until conforming to the target attribute. Extensive experimental results demonstrate that our model achieves very competitive performance on three public data sets. Furthermore, we also show that our model can not only control the degree of transfer freely but also allow to transfer over multiple aspects at the same time.",2019,Computation and Language
arxiv-09036,9036,Unbabel's Submission to the WMT2019 APE Shared Task: BERT-based Encoder-Decoder for Automatic Post-Editing,"This paper describes Unbabel's submission to the WMT2019 APE Shared Task for the English-German language pair. Following the recent rise of large, powerful, pre-trained models, we adapt the BERT pretrained model to perform Automatic Post-Editing in an encoder-decoder framework. Analogously to dual-encoder architectures we develop a BERT-based encoder-decoder (BED) model in which a single pretrained BERT encoder receives both the source src and machine translation tgt strings. Furthermore, we explore a conservativeness factor to constrain the APE system to perform fewer edits. As the official results show, when trained on a weighted combination of in-domain and artificial training data, our BED system with the conservativeness penalty improves significantly the translations of a strong Neural Machine Translation system by $-0.78$ and $+1.23$ in terms of TER and BLEU, respectively. Finally, our submission achieves a new state-of-the-art, ex-aequo, in English-German APE of NMT.",2019,Computation and Language
arxiv-09037,9037,Lattice-based lightly-supervised acoustic model training,"In the broadcast domain there is an abundance of related text data and partial transcriptions, such as closed captions and subtitles. This text data can be used for lightly supervised training, in which text matching the audio is selected using an existing speech recognition model. Current approaches to light supervision typically filter the data based on matching error rates between the transcriptions and biased decoding hypotheses. In contrast, semi-supervised training does not require matching text data, instead generating a hypothesis using a background language model. State-of-the-art semi-supervised training uses lattice-based supervision with the lattice-free MMI (LF-MMI) objective function. We propose a technique to combine inaccurate transcriptions with the lattices generated for semi-supervised training, thus preserving uncertainty in the lattice where appropriate. We demonstrate that this combined approach reduces the expected error rates over the lattices, and reduces the word error rate (WER) on a broadcast task.",2019,Computation and Language
arxiv-09038,9038,Hierarchical Transformers for Multi-Document Summarization,"In this paper, we develop a neural summarization model which can effectively process multiple input documents and distill Transformer architecture with the ability to encode documents in a hierarchical manner. We represent cross-document relationships via an attention mechanism which allows to share information as opposed to simply concatenating text spans and processing them as a flat sequence. Our model learns latent dependencies among textual units, but can also take advantage of explicit graph representations focusing on similarity or discourse relations. Empirical results on the WikiSum dataset demonstrate that the proposed architecture brings substantial improvements over several strong baselines.",2019,Computation and Language
arxiv-09039,9039,MathQA: Towards Interpretable Math Word Problem Solving with Operation-Based Formalisms,"We introduce a large-scale dataset of math word problems and an interpretable neural math problem solver that learns to map problems to operation programs. Due to annotation challenges, current datasets in this domain have been either relatively small in scale or did not offer precise operational annotations over diverse problem types. We introduce a new representation language to model precise operation programs corresponding to each math problem that aim to improve both the performance and the interpretability of the learned models. Using this representation language, our new dataset, MathQA, significantly enhances the AQuA dataset with fully-specified operational programs. We additionally introduce a neural sequence-to-program model enhanced with automatic problem categorization. Our experiments show improvements over competitive baselines in our MathQA as well as the AQuA dataset. The results are still significantly lower than human performance indicating that the dataset poses new challenges for future research. Our dataset is available at: https://math-qa.github.io/math-QA/",2019,Computation and Language
arxiv-09040,9040,Assessing The Factual Accuracy of Generated Text,"We propose a model-based metric to estimate the factual accuracy of generated text that is complementary to typical scoring schemes like ROUGE (Recall-Oriented Understudy for Gisting Evaluation) and BLEU (Bilingual Evaluation Understudy). We introduce and release a new large-scale dataset based on Wikipedia and Wikidata to train relation classifiers and end-to-end fact extraction models. The end-to-end models are shown to be able to extract complete sets of facts from datasets with full pages of text. We then analyse multiple models that estimate factual accuracy on a Wikipedia text summarization task, and show their efficacy compared to ROUGE and other model-free variants by conducting a human evaluation study.",2019,Computation and Language
arxiv-09041,9041,A Lightweight Recurrent Network for Sequence Modeling,"Recurrent networks have achieved great success on various sequential tasks with the assistance of complex recurrent units, but suffer from severe computational inefficiency due to weak parallelization. One direction to alleviate this issue is to shift heavy computations outside the recurrence. In this paper, we propose a lightweight recurrent network, or LRN. LRN uses input and forget gates to handle long-range dependencies as well as gradient vanishing and explosion, with all parameter related calculations factored outside the recurrence. The recurrence in LRN only manipulates the weight assigned to each token, tightly connecting LRN with self-attention networks. We apply LRN as a drop-in replacement of existing recurrent units in several neural sequential models. Extensive experiments on six NLP tasks show that LRN yields the best running efficiency with little or no loss in model performance.",2019,Computation and Language
arxiv-09042,9042,Grammar-based Neural Text-to-SQL Generation,"The sequence-to-sequence paradigm employed by neural text-to-SQL models typically performs token-level decoding and does not consider generating SQL hierarchically from a grammar. Grammar-based decoding has shown significant improvements for other semantic parsing tasks, but SQL and other general programming languages have complexities not present in logical formalisms that make writing hierarchical grammars difficult. We introduce techniques to handle these complexities, showing how to construct a schema-dependent grammar with minimal over-generation. We analyze these techniques on ATIS and Spider, two challenging text-to-SQL datasets, demonstrating that they yield 14--18\% relative reductions in error.",2019,Computation and Language
arxiv-09043,9043,DiaBLa: A Corpus of Bilingual Spontaneous Written Dialogues for Machine Translation,"We present a new English-French test set for the evaluation of Machine Translation (MT) for informal, written bilingual dialogue. The test set contains 144 spontaneous dialogues (5,700+ sentences) between native English and French speakers, mediated by one of two neural MT systems in a range of role-play settings. The dialogues are accompanied by fine-grained sentence-level judgments of MT quality, produced by the dialogue participants themselves, as well as by manually normalised versions and reference translations produced a posteriori. The motivation for the corpus is two-fold: to provide (i) a unique resource for evaluating MT models, and (ii) a corpus for the analysis of MT-mediated communication. We provide a preliminary analysis of the corpus to confirm that the participants' judgments reveal perceptible differences in MT quality between the two MT systems used.",2019,Computation and Language
arxiv-09044,9044,Multi-modal Discriminative Model for Vision-and-Language Navigation,"Vision-and-Language Navigation (VLN) is a natural language grounding task where agents have to interpret natural language instructions in the context of visual scenes in a dynamic environment to achieve prescribed navigation goals. Successful agents must have the ability to parse natural language of varying linguistic styles, ground them in potentially unfamiliar scenes, plan and react with ambiguous environmental feedback. Generalization ability is limited by the amount of human annotated data. In particular, \emph{paired} vision-language sequence data is expensive to collect. We develop a discriminator that evaluates how well an instruction explains a given path in VLN task using multi-modal alignment. Our study reveals that only a small fraction of the high-quality augmented data from \citet{Fried:2018:Speaker}, as scored by our discriminator, is useful for training VLN agents with similar performance on previously unseen environments. We also show that a VLN agent warm-started with pre-trained components from the discriminator outperforms the benchmark success rates of 35.5 by 10\% relative measure on previously unseen environments.",2019,Computation and Language
arxiv-09045,9045,Leveraging Pretrained Word Embeddings for Part-of-Speech Tagging of Code Switching Data,"Linguistic Code Switching (CS) is a phenomenon that occurs when multilingual speakers alternate between two or more languages/dialects within a single conversation. Processing CS data is especially challenging in intra-sentential data given state-of-the-art monolingual NLP technologies since such technologies are geared toward the processing of one language at a time. In this paper, we address the problem of Part-of-Speech tagging (POS) in the context of linguistic code switching (CS). We explore leveraging multiple neural network architectures to measure the impact of different pre-trained embeddings methods on POS tagging CS data. We investigate the landscape in four CS language pairs, Spanish-English, Hindi-English, Modern Standard Arabic- Egyptian Arabic dialect (MSA-EGY), and Modern Standard Arabic- Levantine Arabic dialect (MSA-LEV). Our results show that multilingual embedding (e.g., MSA-EGY and MSA-LEV) helps closely related languages (EGY/LEV) but adds noise to the languages that are distant (SPA/HIN). Finally, we show that our proposed models outperform state-of-the-art CS taggers for MSA-EGY language pair.",2019,Computation and Language
arxiv-09046,9046,Rewarding Smatch: Transition-Based AMR Parsing with Reinforcement Learning,"Our work involves enriching the Stack-LSTM transition-based AMR parser (Ballesteros and Al-Onaizan, 2017) by augmenting training with Policy Learning and rewarding the Smatch score of sampled graphs. In addition, we also combined several AMR-to-text alignments with an attention mechanism and we supplemented the parser with pre-processed concept identification, named entities and contextualized embeddings. We achieve a highly competitive performance that is comparable to the best published results. We show an in-depth study ablating each of the new components of the parser",2019,Computation and Language
arxiv-09047,9047,Improving Open Information Extraction via Iterative Rank-Aware Learning,"Open information extraction (IE) is the task of extracting open-domain assertions from natural language sentences. A key step in open IE is confidence modeling, ranking the extractions based on their estimated quality to adjust precision and recall of extracted assertions. We found that the extraction likelihood, a confidence measure used by current supervised open IE systems, is not well calibrated when comparing the quality of assertions extracted from different sentences. We propose an additional binary classification loss to calibrate the likelihood to make it more globally comparable, and an iterative learning process, where extractions generated by the open IE model are incrementally included as training samples to help the model learn from trial and error. Experiments on OIE2016 demonstrate the effectiveness of our method. Code and data are available at https://github.com/jzbjyb/oie_rank.",2019,Computation and Language
arxiv-09048,9048,Fine-Grained Spoiler Detection from Large-Scale Review Corpora,"This paper presents computational approaches for automatically detecting critical plot twists in reviews of media products. First, we created a large-scale book review dataset that includes fine-grained spoiler annotations at the sentence-level, as well as book and (anonymized) user information. Second, we carefully analyzed this dataset, and found that: spoiler language tends to be book-specific; spoiler distributions vary greatly across books and review authors; and spoiler sentences tend to jointly appear in the latter part of reviews. Third, inspired by these findings, we developed an end-to-end neural network architecture to detect spoiler sentences in review corpora. Quantitative and qualitative results demonstrate that the proposed method substantially outperforms existing baselines.",2019,Computation and Language
arxiv-09049,9049,Constructive Type-Logical Supertagging with Self-Attention Networks,"We propose a novel application of self-attention networks towards grammar induction. We present an attention-based supertagger for a refined type-logical grammar, trained on constructing types inductively. In addition to achieving a high overall type accuracy, our model is able to learn the syntax of the grammar's type system along with its denotational semantics. This lifts the closed world assumption commonly made by lexicalized grammar supertaggers, greatly enhancing its generalization potential. This is evidenced both by its adequate accuracy over sparse word types and its ability to correctly construct complex types never seen during training, which, to the best of our knowledge, was as of yet unaccomplished.",2019,Computation and Language
arxiv-18000,18000,Extending Neural Keyword Extraction with TF-IDF tagset matching,"Keyword extraction is the task of identifying words (or multi-word expressions) that best describe a given document and serve in news portals to link articles of similar topics. In this work we develop and evaluate our methods on four novel data sets covering less represented, morphologically-rich languages in European news media industry (Croatian, Estonian, Latvian and Russian). First, we perform evaluation of two supervised neural transformer-based methods (TNT-KID and BERT+BiLSTM CRF) and compare them to a baseline TF-IDF based unsupervised approach. Next, we show that by combining the keywords retrieved by both neural transformer based methods and extending the final set of keywords with an unsupervised TF-IDF based technique, we can drastically improve the recall of the system, making it appropriate to be used as a recommendation system in the media house environment.",2022,Computation and Language
arxiv-18001,18001,"Decoupling the Role of Data, Attention, and Losses in Multimodal Transformers","Recently multimodal transformer models have gained popularity because their performance on language and vision tasks suggest they learn rich visual-linguistic representations. Focusing on zero-shot image retrieval tasks, we study three important factors which can impact the quality of learned representations: pretraining data, the attention mechanism, and loss functions. By pretraining models on six datasets, we observe that dataset noise and language similarity to our downstream task are important indicators of model performance. Through architectural analysis, we learn that models with a multimodal attention mechanism can outperform deeper models with modality specific attention mechanisms. Finally, we show that successful contrastive losses used in the self-supervised learning literature do not yield similar performance gains when used in multimodal transformers",2021,Computation and Language
arxiv-18002,18002,Short Text Clustering with Transformers,"Recent techniques for the task of short text clustering often rely on word embeddings as a transfer learning component. This paper shows that sentence vector representations from Transformers in conjunction with different clustering methods can be successfully applied to address the task. Furthermore, we demonstrate that the algorithm of enhancement of clustering via iterative classification can further improve initial clustering performance with different classifiers, including those based on pre-trained Transformer language models.",2021,Computation and Language
arxiv-18003,18003,Neural OCR Post-Hoc Correction of Historical Corpora,"Optical character recognition (OCR) is crucial for a deeper access to historical collections. OCR needs to account for orthographic variations, typefaces, or language evolution (i.e., new letters, word spellings), as the main source of character, word, or word segmentation transcription errors. For digital corpora of historical prints, the errors are further exacerbated due to low scan quality and lack of language standardization. For the task of OCR post-hoc correction, we propose a neural approach based on a combination of recurrent (RNN) and deep convolutional network (ConvNet) to correct OCR transcription errors. At character level we flexibly capture errors, and decode the corrected output based on a novel attention mechanism. Accounting for the input and output similarity, we propose a new loss function that rewards the model's correcting behavior. Evaluation on a historical book corpus in German language shows that our models are robust in capturing diverse OCR transcription errors and reduce the word error rate of 32.3% by more than 89%.",2021,Computation and Language
arxiv-18004,18004,The Harrington Yowlumne Narrative Corpus,"Minority languages continue to lack adequate resources for their development, especially in the technological domain. Likewise, the J.P. Harrington Papers collection at the Smithsonian Institution are difficult to access in practical terms for community members and researchers due to its handwritten and disorganized format. Our current work seeks to make a portion of this publicly-available yet problematic material practically accessible for natural language processing use. Here, we present the Harrington Yowlumne Narrative Corpus, a corpus of 20 narrative texts that derive from the Tejone\~no Yowlumne community of the Tinliw rancheria in Kern County, California between 1910 and 1925. We digitally transcribe the texts and, through a Levenshtein distance-based algorithm and manual checking, we provide gold-standard aligned normalized and lemmatized text. We likewise provide POS tags for each lemmatized token via a lexicon-based deterministic approach. Altogether, the corpus contains 57,136 transcribed characters aligned with 10,719 gold standard text-normalized words.",2022,Computation and Language
arxiv-18005,18005,Polyphone Disambiguition in Mandarin Chinese with Semi-Supervised Learning,"The majority of Chinese characters are monophonic, while a special group of characters, called polyphonic characters, have multiple pronunciations. As a prerequisite of performing speech-related generative tasks, the correct pronunciation must be identified among several candidates. This process is called Polyphone Disambiguation. Although the problem has been well explored with both knowledge-based and learning-based approaches, it remains challenging due to the lack of publicly available labeled datasets and the irregular nature of polyphone in Mandarin Chinese. In this paper, we propose a novel semi-supervised learning (SSL) framework for Mandarin Chinese polyphone disambiguation that can potentially leverage unlimited unlabeled text data. We explore the effect of various proxy labeling strategies including entropy-thresholding and lexicon-based labeling. Qualitative and quantitative experiments demonstrate that our method achieves state-of-the-art performance. In addition, we publish a novel dataset specifically for the polyphone disambiguation task to promote further researches.",2021,Computation and Language
arxiv-18006,18006,Commonsense Knowledge Mining from Term Definitions,"Commonsense knowledge has proven to be beneficial to a variety of application areas, including question answering and natural language understanding. Previous work explored collecting commonsense knowledge triples automatically from text to increase the coverage of current commonsense knowledge graphs. We investigate a few machine learning approaches to mining commonsense knowledge triples using dictionary term definitions as inputs and provide some initial evaluation of the results. We start from extracting candidate triples using part-of-speech tag patterns from text, and then compare the performance of three existing models for triple scoring. Our experiments show that term definitions contain some valid and novel commonsense knowledge triples for some semantic relations, and also indicate some challenges with using existing triple scoring models.",2021,Computation and Language
arxiv-18007,18007,Hierarchical Ranking for Answer Selection,"Answer selection is a task to choose the positive answers from a pool of candidate answers for a given question. In this paper, we propose a novel strategy for answer selection, called hierarchical ranking. We introduce three levels of ranking: point-level ranking, pair-level ranking, and list-level ranking. They formulate their optimization objectives by employing supervisory information from different perspectives to achieve the same goal of ranking candidate answers. Therefore, the three levels of ranking are related and they can promote each other. We take the well-performed compare-aggregate model as the backbone and explore three schemes to implement the idea of applying the hierarchical rankings jointly: the scheme under the Multi-Task Learning (MTL) strategy, the Ranking Integration (RI) scheme, and the Progressive Ranking Integration (PRI) scheme. Experimental results on two public datasets, WikiQA and TREC-QA, demonstrate that the proposed hierarchical ranking is effective. Our method achieves state-of-the-art (non-BERT) performance on both TREC-QA and WikiQA.",2021,Computation and Language
arxiv-18008,18008,GTAE: Graph-Transformer based Auto-Encoders for Linguistic-Constrained Text Style Transfer,"Non-parallel text style transfer has attracted increasing research interests in recent years. Despite successes in transferring the style based on the encoder-decoder framework, current approaches still lack the ability to preserve the content and even logic of original sentences, mainly due to the large unconstrained model space or too simplified assumptions on latent embedding space. Since language itself is an intelligent product of humans with certain grammars and has a limited rule-based model space by its nature, relieving this problem requires reconciling the model capacity of deep neural networks with the intrinsic model constraints from human linguistic rules. To this end, we propose a method called Graph Transformer based Auto Encoder (GTAE), which models a sentence as a linguistic graph and performs feature extraction and style transfer at the graph level, to maximally retain the content and the linguistic structure of original sentences. Quantitative experiment results on three non-parallel text style transfer tasks show that our model outperforms state-of-the-art methods in content preservation, while achieving comparable performance on transfer accuracy and sentence naturalness.",2021,Computation and Language
arxiv-18009,18009,Many Hands Make Light Work: Using Essay Traits to Automatically Score Essays,"Most research in the area of automatic essay grading (AEG) is geared towards scoring the essay holistically while there has also been some work done on scoring individual essay traits. In this paper, we describe a way to score essays holistically using a multi-task learning (MTL) approach, where scoring the essay holistically is the primary task, and scoring the essay traits is the auxiliary task. We compare our results with a single-task learning (STL) approach, using both LSTMs and BiLSTMs. We also compare our results of the auxiliary task with such tasks done in other AEG systems. To find out which traits work best for different types of essays, we conduct ablation tests for each of the essay traits. We also report the runtime and number of training parameters for each system. We find that MTL-based BiLSTM system gives the best results for scoring the essay holistically, as well as performing well on scoring the essay traits.",2021,Computation and Language
arxiv-18010,18010,VRoC: Variational Autoencoder-aided Multi-task Rumor Classifier Based on Text,"Social media became popular and percolated almost all aspects of our daily lives. While online posting proves very convenient for individual users, it also fosters fast-spreading of various rumors. The rapid and wide percolation of rumors can cause persistent adverse or detrimental impacts. Therefore, researchers invest great efforts on reducing the negative impacts of rumors. Towards this end, the rumor classification system aims to detect, track, and verify rumors in social media. Such systems typically include four components: (i) a rumor detector, (ii) a rumor tracker, (iii) a stance classifier, and (iv) a veracity classifier. In order to improve the state-of-the-art in rumor detection, tracking, and verification, we propose VRoC, a tweet-level variational autoencoder-based rumor classification system. VRoC consists of a co-train engine that trains variational autoencoders (VAEs) and rumor classification components. The co-train engine helps the VAEs to tune their latent representations to be classifier-friendly. We also show that VRoC is able to classify unseen rumors with high levels of accuracy. For the PHEME dataset, VRoC consistently outperforms several state-of-the-art techniques, on both observed and unobserved rumors, by up to 26.9%, in terms of macro-F1 scores.",2021,Computation and Language
arxiv-18011,18011,Metric-Type Identification for Multi-Level Header Numerical Tables in Scientific Papers,"Numerical tables are widely used to present experimental results in scientific papers. For table understanding, a metric-type is essential to discriminate numbers in the tables. We introduce a new information extraction task, metric-type identification from multi-level header numerical tables, and provide a dataset extracted from scientific papers consisting of header tables, captions, and metric-types. We then propose two joint-learning neural classification and generation schemes featuring pointer-generator-based and BERT-based models. Our results show that the joint models can handle both in-header and out-of-header metric-type identification problems.",2021,Computation and Language
arxiv-18012,18012,Fine-tuning BERT-based models for Plant Health Bulletin Classification,"In the era of digitization, different actors in agriculture produce numerous data. Such data contains already latent historical knowledge in the domain. This knowledge enables us to precisely study natural hazards within global or local aspects, and then improve the risk prevention tasks and augment the yield, which helps to tackle the challenge of growing population and changing alimentary habits. In particular, French Plants Health Bulletins (BSV, for its name in French Bulletin de Sant{\'e} du V{\'e}g{\'e}tal) give information about the development stages of phytosanitary risks in agricultural production. However, they are written in natural language, thus, machines and human cannot exploit them as efficiently as it could be. Natural language processing (NLP) technologies aim to automatically process and analyze large amounts of natural language data. Since the 2010s, with the increases in computational power and parallelization, representation learning and deep learning methods became widespread in NLP. Recent advancements Bidirectional Encoder Representations from Transformers (BERT) inspire us to rethink of knowledge representation and natural language understanding in plant health management domain. The goal in this work is to propose a BERT-based approach to automatically classify the BSV to make their data easily indexable. We sampled 200 BSV to finetune the pretrained BERT language models and classify them as pest or/and disease and we show preliminary results.",2021,Computation and Language
arxiv-18013,18013,LSTM-SAKT: LSTM-Encoded SAKT-like Transformer for Knowledge Tracing,"This paper introduces the 2nd place solution for the Riiid! Answer Correctness Prediction in Kaggle, the world's largest data science competition website. This competition was held from October 16, 2020, to January 7, 2021, with 3395 teams and 4387 competitors. The main insights and contributions of this paper are as follows. (i) We pointed out existing Transformer-based models are suffering from a problem that the information which their query/key/value can contain is limited. To solve this problem, we proposed a method that uses LSTM to obtain query/key/value and verified its effectiveness. (ii) We pointed out 'inter-container' leakage problem, which happens in datasets where questions are sometimes served together. To solve this problem, we showed special indexing/masking techniques that are useful when using RNN-variants and Transformer. (iii) We found additional hand-crafted features are effective to overcome the limits of Transformer, which can never consider the samples older than the sequence length.",2021,Computation and Language
arxiv-18014,18014,Gamified Crowdsourcing for Idiom Corpora Construction,"Learning idiomatic expressions is seen as one of the most challenging stages in second language learning because of their unpredictable meaning. A similar situation holds for their identification within natural language processing applications such as machine translation and parsing. The lack of high-quality usage samples exacerbates this challenge not only for humans but also for artificial intelligence systems. This article introduces a gamified crowdsourcing approach for collecting language learning materials for idiomatic expressions; a messaging bot is designed as an asynchronous multiplayer game for native speakers who compete with each other while providing idiomatic and nonidiomatic usage examples and rating other players' entries. As opposed to classical crowdprocessing annotation efforts in the field, for the first time in the literature, a crowdcreating & crowdrating approach is implemented and tested for idiom corpora construction. The approach is language independent and evaluated on two languages in comparison to traditional data preparation techniques in the field. The reaction of the crowd is monitored under different motivational means (namely, gamification affordances and monetary rewards). The results reveal that the proposed approach is powerful in collecting the targeted materials, and although being an explicit crowdsourcing approach, it is found entertaining and useful by the crowd. The approach has been shown to have the potential to speed up the construction of idiom corpora for different natural languages to be used as second language learning material, training data for supervised idiom identification systems, or samples for lexicographic studies.",2022,Computation and Language
arxiv-18015,18015,Multilingual LAMA: Investigating Knowledge in Multilingual Pretrained Language Models,"Recently, it has been found that monolingual English language models can be used as knowledge bases. Instead of structural knowledge base queries, masked sentences such as ""Paris is the capital of [MASK]"" are used as probes. We translate the established benchmarks TREx and GoogleRE into 53 languages. Working with mBERT, we investigate three questions. (i) Can mBERT be used as a multilingual knowledge base? Most prior work only considers English. Extending research to multiple languages is important for diversity and accessibility. (ii) Is mBERT's performance as knowledge base language-independent or does it vary from language to language? (iii) A multilingual model is trained on more text, e.g., mBERT is trained on 104 Wikipedias. Can mBERT leverage this for better performance? We find that using mBERT as a knowledge base yields varying performance across languages and pooling predictions across languages improves performance. Conversely, mBERT exhibits a language bias; e.g., when queried in Italian, it tends to predict Italy as the country of origin.",2021,Computation and Language
arxiv-18016,18016,Text-to-hashtag Generation using Seq2seq Learning,"In this paper, we studied whether models based on BiLSTM and BERT can predict hashtags in Brazilian Portuguese for Ecommerce websites. Hashtags have a sizable financial impact on Ecommerce. We processed a corpus of Ecommerce reviews as inputs, and predicted hashtags as outputs. We evaluated the results using four quantitative metrics: NIST, BLEU, METEOR and a crowdsourced score. A word cloud was used as a qualitative metric. While all computer-generated metrics (NIST, BLEU and METEOR) indicated bad results, the crowdsourced results produced amazing scores. We concluded that the texts predicted by the neural networks are very promising for use as hashtags for products on Ecommerce websites. The code for this work is available at https://github.com/augustocamargo/text-to-hashtag.",2021,Computation and Language
arxiv-18017,18017,Transfer Learning Approach for Detecting Psychological Distress in Brexit Tweets,"In 2016, United Kingdom (UK) citizens voted to leave the European Union (EU), which was officially implemented in 2020. During this period, UK residents experienced a great deal of uncertainty around the UK's continued relationship with the EU. Many people have used social media platforms to express their emotions about this critical event. Sentiment analysis has been recently considered as an important tool for detecting mental well-being in Twitter contents. However, detecting the psychological distress status in political-related tweets is a challenging task due to the lack of explicit sentences describing the depressive or anxiety status. To address this problem, this paper leverages a transfer learning approach for sentiment analysis to measure the non-clinical psychological distress status in Brexit tweets. The framework transfers the knowledge learnt from self-reported psychological distress tweets (source domain) to detect the distress status in Brexit tweets (target domain). The framework applies a domain adaptation technique to decrease the impact of negative transfer between source and target domains. The paper also introduces a Brexit distress index that can be used to detect levels of psychological distress of individuals in Brexit tweets. We design an experiment that includes data from both domains. The proposed model is able to detect the non-clinical psychological distress status in Brexit tweets with an accuracy of 66% and 62% on the source and target domains, respectively.",2021,Computation and Language
arxiv-18018,18018,Counting Protests in News Articles: A Dataset and Semi-Automated Data Collection Pipeline,"Between January 2017 and January 2021, thousands of local news sources in the United States reported on over 42,000 protests about topics such as civil rights, immigration, guns, and the environment. Given the vast number of local journalists that report on protests daily, extracting these events as structured data to understand temporal and geographic trends can empower civic decision-making. However, the task of extracting events from news articles presents well known challenges to the NLP community in the fields of domain detection, slot filling, and coreference resolution. To help improve the resources available for extracting structured data from news stories, our contribution is three-fold. We 1) release a manually labeled dataset of news article URLs, dates, locations, crowd size estimates, and 494 discrete descriptive tags corresponding to 42,347 reported protest events in the United States between January 2017 and January 2021; 2) describe the semi-automated data collection pipeline used to discover, sort, and review the 144,568 English articles that comprise the dataset; and 3) benchmark a long-short term memory (LSTM) low dimensional classifier that demonstrates the utility of processing news articles based on syntactic structures, such as paragraphs and sentences, to count the number of reported protest events.",2021,Computation and Language
arxiv-18019,18019,Revisiting the Prepositional-Phrase Attachment Problem Using Explicit Commonsense Knowledge,"We revisit the challenging problem of resolving prepositional-phrase (PP) attachment ambiguity. To date, proposed solutions are either rule-based, where explicit grammar rules direct how to resolve ambiguities; or statistical, where the decision is learned from a corpus of labeled examples. We argue that explicit commonsense knowledge bases can provide an essential ingredient for making good attachment decisions. We implemented a module, named Patch-Comm, that can be used by a variety of conventional parsers, to make attachment decisions. Where the commonsense KB does not provide direct answers, we fall back on a more general system that infers ""out-of-knowledge-base"" assertions in a manner similar to the way some NLP systems handle out-of-vocabulary words. Our results suggest that the commonsense knowledge-based approach can provide the best of both worlds, integrating rule-based and statistical techniques. As the field is increasingly coming to recognize the importance of explainability in AI, a commonsense approach can enable NLP developers to better understand the behavior of systems, and facilitate natural dialogues with end users.",2021,Computation and Language
arxiv-18020,18020,End2End Acoustic to Semantic Transduction,"In this paper, we propose a novel end-to-end sequence-to-sequence spoken language understanding model using an attention mechanism. It reliably selects contextual acoustic features in order to hypothesize semantic contents. An initial architecture capable of extracting all pronounced words and concepts from acoustic spans is designed and tested. With a shallow fusion language model, this system reaches a 13.6 concept error rate (CER) and an 18.5 concept value error rate (CVER) on the French MEDIA corpus, achieving an absolute 2.8 points reduction compared to the state-of-the-art. Then, an original model is proposed for hypothesizing concepts and their values. This transduction reaches a 15.4 CER and a 21.6 CVER without any new type of context.",2021,Computation and Language
arxiv-18021,18021,Measuring and Improving Consistency in Pretrained Language Models,"Consistency of a model -- that is, the invariance of its behavior under meaning-preserving alternations in its input -- is a highly desirable property in natural language processing. In this paper we study the question: Are Pretrained Language Models (PLMs) consistent with respect to factual knowledge? To this end, we create ParaRel, a high-quality resource of cloze-style query English paraphrases. It contains a total of 328 paraphrases for 38 relations. Using ParaRel, we show that the consistency of all PLMs we experiment with is poor -- though with high variance between relations. Our analysis of the representational spaces of PLMs suggests that they have a poor structure and are currently not suitable for representing knowledge robustly. Finally, we propose a method for improving model consistency and experimentally demonstrate its effectiveness.",2021,Computation and Language
arxiv-18022,18022,SJ_AJ@DravidianLangTech-EACL2021: Task-Adaptive Pre-Training of Multilingual BERT models for Offensive Language Identification,"In this paper we present our submission for the EACL 2021-Shared Task on Offensive Language Identification in Dravidian languages. Our final system is an ensemble of mBERT and XLM-RoBERTa models which leverage task-adaptive pre-training of multilingual BERT models with a masked language modeling objective. Our system was ranked 1st for Kannada, 2nd for Malayalam and 3rd for Tamil.",2021,Computation and Language
arxiv-18023,18023,Do Question Answering Modeling Improvements Hold Across Benchmarks?,"Do question answering (QA) modeling improvements (e.g., choice of architecture and training procedure) hold consistently across the diverse landscape of QA benchmarks? To study this question, we introduce the notion of concurrence -- two benchmarks have high concurrence on a set of modeling approaches if they rank the modeling approaches similarly. We measure the concurrence between 32 QA benchmarks on a set of 20 diverse modeling approaches and find that human-constructed benchmarks have high concurrence amongst themselves, even if their passage and question distributions are very different. Surprisingly, even downsampled human-constructed benchmarks (i.e., collecting less data) and programmatically-generated benchmarks (e.g., cloze-formatted examples) have high concurrence with human-constructed benchmarks. These results indicate that, despite years of intense community focus on a small number of benchmarks, the modeling improvements studied hold broadly.",2023,Computation and Language
arxiv-18024,18024,Improving Distantly-Supervised Relation Extraction through BERT-based Label & Instance Embeddings,"Distantly-supervised relation extraction (RE) is an effective method to scale RE to large corpora but suffers from noisy labels. Existing approaches try to alleviate noise through multi-instance learning and by providing additional information, but manage to recognize mainly the top frequent relations, neglecting those in the long-tail. We propose REDSandT (Relation Extraction with Distant Supervision and Transformers), a novel distantly-supervised transformer-based RE method, that manages to capture a wider set of relations through highly informative instance and label embeddings for RE, by exploiting BERT's pre-trained model, and the relationship between labels and entities, respectively. We guide REDSandT to focus solely on relational tokens by fine-tuning BERT on a structured input, including the sub-tree connecting an entity pair and the entities' types. Using the extracted informative vectors, we shape label embeddings, which we also use as attention mechanism over instances to further reduce noise. Finally, we represent sentences by concatenating relation and instance embeddings. Experiments in the NYT-10 dataset show that REDSandT captures a broader set of relations with higher confidence, achieving state-of-the-art AUC (0.424).",2021,Computation and Language
arxiv-18025,18025,Generative Spoken Language Modeling from Raw Audio,"We introduce Generative Spoken Language Modeling, the task of learning the acoustic and linguistic characteristics of a language from raw audio (no text, no labels), and a set of metrics to automatically evaluate the learned representations at acoustic and linguistic levels for both encoding and generation. We set up baseline systems consisting of a discrete speech encoder (returning pseudo-text units), a generative language model (trained on pseudo-text), and a speech decoder (generating a waveform from pseudo-text) all trained without supervision and validate the proposed metrics with human evaluation. Across 3 speech encoders (CPC, wav2vec 2.0, HuBERT), we find that the number of discrete units (50, 100, or 200) matters in a task-dependent and encoder-dependent way, and that some combinations approach text-based systems.",2021,Computation and Language
arxiv-18026,18026,"""Is depression related to cannabis?"": A knowledge-infused model for Entity and Relation Extraction with Limited Supervision","With strong marketing advocacy of the benefits of cannabis use for improved mental health, cannabis legalization is a priority among legislators. However, preliminary scientific research does not conclusively associate cannabis with improved mental health. In this study, we explore the relationship between depression and consumption of cannabis in a targeted social media corpus involving personal use of cannabis with the intent to derive its potential mental health benefit. We use tweets that contain an association among three categories annotated by domain experts - Reason, Effect, and Addiction. The state-of-the-art Natural Langauge Processing techniques fall short in extracting these relationships between cannabis phrases and the depression indicators. We seek to address the limitation by using domain knowledge; specifically, the Drug Abuse Ontology for addiction augmented with Diagnostic and Statistical Manual of Mental Disorders lexicons for mental health. Because of the lack of annotations due to the limited availability of the domain experts' time, we use supervised contrastive learning in conjunction with GPT-3 trained on a vast corpus to achieve improved performance even with limited supervision. Experimental results show that our method can significantly extract cannabis-depression relationships better than the state-of-the-art relation extractor. High-quality annotations can be provided using a nearest neighbor approach using the learned representations that can be used by the scientific community to understand the association between cannabis and depression better.",2021,Computation and Language
arxiv-18027,18027,Inducing Meaningful Units from Character Sequences with Dynamic Capacity Slot Attention,"Characters do not convey meaning, but sequences of characters do. We propose an unsupervised distributional method to learn the abstract meaningful units in a sequence of characters. Rather than segmenting the sequence, our Dynamic Capacity Slot Attention model discovers continuous representations of the objects in the sequence, extending an architecture for object discovery in images. We train our model on different languages and evaluate the quality of the obtained representations with forward and reverse probing classifiers. These experiments show that our model succeeds in discovering units which are similar to those proposed previously in form, content and level of abstraction, and which show promise for capturing meaningful information at a higher level of abstraction.",2024,Computation and Language
arxiv-18028,18028,Self-Teaching Machines to Read and Comprehend with Large-Scale Multi-Subject Question-Answering Data,"In spite of much recent research in the area, it is still unclear whether subject-area question-answering data is useful for machine reading comprehension (MRC) tasks. In this paper, we investigate this question. We collect a large-scale multi-subject multiple-choice question-answering dataset, ExamQA, and use incomplete and noisy snippets returned by a web search engine as the relevant context for each question-answering instance to convert it into a weakly-labeled MRC instance. We then propose a self-teaching paradigm to better use the generated weakly-labeled MRC instances to improve a target MRC task. Experimental results show that we can obtain +5.1% in accuracy on a multiple-choice MRC dataset, C^3, and +3.8% in exact match on an extractive MRC dataset, CMRC 2018 over state-of-the-art MRC baselines, demonstrating the effectiveness of our framework and the usefulness of large-scale subject-area question-answering data for different types of machine reading comprehension tasks.",2021,Computation and Language
arxiv-18029,18029,The impact of external innovation on new drug approvals: A retrospective analysis,"Pharmaceutical companies are relying more often on external sources of innovation to boost their discovery research productivity. However, more in-depth knowledge about how external innovation may translate to successful product launches is still required in order to better understand how to best leverage the innovation ecosystem. We analyzed the pre-approval publication histories for FDA-approved new molecular entities (NMEs) and new biologic entities (NBEs) launched by 13 top research pharma companies during the last decade (2006-2016). We found that academic institutions contributed the majority of pre-approval publications and that publication subject matter is closely aligned with the strengths of the respective innovator. We found this to also be true for candidate drugs terminated in Phase 3, but the volume of literature on these molecules is substantially less than for approved drugs. This may suggest that approved drugs are often associated with a more robust dataset provided by a large number of institutes. Collectively, the results of our analysis support the hypothesis that a collaborative research innovation environment spanning across academia, industry and government is highly conducive to successful drug approvals.",2019,Computation and Language
arxiv-18030,18030,MultiTalk: A Highly-Branching Dialog Testbed for Diverse Conversations,"We study conversational dialog in which there are many possible responses to a given history. We present the MultiTalk Dataset, a corpus of over 320,000 sentences of written conversational dialog that balances a high branching factor (10) with several conversation turns (6) through selective branch continuation. We make multiple contributions to study dialog generation in the highly branching setting. In order to evaluate a diverse set of generations, we propose a simple scoring algorithm, based on bipartite graph matching, to optimally incorporate a set of diverse references. We study multiple language generation tasks at different levels of predictive conversation depth, using textual attributes induced automatically from pretrained classifiers. Our culminating task is a challenging theory of mind problem, a controllable generation task which requires reasoning about the expected reaction of the listener.",2021,Computation and Language
arxiv-18031,18031,Neural Data Augmentation via Example Extrapolation,"In many applications of machine learning, certain categories of examples may be underrepresented in the training data, causing systems to underperform on such ""few-shot"" cases at test time. A common remedy is to perform data augmentation, such as by duplicating underrepresented examples, or heuristically synthesizing new examples. But these remedies often fail to cover the full diversity and complexity of real examples. We propose a data augmentation approach that performs neural Example Extrapolation (Ex2). Given a handful of exemplars sampled from some distribution, Ex2 synthesizes new examples that also belong to the same distribution. The Ex2 model is learned by simulating the example generation procedure on data-rich slices of the data, and it is applied to underrepresented, few-shot slices. We apply Ex2 to a range of language understanding tasks and significantly improve over state-of-the-art methods on multiple few-shot learning benchmarks, including for relation extraction (FewRel) and intent classification + slot filling (SNIPS).",2021,Computation and Language
arxiv-18032,18032,An Improved Baseline for Sentence-level Relation Extraction,"Sentence-level relation extraction (RE) aims at identifying the relationship between two entities in a sentence. Many efforts have been devoted to this problem, while the best performing methods are still far from perfect. In this paper, we revisit two problems that affect the performance of existing RE models, namely entity representation and noisy or ill-defined labels. Our improved RE baseline, incorporated with entity representations with typed markers, achieves an F1 of 74.6% on TACRED, significantly outperforms previous SOTA methods. Furthermore, the presented new baseline achieves an F1 of 91.1% on the refined Re-TACRED dataset, demonstrating that the pretrained language models (PLMs) achieve high performance on this task. We release our code to the community for future research.",2022,Computation and Language
arxiv-18033,18033,Two Demonstrations of the Machine Translation Applications to Historical Documents,"We present our demonstration of two machine translation applications to historical documents. The first task consists in generating a new version of a historical document, written in the modern version of its original language. The second application is limited to a document's orthography. It adapts the document's spelling to modern standards in order to achieve an orthography consistency and accounting for the lack of spelling conventions. We followed an interactive, adaptive framework that allows the user to introduce corrections to the system's hypothesis. The system reacts to these corrections by generating a new hypothesis that takes them into account. Once the user is satisfied with the system's hypothesis and validates it, the system adapts its model following an online learning strategy. This system is implemented following a client-server architecture. We developed a website which communicates with the neural models. All code is open-source and publicly available. The demonstration is hosted at http://demosmt.prhlt.upv.es/mthd/.",2021,Computation and Language
arxiv-18034,18034,MAUVE: Measuring the Gap Between Neural Text and Human Text using Divergence Frontiers,"As major progress is made in open-ended text generation, measuring how close machine-generated text is to human language remains a critical open problem. We introduce MAUVE, a comparison measure for open-ended text generation, which directly compares the learnt distribution from a text generation model to the distribution of human-written text using divergence frontiers. MAUVE scales up to modern text generation models by computing information divergences in a quantized embedding space. Through an extensive empirical study on three open-ended generation tasks, we find that MAUVE identifies known properties of generated text, scales naturally with model size, and correlates with human judgments, with fewer restrictions than existing distributional evaluation metrics.",2021,Computation and Language
arxiv-18035,18035,Clickbait Headline Detection in Indonesian News Sites using Multilingual Bidirectional Encoder Representations from Transformers (M-BERT),"Click counts are related to the amount of money that online advertisers paid to news sites. Such business models forced some news sites to employ a dirty trick of click-baiting, i.e., using a hyperbolic and interesting words, sometimes unfinished sentence in a headline to purposefully tease the readers. Some Indonesian online news sites also joined the party of clickbait, which indirectly degrade other established news sites' credibility. A neural network with a pre-trained language model M-BERT that acted as a embedding layer is then combined with a 100 nodes hidden layer and topped with a sigmoid classifier was trained to detect clickbait headlines. With a total of 6632 headlines as a training dataset, the classifier performed remarkably well. Evaluated with 5-fold cross validation, it has an accuracy score of 0.914, f1-score of 0.914, precision score of 0.916, and ROC-AUC of 0.92. The usage of multilingual BERT in Indonesian text classification task was tested and is possible to be enhanced further. Future possibilities, societal impact, and limitations of the clickbait detection are discussed.",2021,Computation and Language
arxiv-18036,18036,On Robustness of Neural Semantic Parsers,"Semantic parsing maps natural language (NL) utterances into logical forms (LFs), which underpins many advanced NLP problems. Semantic parsers gain performance boosts with deep neural networks, but inherit vulnerabilities against adversarial examples. In this paper, we provide the empirical study on the robustness of semantic parsers in the presence of adversarial attacks. Formally, adversaries of semantic parsing are considered to be the perturbed utterance-LF pairs, whose utterances have exactly the same meanings as the original ones. A scalable methodology is proposed to construct robustness test sets based on existing benchmark corpora. Our results answered five research questions in measuring the sate-of-the-art parsers' performance on robustness test sets, and evaluating the effect of data augmentation.",2021,Computation and Language
arxiv-18037,18037,CTC-based Compression for Direct Speech Translation,"Previous studies demonstrated that a dynamic phone-informed compression of the input audio is beneficial for speech translation (ST). However, they required a dedicated model for phone recognition and did not test this solution for direct ST, in which a single model translates the input audio into the target language without intermediate representations. In this work, we propose the first method able to perform a dynamic compression of the input indirect ST models. In particular, we exploit the Connectionist Temporal Classification (CTC) to compress the input sequence according to its phonetic characteristics. Our experiments demonstrate that our solution brings a 1.3-1.5 BLEU improvement over a strong baseline on two language pairs (English-Italian and English-German), contextually reducing the memory footprint by more than 10%.",2021,Computation and Language
arxiv-18038,18038,"The GEM Benchmark: Natural Language Generation, its Evaluation and Metrics","We introduce GEM, a living benchmark for natural language Generation (NLG), its Evaluation, and Metrics. Measuring progress in NLG relies on a constantly evolving ecosystem of automated metrics, datasets, and human evaluation standards. Due to this moving target, new models often still evaluate on divergent anglo-centric corpora with well-established, but flawed, metrics. This disconnect makes it challenging to identify the limitations of current models and opportunities for progress. Addressing this limitation, GEM provides an environment in which models can easily be applied to a wide set of tasks and in which evaluation strategies can be tested. Regular updates to the benchmark will help NLG research become more multilingual and evolve the challenge alongside models. This paper serves as the description of the data for which we are organizing a shared task at our ACL 2021 Workshop and to which we invite the entire NLG community to participate.",2021,Computation and Language
arxiv-18039,18039,The Multilingual TEDx Corpus for Speech Recognition and Translation,"We present the Multilingual TEDx corpus, built to support speech recognition (ASR) and speech translation (ST) research across many non-English source languages. The corpus is a collection of audio recordings from TEDx talks in 8 source languages. We segment transcripts into sentences and align them to the source-language audio and target-language translations. The corpus is released along with open-sourced code enabling extension to new talks and languages as they become available. Our corpus creation methodology can be applied to more languages than previous work, and creates multi-way parallel evaluation sets. We provide baselines in multiple ASR and ST settings, including multilingual models to improve translation performance for low-resource language pairs.",2021,Computation and Language
arxiv-18040,18040,Memorization vs. Generalization: Quantifying Data Leakage in NLP Performance Evaluation,"Public datasets are often used to evaluate the efficacy and generalizability of state-of-the-art methods for many tasks in natural language processing (NLP). However, the presence of overlap between the train and test datasets can lead to inflated results, inadvertently evaluating the model's ability to memorize and interpreting it as the ability to generalize. In addition, such data sets may not provide an effective indicator of the performance of these methods in real world scenarios. We identify leakage of training data into test data on several publicly available datasets used to evaluate NLP tasks, including named entity recognition and relation extraction, and study them to assess the impact of that leakage on the model's ability to memorize versus generalize.",2021,Computation and Language
arxiv-18041,18041,A Computational Framework for Slang Generation,"Slang is a common type of informal language, but its flexible nature and paucity of data resources present challenges for existing natural language systems. We take an initial step toward machine generation of slang by developing a framework that models the speaker's word choice in slang context. Our framework encodes novel slang meaning by relating the conventional and slang senses of a word while incorporating syntactic and contextual knowledge in slang usage. We construct the framework using a combination of probabilistic inference and neural contrastive learning. We perform rigorous evaluations on three slang dictionaries and show that our approach not only outperforms state-of-the-art language models, but also better predicts the historical emergence of slang word usages from 1960s to 2000s. We interpret the proposed models and find that the contrastively learned semantic space is sensitive to the similarities between slang and conventional senses of words. Our work creates opportunities for the automated generation and interpretation of informal language.",2021,Computation and Language
arxiv-18042,18042,An Investigation Between Schema Linking and Text-to-SQL Performance,"Text-to-SQL is a crucial task toward developing methods for understanding natural language by computers. Recent neural approaches deliver excellent performance; however, models that are difficult to interpret inhibit future developments. Hence, this study aims to provide a better approach toward the interpretation of neural models. We hypothesize that the internal behavior of models at hand becomes much easier to analyze if we identify the detailed performance of schema linking simultaneously as the additional information of the text-to-SQL performance. We provide the ground-truth annotation of schema linking information onto the Spider dataset. We demonstrate the usefulness of the annotated data and how to analyze the current state-of-the-art neural models.",2021,Computation and Language
arxiv-18043,18043,HeBERT & HebEMO: a Hebrew BERT Model and a Tool for Polarity Analysis and Emotion Recognition,"This paper introduces HeBERT and HebEMO. HeBERT is a Transformer-based model for modern Hebrew text, which relies on a BERT (Bidirectional Encoder Representations for Transformers) architecture. BERT has been shown to outperform alternative architectures in sentiment analysis, and is suggested to be particularly appropriate for MRLs. Analyzing multiple BERT specifications, we find that while model complexity correlates with high performance on language tasks that aim to understand terms in a sentence, a more-parsimonious model better captures the sentiment of entire sentence. Either way, out BERT-based language model outperforms all existing Hebrew alternatives on all common language tasks. HebEMO is a tool that uses HeBERT to detect polarity and extract emotions from Hebrew UGC. HebEMO is trained on a unique Covid-19-related UGC dataset that we collected and annotated for this study. Data collection and annotation followed an active learning procedure that aimed to maximize predictability. We show that HebEMO yields a high F1-score of 0.96 for polarity classification. Emotion detection reaches F1-scores of 0.78-0.97 for various target emotions, with the exception of surprise, which the model failed to capture (F1 = 0.41). These results are better than the best-reported performance, even among English-language models of emotion detection.",2022,Computation and Language
arxiv-18044,18044,Mind the Gap: Assessing Temporal Generalization in Neural Language Models,"Our world is open-ended, non-stationary, and constantly evolving; thus what we talk about and how we talk about it change over time. This inherent dynamic nature of language contrasts with the current static language modelling paradigm, which trains and evaluates models on utterances from overlapping time periods. Despite impressive recent progress, we demonstrate that Transformer-XL language models perform worse in the realistic setup of predicting future utterances from beyond their training period, and that model performance becomes increasingly worse with time. We find that, while increasing model size alone -- a key driver behind recent progress -- does not solve this problem, having models that continually update their knowledge with new information can indeed mitigate this performance degradation over time. Hence, given the compilation of ever-larger language modelling datasets, combined with the growing list of language-model-based NLP applications that require up-to-date factual knowledge about the world, we argue that now is the right time to rethink the static way in which we currently train and evaluate our language models, and develop adaptive language models that can remain up-to-date with respect to our ever-changing and non-stationary world. We publicly release our dynamic, streaming language modelling benchmarks for WMT and arXiv to facilitate language model evaluation that takes temporal dynamics into account.",2021,Computation and Language
arxiv-18045,18045,Top-down Discourse Parsing via Sequence Labelling,"We introduce a top-down approach to discourse parsing that is conceptually simpler than its predecessors (Kobayashi et al., 2020; Zhang et al., 2020). By framing the task as a sequence labelling problem where the goal is to iteratively segment a document into individual discourse units, we are able to eliminate the decoder and reduce the search space for splitting points. We explore both traditional recurrent models and modern pre-trained transformer models for the task, and additionally introduce a novel dynamic oracle for top-down parsing. Based on the Full metric, our proposed LSTM model sets a new state-of-the-art for RST parsing.",2021,Computation and Language
arxiv-18046,18046,Learning to Select External Knowledge with Multi-Scale Negative Sampling,"The Track-1 of DSTC9 aims to effectively answer user requests or questions during task-oriented dialogues, which are out of the scope of APIs/DB. By leveraging external knowledge resources, relevant information can be retrieved and encoded into the response generation for these out-of-API-coverage queries. In this work, we have explored several advanced techniques to enhance the utilization of external knowledge and boost the quality of response generation, including schema guided knowledge decision, negatives enhanced knowledge selection, and knowledge grounded response generation. To evaluate the performance of our proposed method, comprehensive experiments have been carried out on the publicly available dataset. Our approach was ranked as the best in human evaluation of DSTC9 Track-1.",2021,Computation and Language
arxiv-18047,18047,Learning to Match Mathematical Statements with Proofs,"We introduce a novel task consisting in assigning a proof to a given mathematical statement. The task is designed to improve the processing of research-level mathematical texts. Applying Natural Language Processing (NLP) tools to research level mathematical articles is both challenging, since it is a highly specialized domain which mixes natural language and mathematical formulae. It is also an important requirement for developing tools for mathematical information retrieval and computer-assisted theorem proving. We release a dataset for the task, consisting of over 180k statement-proof pairs extracted from mathematical research articles. We carry out preliminary experiments to assess the difficulty of the task. We first experiment with two bag-of-words baselines. We show that considering the assignment problem globally and using weighted bipartite matching algorithms helps a lot in tackling the task. Finally, we introduce a self-attention-based model that can be trained either locally or globally and outperforms baselines by a wide margin.",2021,Computation and Language
arxiv-18048,18048,Introduction to Neural Transfer Learning with Transformers for Social Science Text Analysis,"Transformer-based models for transfer learning have the potential to achieve high prediction accuracies on text-based supervised learning tasks with relatively few training data instances. These models are thus likely to benefit social scientists that seek to have as accurate as possible text-based measures but only have limited resources for annotating training data. To enable social scientists to leverage these potential benefits for their research, this paper explains how these methods work, why they might be advantageous, and what their limitations are. Additionally, three Transformer-based models for transfer learning, BERT (Devlin et al. 2019), RoBERTa (Liu et al. 2019), and the Longformer (Beltagy et al. 2020), are compared to conventional machine learning algorithms on three applications. Across all evaluated tasks, textual styles, and training data set sizes, the conventional models are consistently outperformed by transfer learning with Transformers, thereby demonstrating the benefits these models can bring to text-based social science research.",2022,Computation and Language
arxiv-18049,18049,Detecting Bias in Transfer Learning Approaches for Text Classification,"Classification is an essential and fundamental task in machine learning, playing a cardinal role in the field of natural language processing (NLP) and computer vision (CV). In a supervised learning setting, labels are always needed for the classification task. Especially for deep neural models, a large amount of high-quality labeled data are required for training. However, when a new domain comes out, it is usually hard or expensive to acquire the labels. Transfer learning could be an option to transfer the knowledge from a source domain to a target domain. A challenge is that these two domains can be different, either on the feature distribution, or the class distribution for the nature of the samples. In this work, we evaluate some existing transfer learning approaches on detecting the bias of imbalanced classes including traditional and deep models. Besides, we propose an approach to bridge the gap of the domain class imbalance issue.",2021,Computation and Language
arxiv-27000,27000,Revisiting DocRED -- Addressing the False Negative Problem in Relation Extraction,"The DocRED dataset is one of the most popular and widely used benchmarks for document-level relation extraction (RE). It adopts a recommend-revise annotation scheme so as to have a large-scale annotated dataset. However, we find that the annotation of DocRED is incomplete, i.e., false negative samples are prevalent. We analyze the causes and effects of the overwhelming false negative problem in the DocRED dataset. To address the shortcoming, we re-annotate 4,053 documents in the DocRED dataset by adding the missed relation triples back to the original DocRED. We name our revised DocRED dataset Re-DocRED. We conduct extensive experiments with state-of-the-art neural models on both datasets, and the experimental results show that the models trained and evaluated on our Re-DocRED achieve performance improvements of around 13 F1 points. Moreover, we conduct a comprehensive analysis to identify the potential areas for further improvement. Our dataset is publicly available at https://github.com/tonytan48/Re-DocRED.",2023,Computation and Language
arxiv-27001,27001,PLOG: Table-to-Logic Pretraining for Logical Table-to-Text Generation,"Logical table-to-text generation is a task that involves generating logically faithful sentences from tables, which requires models to derive logical level facts from table records via logical inference. It raises a new challenge on the logical-level content planning of table-to-text models. However, directly learning the logical inference knowledge from table-text pairs is very difficult for neural models because of the ambiguity of natural language and the scarcity of parallel data. Hence even large-scale pre-trained language models present low logical fidelity on logical table-to-text. In this work, we propose a PLOG (Pretrained Logical Form Generator) framework to improve the generation fidelity. Specifically, PLOG is first pretrained on a table-to-logic-form generation (table-to-logic) task, then finetuned on downstream table-to-text tasks. The formal definition of logical forms enables us to collect large amount of accurate logical forms from tables without human annotation. In addition, PLOG can learn logical inference from table-logic pairs much more definitely than from table-text pairs. To evaluate our model, we further collect a controlled logical table-to-text dataset CONTLOG based on an existing dataset. On two benchmarks, LOGICNLG and CONTLOG, PLOG outperforms strong baselines by a large margin on the logical fidelity, demonstrating the effectiveness of table-to-logic pretraining.",2022,Computation and Language
arxiv-27002,27002,Empathic Conversations: A Multi-level Dataset of Contextualized Conversations,"Empathy is a cognitive and emotional reaction to an observed situation of others. Empathy has recently attracted interest because it has numerous applications in psychology and AI, but it is unclear how different forms of empathy (e.g., self-report vs counterpart other-report, concern vs. distress) interact with other affective phenomena or demographics like gender and age. To better understand this, we created the {\it Empathic Conversations} dataset of annotated negative, empathy-eliciting dialogues in which pairs of participants converse about news articles. People differ in their perception of the empathy of others. These differences are associated with certain characteristics such as personality and demographics. Hence, we collected detailed characterization of the participants' traits, their self-reported empathetic response to news articles, their conversational partner other-report, and turn-by-turn third-party assessments of the level of self-disclosure, emotion, and empathy expressed. This dataset is the first to present empathy in multiple forms along with personal distress, emotion, personality characteristics, and person-level demographic information. We present baseline models for predicting some of these features from conversations.",2022,Computation and Language
arxiv-27003,27003,BITE: Textual Backdoor Attacks with Iterative Trigger Injection,"Backdoor attacks have become an emerging threat to NLP systems. By providing poisoned training data, the adversary can embed a ""backdoor"" into the victim model, which allows input instances satisfying certain textual patterns (e.g., containing a keyword) to be predicted as a target label of the adversary's choice. In this paper, we demonstrate that it is possible to design a backdoor attack that is both stealthy (i.e., hard to notice) and effective (i.e., has a high attack success rate). We propose BITE, a backdoor attack that poisons the training data to establish strong correlations between the target label and a set of ""trigger words"". These trigger words are iteratively identified and injected into the target-label instances through natural word-level perturbations. The poisoned training data instruct the victim model to predict the target label on inputs containing trigger words, forming the backdoor. Experiments on four text classification datasets show that our proposed attack is significantly more effective than baseline methods while maintaining decent stealthiness, raising alarm on the usage of untrusted training data. We further propose a defense method named DeBITE based on potential trigger word removal, which outperforms existing methods in defending against BITE and generalizes well to handling other backdoor attacks.",2023,Computation and Language
arxiv-27004,27004,Eliciting and Understanding Cross-Task Skills with Task-Level Mixture-of-Experts,"Recent works suggest that transformer models are capable of multi-tasking on diverse NLP tasks and adapting to new tasks efficiently. However, the potential of these multi-task models may be limited as they use the same set of parameters for all tasks. In contrast, humans tackle tasks in a more flexible way, by making proper presumptions on what skills and knowledge are relevant and executing only the necessary computations. Inspired by this, we propose to use task-level mixture-of-expert models, which has a collection of transformer layers (i.e., experts) and a router component that chooses from these experts dynamically and flexibly. We find that these models help improve the average performance gain (ARG) metric by 2.6% when adapting to unseen tasks in the few-shot setting and by 5.6% in the zero-shot generalization setting. Further, we show that the learned routing decisions partly rediscover human categorization of NLP tasks -- certain experts are strongly associated with extractive tasks, some with classification tasks, and some with tasks requiring world knowledge.",2022,Computation and Language
arxiv-27005,27005,Detecting Label Errors by using Pre-Trained Language Models,"We show that large pre-trained language models are inherently highly capable of identifying label errors in natural language datasets: simply examining out-of-sample data points in descending order of fine-tuned task loss significantly outperforms more complex error-detection mechanisms proposed in previous work. To this end, we contribute a novel method for introducing realistic, human-originated label noise into existing crowdsourced datasets such as SNLI and TweetNLP. We show that this noise has similar properties to real, hand-verified label errors, and is harder to detect than existing synthetic noise, creating challenges for model robustness. We argue that human-originated noise is a better standard for evaluation than synthetic noise. Finally, we use crowdsourced verification to evaluate the detection of real errors on IMDB, Amazon Reviews, and Recon, and confirm that pre-trained models perform at a 9-36% higher absolute Area Under the Precision-Recall Curve than existing models.",2022,Computation and Language
arxiv-27006,27006,Automatic question generation based on sentence structure analysis using machine learning approach,"Automatic question generation is one of the most challenging tasks of Natural Language Processing. It requires ""bidirectional"" language processing: firstly, the system has to understand the input text (Natural Language Understanding) and it then has to generate questions also in the form of text (Natural Language Generation). In this article, we introduce our framework for generating the factual questions from unstructured text in the English language. It uses a combination of traditional linguistic approaches based on sentence patterns with several machine learning methods. We firstly obtain lexical, syntactic and semantic information from an input text and we then construct a hierarchical set of patterns for each sentence. The set of features is extracted from the patterns and it is then used for automated learning of new transformation rules. Our learning process is totally data-driven because the transformation rules are obtained from a set of initial sentence-question pairs. The advantages of this approach lie in a simple expansion of new transformation rules which allows us to generate various types of questions and also in the continuous improvement of the system by reinforcement learning. The framework also includes a question evaluation module which estimates the quality of generated questions. It serves as a filter for selecting the best questions and eliminating incorrect ones or duplicates. We have performed several experiments to evaluate the correctness of generated questions and we have also compared our system with several state-of-the-art systems. Our results indicate that the quality of generated questions outperforms the state-of-the-art systems and our questions are also comparable to questions created by humans. We have also created and published an interface with all created datasets and evaluated questions, so it is possible to follow up on our work.",2021,Computation and Language
arxiv-27007,27007,On Building Spoken Language Understanding Systems for Low Resourced Languages,"Spoken dialog systems are slowly becoming and integral part of the human experience due to their various advantages over textual interfaces. Spoken language understanding (SLU) systems are fundamental building blocks of spoken dialog systems. But creating SLU systems for low resourced languages is still a challenge. In a large number of low resourced language, we don't have access to enough data to build automatic speech recognition (ASR) technologies, which are fundamental to any SLU system. Also, ASR based SLU systems do not generalize to unwritten languages. In this paper, we present a series of experiments to explore extremely low-resourced settings where we perform intent classification with systems trained on as low as one data-point per intent and with only one speaker in the dataset. We also work in a low-resourced setting where we do not use language specific ASR systems to transcribe input speech, which compounds the challenge of building SLU systems to simulate a true low-resourced setting. We test our system on Belgian Dutch (Flemish) and English and find that using phonetic transcriptions to make intent classification systems in such low-resourced setting performs significantly better than using speech features. Specifically, when using a phonetic transcription based system over a feature based system, we see average improvements of 12.37% and 13.08% for binary and four-class classification problems respectively, when averaged over 49 different experimental settings.",2022,Computation and Language
arxiv-27008,27008,A Paradigm Change for Formal Syntax: Computational Algorithms in the Grammar of English,"Language sciences rely less and less on formal syntax as their base. The reason is probably its lack of psychological reality, knowingly avoided. Philosophers of science call for a paradigm shift in which explanations are by mechanisms, as in biology. We turned to programming languages as heuristic models for a process-based syntax of English. The combination of a functional word and a content word was chosen as the topic of modeling. Such combinations are very frequent, and their output is the important immediate constituents of sentences. We found their parallel in Object Oriented Programming where an all-methods element serves as an interface, and the content-full element serves as its implementation, defining computational objects. The fit of the model was tested by deriving three functional characteristics crucial for the algorithm and checking their presence in English grammar. We tested the reality of the interface-implementation mechanism on psycholinguistic and neurolinguistic evidence concerning processing, development and loss of syntax. The close fit and psychological reality of the mechanism suggests that a paradigm shift to an algorithmic theory of syntax is a possibility.",2022,Computation and Language
arxiv-27009,27009,"Understanding Factual Errors in Summarization: Errors, Summarizers, Datasets, Error Detectors","The propensity of abstractive summarization models to make factual errors has been studied extensively, including design of metrics to detect factual errors and annotation of errors in current systems' outputs. However, the ever-evolving nature of summarization systems, metrics, and annotated benchmarks makes factuality evaluation a moving target, and drawing clear comparisons among metrics has become increasingly difficult. In this work, we aggregate factuality error annotations from nine existing datasets and stratify them according to the underlying summarization model. We compare performance of state-of-the-art factuality metrics, including recent ChatGPT-based metrics, on this stratified benchmark and show that their performance varies significantly across different types of summarization models. Critically, our analysis shows that much of the recent improvement in the factuality detection space has been on summaries from older (pre-Transformer) models instead of more relevant recent summarization models. We further perform a finer-grained analysis per error-type and find similar performance variance across error types for different factuality metrics. Our results show that no one metric is superior in all settings or for all error types, and we provide recommendations for best practices given these insights.",2023,Computation and Language
arxiv-27010,27010,Reasoning over Logically Interacted Conditions for Question Answering,"Some questions have multiple answers that are not equally correct, i.e. answers are different under different conditions. Conditions are used to distinguish answers as well as to provide additional information to support them. In this paper, we study a more challenging task where answers are constrained by a list of conditions that logically interact, which requires performing logical reasoning over the conditions to determine the correctness of the answers. Even more challenging, we only provide evidences for a subset of the conditions, so some questions may not have deterministic answers. In such cases, models are asked to find probable answers and identify conditions that need to be satisfied to make the answers correct. We propose a new model, TReasoner, for this challenging reasoning task. TReasoner consists of an entailment module, a reasoning module, and a generation module (if the answers are free-form text spans). TReasoner achieves state-of-the-art performance on two benchmark conditional QA datasets, outperforming the previous state-of-the-art by 3-10 points.",2022,Computation and Language
arxiv-27011,27011,NaturalProver: Grounded Mathematical Proof Generation with Language Models,"Theorem proving in natural mathematical language - the mixture of symbolic and natural language used by humans - plays a central role in mathematical advances and education, and tests aspects of reasoning that are core to intelligence. Yet it has remained underexplored with modern generative models. We study large-scale language models on two new generation tasks: suggesting the next step in a mathematical proof, and full proof generation. We develop NaturalProver, a language model that generates proofs by conditioning on background references (e.g. theorems and definitions that are either retrieved or human-provided), and optionally enforces their presence with constrained decoding. On theorems from the NaturalProofs benchmark, NaturalProver improves the quality of next-step suggestions and generated proofs over fine-tuned GPT-3, according to human evaluations from university-level mathematics students. NaturalProver is capable of proving some theorems that require short (2-6 step) proofs, and providing next-step suggestions that are rated as correct and useful over 40% of the time, which is to our knowledge the first demonstration of these capabilities using neural language models.",2022,Computation and Language
arxiv-27012,27012,New Intent Discovery with Pre-training and Contrastive Learning,"New intent discovery aims to uncover novel intent categories from user utterances to expand the set of supported intent classes. It is a critical task for the development and service expansion of a practical dialogue system. Despite its importance, this problem remains under-explored in the literature. Existing approaches typically rely on a large amount of labeled utterances and employ pseudo-labeling methods for representation learning and clustering, which are label-intensive, inefficient, and inaccurate. In this paper, we provide new solutions to two important research questions for new intent discovery: (1) how to learn semantic utterance representations and (2) how to better cluster utterances. Particularly, we first propose a multi-task pre-training strategy to leverage rich unlabeled data along with external labeled data for representation learning. Then, we design a new contrastive loss to exploit self-supervisory signals in unlabeled data for clustering. Extensive experiments on three intent recognition benchmarks demonstrate the high effectiveness of our proposed method, which outperforms state-of-the-art methods by a large margin in both unsupervised and semi-supervised scenarios. The source code will be available at \url{https://github.com/zhang-yu-wei/MTP-CLNN}.",2022,Computation and Language
arxiv-27013,27013,Transcormer: Transformer for Sentence Scoring with Sliding Language Modeling,"Sentence scoring aims at measuring the likelihood score of a sentence and is widely used in many natural language processing scenarios, like reranking, which is to select the best sentence from multiple candidates. Previous works on sentence scoring mainly adopted either causal language modeling (CLM) like GPT or masked language modeling (MLM) like BERT, which have some limitations: 1) CLM only utilizes unidirectional information for the probability estimation of a sentence without considering bidirectional context, which affects the scoring quality; 2) MLM can only estimate the probability of partial tokens at a time and thus requires multiple forward passes to estimate the probability of the whole sentence, which incurs large computation and time cost. In this paper, we propose \textit{Transcormer} -- a Transformer model with a novel \textit{sliding language modeling} (SLM) for sentence scoring. Specifically, our SLM adopts a triple-stream self-attention mechanism to estimate the probability of all tokens in a sentence with bidirectional context and only requires a single forward pass. SLM can avoid the limitations of CLM (only unidirectional context) and MLM (multiple forward passes) and inherit their advantages, and thus achieve high effectiveness and efficiency in scoring. Experimental results on multiple tasks demonstrate that our method achieves better performance than other language modelings.",2022,Computation and Language
arxiv-27014,27014,Unsupervised Abstractive Dialogue Summarization with Word Graphs and POV Conversion,"We advance the state-of-the-art in unsupervised abstractive dialogue summarization by utilizing multi-sentence compression graphs. Starting from well-founded assumptions about word graphs, we present simple but reliable path-reranking and topic segmentation schemes. Robustness of our method is demonstrated on datasets across multiple domains, including meetings, interviews, movie scripts, and day-to-day conversations. We also identify possible avenues to augment our heuristic-based system with deep learning. We open-source our code, to provide a strong, reproducible baseline for future research into unsupervised dialogue summarization.",2022,Computation and Language
arxiv-27015,27015,Fine-grained Image Captioning with CLIP Reward,"Modern image captioning models are usually trained with text similarity objectives. However, since reference captions in public datasets often describe the most salient common objects, models trained with text similarity objectives tend to ignore specific and detailed aspects of an image that distinguish it from others. Toward more descriptive and distinctive caption generation, we propose using CLIP, a multimodal encoder trained on huge image-text pairs from web, to calculate multimodal similarity and use it as a reward function. We also propose a simple finetuning strategy of the CLIP text encoder to improve grammar that does not require extra text annotation. This completely eliminates the need for reference captions during the reward computation. To comprehensively evaluate descriptive captions, we introduce FineCapEval, a new dataset for caption evaluation with fine-grained criteria: overall, background, object, relations. In our experiments on text-to-image retrieval and FineCapEval, the proposed CLIP-guided model generates more distinctive captions than the CIDEr-optimized model. We also show that our unsupervised grammar finetuning of the CLIP text encoder alleviates the degeneration problem of the naive CLIP reward. Lastly, we show human analysis where the annotators strongly prefer the CLIP reward to the CIDEr and MLE objectives according to various criteria. Code and Data: https://github.com/j-min/CLIP-Caption-Reward",2023,Computation and Language
arxiv-27016,27016,Understanding Metrics for Paraphrasing,"Paraphrase generation is a difficult problem. This is not only because of the limitations in text generation capabilities but also due that to the lack of a proper definition of what qualifies as a paraphrase and corresponding metrics to measure how good it is. Metrics for evaluation of paraphrasing quality is an on going research problem. Most of the existing metrics in use having been borrowed from other tasks do not capture the complete essence of a good paraphrase, and often fail at borderline-cases. In this work, we propose a novel metric $ROUGE_P$ to measure the quality of paraphrases along the dimensions of adequacy, novelty and fluency. We also provide empirical evidence to show that the current natural language generation metrics are insufficient to measure these desired properties of a good paraphrase. We look at paraphrase model fine-tuning and generation from the lens of metrics to gain a deeper understanding of what it takes to generate and evaluate a good paraphrase.",2022,Computation and Language
arxiv-27017,27017,Unsupervised Reinforcement Adaptation for Class-Imbalanced Text Classification,"Class imbalance naturally exists when train and test models in different domains. Unsupervised domain adaptation (UDA) augments model performance with only accessible annotations from the source domain and unlabeled data from the target domain. However, existing state-of-the-art UDA models learn domain-invariant representations and evaluate primarily on class-balanced data across domains. In this work, we propose an unsupervised domain adaptation approach via reinforcement learning that jointly leverages feature variants and imbalanced labels across domains. We experiment with the text classification task for its easily accessible datasets and compare the proposed method with five baselines. Experiments on three datasets prove that our proposed method can effectively learn robust domain-invariant representations and successfully adapt text classifiers on imbalanced classes over domains. The code is available at https://github.com/woqingdoua/ImbalanceClass.",2022,Computation and Language
arxiv-27018,27018,Grammar Detection for Sentiment Analysis through Improved Viterbi Algorithm,"Grammar Detection, also referred to as Parts of Speech Tagging of raw text, is considered an underlying building block of the various Natural Language Processing pipelines like named entity recognition, question answering, and sentiment analysis. In short, forgiven a sentence, Parts of Speech tagging is the task of specifying and tagging each word of a sentence with nouns, verbs, adjectives, adverbs, and more. Sentiment Analysis may well be a procedure accustomed to determining if a given sentence's emotional tone is neutral, positive or negative. To assign polarity scores to the thesis or entities within phrase, in-text analysis and analytics, machine learning and natural language processing, approaches are incorporated. This Sentiment Analysis using POS tagger helps us urge a summary of the broader public over a specific topic. For this, we are using the Viterbi algorithm, Hidden Markov Model, Constraint based Viterbi algorithm for POS tagging. By comparing the accuracies, we select the foremost accurate result of the model for Sentiment Analysis for determining the character of the sentence.",2022,Computation and Language
arxiv-27019,27019,Leveraging Dependency Grammar for Fine-Grained Offensive Language Detection using Graph Convolutional Networks,"The last few years have witnessed an exponential rise in the propagation of offensive text on social media. Identification of this text with high precision is crucial for the well-being of society. Most of the existing approaches tend to give high toxicity scores to innocuous statements (e.g., ""I am a gay man""). These false positives result from over-generalization on the training data where specific terms in the statement may have been used in a pejorative sense (e.g., ""gay""). Emphasis on such words alone can lead to discrimination against the classes these systems are designed to protect. In this paper, we address the problem of offensive language detection on Twitter, while also detecting the type and the target of the offence. We propose a novel approach called SyLSTM, which integrates syntactic features in the form of the dependency parse tree of a sentence and semantic features in the form of word embeddings into a deep learning architecture using a Graph Convolutional Network. Results show that the proposed approach significantly outperforms the state-of-the-art BERT model with orders of magnitude fewer number of parameters.",2022,Computation and Language
arxiv-27020,27020,Revisiting Generative Commonsense Reasoning: A Pre-Ordering Approach,"Pre-trained models (PTMs) have lead to great improvements in natural language generation (NLG). However, it is still unclear how much commonsense knowledge they possess. With the goal of evaluating commonsense knowledge of NLG models, recent work has proposed the problem of generative commonsense reasoning, e.g., to compose a logical sentence given a set of unordered concepts. Existing approaches to this problem hypothesize that PTMs lack sufficient parametric knowledge for this task, which can be overcome by introducing external knowledge or task-specific pre-training objectives. Different from this trend, we argue that PTM's inherent ability for generative commonsense reasoning is underestimated due to the order-agnostic property of its input. In particular, we hypothesize that the order of the input concepts can affect the PTM's ability to utilize its commonsense knowledge. To this end, we propose a pre-ordering approach to elaborately manipulate the order of the given concepts before generation. Experiments show that our approach can outperform the more sophisticated models that have access to a lot of external data and resources.",2022,Computation and Language
arxiv-27021,27021,Other Roles Matter! Enhancing Role-Oriented Dialogue Summarization via Role Interactions,"Role-oriented dialogue summarization is to generate summaries for different roles in the dialogue, e.g., merchants and consumers. Existing methods handle this task by summarizing each role's content separately and thus are prone to ignore the information from other roles. However, we believe that other roles' content could benefit the quality of summaries, such as the omitted information mentioned by other roles. Therefore, we propose a novel role interaction enhanced method for role-oriented dialogue summarization. It adopts cross attention and decoder self-attention interactions to interactively acquire other roles' critical information. The cross attention interaction aims to select other roles' critical dialogue utterances, while the decoder self-attention interaction aims to obtain key information from other roles' summaries. Experimental results have shown that our proposed method significantly outperforms strong baselines on two public role-oriented dialogue summarization datasets. Extensive analyses have demonstrated that other roles' content could help generate summaries with more complete semantics and correct topic structures.",2022,Computation and Language
arxiv-27022,27022,Federated Split BERT for Heterogeneous Text Classification,"Pre-trained BERT models have achieved impressive performance in many natural language processing (NLP) tasks. However, in many real-world situations, textual data are usually decentralized over many clients and unable to be uploaded to a central server due to privacy protection and regulations. Federated learning (FL) enables multiple clients collaboratively to train a global model while keeping the local data privacy. A few researches have investigated BERT in federated learning setting, but the problem of performance loss caused by heterogeneous (e.g., non-IID) data over clients remain under-explored. To address this issue, we propose a framework, FedSplitBERT, which handles heterogeneous data and decreases the communication cost by splitting the BERT encoder layers into local part and global part. The local part parameters are trained by the local client only while the global part parameters are trained by aggregating gradients of multiple clients. Due to the sheer size of BERT, we explore a quantization method to further reduce the communication cost with minimal performance loss. Our framework is ready-to-use and compatible to many existing federated learning algorithms, including FedAvg, FedProx and FedAdam. Our experiments verify the effectiveness of the proposed framework, which outperforms baseline methods by a significant margin, while FedSplitBERT with quantization can reduce the communication cost by $11.9\times$.",2022,Computation and Language
arxiv-27023,27023,Federated Non-negative Matrix Factorization for Short Texts Topic Modeling with Mutual Information,"Non-negative matrix factorization (NMF) based topic modeling is widely used in natural language processing (NLP) to uncover hidden topics of short text documents. Usually, training a high-quality topic model requires large amount of textual data. In many real-world scenarios, customer textual data should be private and sensitive, precluding uploading to data centers. This paper proposes a Federated NMF (FedNMF) framework, which allows multiple clients to collaboratively train a high-quality NMF based topic model with locally stored data. However, standard federated learning will significantly undermine the performance of topic models in downstream tasks (e.g., text classification) when the data distribution over clients is heterogeneous. To alleviate this issue, we further propose FedNMF+MI, which simultaneously maximizes the mutual information (MI) between the count features of local texts and their topic weight vectors to mitigate the performance degradation. Experimental results show that our FedNMF+MI methods outperform Federated Latent Dirichlet Allocation (FedLDA) and the FedNMF without MI methods for short texts by a significant margin on both coherence score and classification F1 score.",2022,Computation and Language
arxiv-27024,27024,Target-aware Abstractive Related Work Generation with Contrastive Learning,"The related work section is an important component of a scientific paper, which highlights the contribution of the target paper in the context of the reference papers. Authors can save their time and effort by using the automatically generated related work section as a draft to complete the final related work. Most of the existing related work section generation methods rely on extracting off-the-shelf sentences to make a comparative discussion about the target work and the reference papers. However, such sentences need to be written in advance and are hard to obtain in practice. Hence, in this paper, we propose an abstractive target-aware related work generator (TAG), which can generate related work sections consisting of new sentences. Concretely, we first propose a target-aware graph encoder, which models the relationships between reference papers and the target paper with target-centered attention mechanisms. In the decoding process, we propose a hierarchical decoder that attends to the nodes of different levels in the graph with keyphrases as semantic indicators. Finally, to generate a more informative related work, we propose multi-level contrastive optimization objectives, which aim to maximize the mutual information between the generated related work with the references and minimize that with non-references. Extensive experiments on two public scholar datasets show that the proposed model brings substantial improvements over several strong baselines in terms of automatic and tailored human evaluations.",2022,Computation and Language
arxiv-27025,27025,Keywords and Instances: A Hierarchical Contrastive Learning Framework Unifying Hybrid Granularities for Text Generation,"Contrastive learning has achieved impressive success in generation tasks to militate the ""exposure bias"" problem and discriminatively exploit the different quality of references. Existing works mostly focus on contrastive learning on the instance-level without discriminating the contribution of each word, while keywords are the gist of the text and dominant the constrained mapping relationships. Hence, in this work, we propose a hierarchical contrastive learning mechanism, which can unify hybrid granularities semantic meaning in the input text. Concretely, we first propose a keyword graph via contrastive correlations of positive-negative pairs to iteratively polish the keyword representations. Then, we construct intra-contrasts within instance-level and keyword-level, where we assume words are sampled nodes from a sentence distribution. Finally, to bridge the gap between independent contrast levels and tackle the common contrast vanishing problem, we propose an inter-contrast mechanism that measures the discrepancy between contrastive keyword nodes respectively to the instance distribution. Experiments demonstrate that our model outperforms competitive baselines on paraphrasing, dialogue generation, and storytelling tasks.",2022,Computation and Language
arxiv-27026,27026,The Document Vectors Using Cosine Similarity Revisited,"The current state-of-the-art test accuracy (97.42\%) on the IMDB movie reviews dataset was reported by \citet{thongtan-phienthrakul-2019-sentiment} and achieved by the logistic regression classifier trained on the Document Vectors using Cosine Similarity (DV-ngrams-cosine) proposed in their paper and the Bag-of-N-grams (BON) vectors scaled by Naive Bayesian weights. While large pre-trained Transformer-based models have shown SOTA results across many datasets and tasks, the aforementioned model has not been surpassed by them, despite being much simpler and pre-trained on the IMDB dataset only. In this paper, we describe an error in the evaluation procedure of this model, which was found when we were trying to analyze its excellent performance on the IMDB dataset. We further show that the previously reported test accuracy of 97.42\% is invalid and should be corrected to 93.68\%. We also analyze the model performance with different amounts of training data (subsets of the IMDB dataset) and compare it to the Transformer-based RoBERTa model. The results show that while RoBERTa has a clear advantage for larger training sets, the DV-ngrams-cosine performs better than RoBERTa when the labelled training set is very small (10 or 20 documents). Finally, we introduce a sub-sampling scheme based on Naive Bayesian weights for the training process of the DV-ngrams-cosine, which leads to faster training and better quality.",2022,Computation and Language
arxiv-27027,27027,Jointly Learning Span Extraction and Sequence Labeling for Information Extraction from Business Documents,"This paper introduces a new information extraction model for business documents. Different from prior studies which only base on span extraction or sequence labeling, the model takes into account advantage of both span extraction and sequence labeling. The combination allows the model to deal with long documents with sparse information (the small amount of extracted information). The model is trained end-to-end to jointly optimize the two tasks in a unified manner. Experimental results on four business datasets in English and Japanese show that the model achieves promising results and is significantly faster than the normal span-based extraction method. The code is also available.",2022,Computation and Language
arxiv-27028,27028,Learning Dialogue Representations from Consecutive Utterances,"Learning high-quality dialogue representations is essential for solving a variety of dialogue-oriented tasks, especially considering that dialogue systems often suffer from data scarcity. In this paper, we introduce Dialogue Sentence Embedding (DSE), a self-supervised contrastive learning method that learns effective dialogue representations suitable for a wide range of dialogue tasks. DSE learns from dialogues by taking consecutive utterances of the same dialogue as positive pairs for contrastive learning. Despite its simplicity, DSE achieves significantly better representation capability than other dialogue representation and universal sentence representation models. We evaluate DSE on five downstream dialogue tasks that examine dialogue representation at different semantic granularities. Experiments in few-shot and zero-shot settings show that DSE outperforms baselines by a large margin. For example, it achieves 13% average performance improvement over the strongest unsupervised baseline in 1-shot intent classification on 6 datasets. We also provide analyses on the benefits and limitations of our model.",2022,Computation and Language
arxiv-27029,27029,Clinical Dialogue Transcription Error Correction using Seq2Seq Models,"Good communication is critical to good healthcare. Clinical dialogue is a conversation between health practitioners and their patients, with the explicit goal of obtaining and sharing medical information. This information contributes to medical decision-making regarding the patient and plays a crucial role in their healthcare journey. The reliance on note taking and manual scribing processes are extremely inefficient and leads to manual transcription errors when digitizing notes. Automatic Speech Recognition (ASR) plays a significant role in speech-to-text applications, and can be directly used as a text generator in conversational applications. However, recording clinical dialogue presents a number of general and domain-specific challenges. In this paper, we present a seq2seq learning approach for ASR transcription error correction of clinical dialogues. We introduce a new Gastrointestinal Clinical Dialogue (GCD) Dataset which was gathered by healthcare professionals from a NHS Inflammatory Bowel Disease clinic and use this in a comparative study with four commercial ASR systems. Using self-supervision strategies, we fine-tune a seq2seq model on a mask-filling task using a domain-specific PubMed dataset which we have shared publicly for future research. The BART model fine-tuned for mask-filling was able to correct transcription errors and achieve lower word error rates for three out of four commercial ASR outputs.",2022,Computation and Language
arxiv-27030,27030,Differentially Private Decoding in Large Language Models,"Recent large-scale natural language processing (NLP) systems use a pre-trained Large Language Model (LLM) on massive and diverse corpora as a headstart. In practice, the pre-trained model is adapted to a wide array of tasks via fine-tuning on task-specific datasets. LLMs, while effective, have been shown to memorize instances of training data thereby potentially revealing private information processed during pre-training. The potential leakage might further propagate to the downstream tasks for which LLMs are fine-tuned. On the other hand, privacy-preserving algorithms usually involve retraining from scratch, which is prohibitively expensive for LLMs. In this work, we propose a simple, easy to interpret, and computationally lightweight perturbation mechanism to be applied to an already trained model at the decoding stage. Our perturbation mechanism is model-agnostic and can be used in conjunction with any LLM. We provide theoretical analysis showing that the proposed mechanism is differentially private, and experimental results showing a privacy-utility trade-off.",2022,Computation and Language
arxiv-27031,27031,Quark: Controllable Text Generation with Reinforced Unlearning,"Large-scale language models often learn behaviors that are misaligned with user expectations. Generated text may contain offensive or toxic language, contain significant repetition, or be of a different sentiment than desired by the user. We consider the task of unlearning these misalignments by fine-tuning the language model on signals of what not to do. We introduce Quantized Reward Konditioning (Quark), an algorithm for optimizing a reward function that quantifies an (un)wanted property, while not straying too far from the original model. Quark alternates between (i) collecting samples with the current language model, (ii) sorting them into quantiles based on reward, with each quantile identified by a reward token prepended to the language model's input, and (iii) using a standard language modeling loss on samples from each quantile conditioned on its reward token, while remaining nearby the original language model via a KL-divergence penalty. By conditioning on a high-reward token at generation time, the model generates text that exhibits less of the unwanted property. For unlearning toxicity, negative sentiment, and repetition, our experiments show that Quark outperforms both strong baselines and state-of-the-art reinforcement learning methods like PPO (Schulman et al. 2017), while relying only on standard language modeling primitives.",2022,Computation and Language
arxiv-27032,27032,Contextual Adapters for Personalized Speech Recognition in Neural Transducers,"Personal rare word recognition in end-to-end Automatic Speech Recognition (E2E ASR) models is a challenge due to the lack of training data. A standard way to address this issue is with shallow fusion methods at inference time. However, due to their dependence on external language models and the deterministic approach to weight boosting, their performance is limited. In this paper, we propose training neural contextual adapters for personalization in neural transducer based ASR models. Our approach can not only bias towards user-defined words, but also has the flexibility to work with pretrained ASR models. Using an in-house dataset, we demonstrate that contextual adapters can be applied to any general purpose pretrained ASR model to improve personalization. Our method outperforms shallow fusion, while retaining functionality of the pretrained models by not altering any of the model weights. We further show that the adapter style training is superior to full-fine-tuning of the ASR models on datasets with user-defined content.",2022,Computation and Language
arxiv-27033,27033,HiJoNLP at SemEval-2022 Task 2: Detecting Idiomaticity of Multiword Expressions using Multilingual Pretrained Language Models,"This paper describes an approach to detect idiomaticity only from the contextualized representation of a MWE over multilingual pretrained language models. Our experiments find that larger models are usually more effective in idiomaticity detection. However, using a higher layer of the model may not guarantee a better performance. In multilingual scenarios, the convergence of different languages are not consistent and rich-resource languages have big advantages over other languages.",2022,Computation and Language
arxiv-27034,27034,Understanding Long Programming Languages with Structure-Aware Sparse Attention,"Programming-based Pre-trained Language Models (PPLMs) such as CodeBERT have achieved great success in many downstream code-related tasks. Since the memory and computational complexity of self-attention in the Transformer grow quadratically with the sequence length, PPLMs typically limit the code length to 512. However, codes in real-world applications are generally long, such as code searches, which cannot be processed efficiently by existing PPLMs. To solve this problem, in this paper, we present SASA, a Structure-Aware Sparse Attention mechanism, which reduces the complexity and improves performance for long code understanding tasks. The key components in SASA are top-$k$ sparse attention and Abstract Syntax Tree (AST)-based structure-aware attention. With top-$k$ sparse attention, the most crucial attention relation can be obtained with a lower computational cost. As the code structure represents the logic of the code statements, which is a complement to the code sequence characteristics, we further introduce AST structures into attention. Extensive experiments on CodeXGLUE tasks show that SASA achieves better performance than the competing baselines.",2022,Computation and Language
arxiv-27035,27035,NLU for Game-based Learning in Real: Initial Evaluations,"Intelligent systems designed for play-based interactions should be contextually aware of the users and their surroundings. Spoken Dialogue Systems (SDS) are critical for these interactive agents to carry out effective goal-oriented communication with users in real-time. For the real-world (i.e., in-the-wild) deployment of such conversational agents, improving the Natural Language Understanding (NLU) module of the goal-oriented SDS pipeline is crucial, especially with limited task-specific datasets. This study explores the potential benefits of a recently proposed transformer-based multi-task NLU architecture, mainly to perform Intent Recognition on small-size domain-specific educational game datasets. The evaluation datasets were collected from children practicing basic math concepts via play-based interactions in game-based learning settings. We investigate the NLU performances on the initial proof-of-concept game datasets versus the real-world deployment datasets and observe anticipated performance drops in-the-wild. We have shown that compared to the more straightforward baseline approaches, Dual Intent and Entity Transformer (DIET) architecture is robust enough to handle real-world data to a large extent for the Intent Recognition task on these domain-specific in-the-wild game datasets.",2022,Computation and Language
arxiv-27036,27036,IGLU 2022: Interactive Grounded Language Understanding in a Collaborative Environment at NeurIPS 2022,"Human intelligence has the remarkable ability to adapt to new tasks and environments quickly. Starting from a very young age, humans acquire new skills and learn how to solve new tasks either by imitating the behavior of others or by following provided natural language instructions. To facilitate research in this direction, we propose IGLU: Interactive Grounded Language Understanding in a Collaborative Environment. The primary goal of the competition is to approach the problem of how to develop interactive embodied agents that learn to solve a task while provided with grounded natural language instructions in a collaborative environment. Understanding the complexity of the challenge, we split it into sub-tasks to make it feasible for participants. This research challenge is naturally related, but not limited, to two fields of study that are highly relevant to the NeurIPS community: Natural Language Understanding and Generation (NLU/G) and Reinforcement Learning (RL). Therefore, the suggested challenge can bring two communities together to approach one of the crucial challenges in AI. Another critical aspect of the challenge is the dedication to perform a human-in-the-loop evaluation as a final evaluation for the agents developed by contestants.",2022,Computation and Language
arxiv-27037,27037,Text-Based Automatic Personality Prediction Using KGrAt-Net; A Knowledge Graph Attention Network Classifier,"Nowadays, a tremendous amount of human communications occur on Internet-based communication infrastructures, like social networks, email, forums, organizational communication platforms, etc. Indeed, the automatic prediction or assessment of individuals' personalities through their written or exchanged text would be advantageous to ameliorate their relationships. To this end, this paper aims to propose KGrAt-Net, which is a Knowledge Graph Attention Network text classifier. For the first time, it applies the knowledge graph attention network to perform Automatic Personality Prediction (APP), according to the Big Five personality traits. After performing some preprocessing activities, it first tries to acquire a knowing-full representation of the knowledge behind the concepts in the input text by building its equivalent knowledge graph. A knowledge graph collects interlinked descriptions of concepts, entities, and relationships in a machine-readable form. Practically, it provides a machine-readable cognitive understanding of concepts and semantic relationships among them. Then, applying the attention mechanism, it attempts to pay attention to the most relevant parts of the graph to predict the personality traits of the input text. We used 2,467 essays from the Essays Dataset. The results demonstrated that KGrAt-Net considerably improved personality prediction accuracies (up to 70.26% on average). Furthermore, KGrAt-Net also uses knowledge graph embedding to enrich the classification, which makes it even more accurate (on average, 72.41%) in APP.",2023,Computation and Language
arxiv-27038,27038,kNN-Prompt: Nearest Neighbor Zero-Shot Inference,"Retrieval-augmented language models (LMs) use non-parametric memory to substantially outperform their non-retrieval counterparts on perplexity-based evaluations, but it is an open question whether they achieve similar gains in few- and zero-shot end-task accuracy. We extensively study one such model, the k-nearest neighbor LM (kNN-LM), showing that the gains marginally transfer. The main challenge is to achieve coverage of the verbalizer tokens that define the different end-task class labels. To address this challenge, we also introduce kNN-Prompt, a simple and effective kNN-LM with automatically expanded fuzzy verbalizers (e.g. to expand terrible to also include silly and other task-specific synonyms for sentiment classification). Across nine diverse end-tasks, using kNN-Prompt with GPT-2 large yields significant performance boosts over strong zero-shot baselines (13.4% absolute improvement over the base LM on average). We also show that other advantages of non-parametric augmentation hold for end tasks; kNN-Prompt is effective for domain adaptation with no further training, and gains increase with the size of the retrieval model.",2022,Computation and Language
arxiv-27039,27039,Semeval-2022 Task 1: CODWOE -- Comparing Dictionaries and Word Embeddings,"Word embeddings have advanced the state of the art in NLP across numerous tasks. Understanding the contents of dense neural representations is of utmost interest to the computational semantics community. We propose to focus on relating these opaque word vectors with human-readable definitions, as found in dictionaries. This problem naturally divides into two subtasks: converting definitions into embeddings, and converting embeddings into definitions. This task was conducted in a multilingual setting, using comparable sets of embeddings trained homogeneously.",2022,Computation and Language
arxiv-27040,27040,EmoInHindi: A Multi-label Emotion and Intensity Annotated Dataset in Hindi for Emotion Recognition in Dialogues,"The long-standing goal of Artificial Intelligence (AI) has been to create human-like conversational systems. Such systems should have the ability to develop an emotional connection with the users, hence emotion recognition in dialogues is an important task. Emotion detection in dialogues is a challenging task because humans usually convey multiple emotions with varying degrees of intensities in a single utterance. Moreover, emotion in an utterance of a dialogue may be dependent on previous utterances making the task more complex. Emotion recognition has always been in great demand. However, most of the existing datasets for multi-label emotion and intensity detection in conversations are in English. To this end, we create a large conversational dataset in Hindi named EmoInHindi for multi-label emotion and intensity recognition in conversations containing 1,814 dialogues with a total of 44,247 utterances. We prepare our dataset in a Wizard-of-Oz manner for mental health and legal counselling of crime victims. Each utterance of the dialogue is annotated with one or more emotion categories from the 16 emotion classes including neutral, and their corresponding intensity values. We further propose strong contextual baselines that can detect emotion(s) and the corresponding intensity of an utterance given the conversational context.",2022,Computation and Language
arxiv-27041,27041,Commonsense and Named Entity Aware Knowledge Grounded Dialogue Generation,"Grounding dialogue on external knowledge and interpreting linguistic patterns in dialogue history context, such as ellipsis, anaphora, and co-references is critical for dialogue comprehension and generation. In this paper, we present a novel open-domain dialogue generation model which effectively utilizes the large-scale commonsense and named entity based knowledge in addition to the unstructured topic-specific knowledge associated with each utterance. We enhance the commonsense knowledge with named entity-aware structures using co-references. Our proposed model utilizes a multi-hop attention layer to preserve the most accurate and critical parts of the dialogue history and the associated knowledge. In addition, we employ a Commonsense and Named Entity Enhanced Attention Module, which starts with the extracted triples from various sources and gradually finds the relevant supporting set of triples using multi-hop attention with the query vector obtained from the interactive dialogue-knowledge module. Empirical results on two benchmark dataset demonstrate that our model significantly outperforms the state-of-the-art methods in terms of both automatic evaluation metrics and human judgment. Our code is publicly available at \href{https://github.com/deekshaVarshney/CNTF}{https://github.com/deekshaVarshney/CNTF}; \href{https://www.iitp.ac.in/~ai-nlp-ml/resources/codes/CNTF.zip}{https://www.iitp.ac.in/-ai-nlp-ml/resources/ codes/CNTF.zip}.",2022,Computation and Language
arxiv-27042,27042,Punctuation Restoration in Spanish Customer Support Transcripts using Transfer Learning,"Automatic Speech Recognition (ASR) systems typically produce unpunctuated transcripts that have poor readability. In addition, building a punctuation restoration system is challenging for low-resource languages, especially for domain-specific applications. In this paper, we propose a Spanish punctuation restoration system designed for a real-time customer support transcription service. To address the data sparsity of Spanish transcripts in the customer support domain, we introduce two transfer-learning-based strategies: 1) domain adaptation using out-of-domain Spanish text data; 2) cross-lingual transfer learning leveraging in-domain English transcript data. Our experiment results show that these strategies improve the accuracy of the Spanish punctuation restoration system.",2022,Computation and Language
arxiv-27043,27043,StereoKG: Data-Driven Knowledge Graph Construction for Cultural Knowledge and Stereotypes,"Analyzing ethnic or religious bias is important for improving fairness, accountability, and transparency of natural language processing models. However, many techniques rely on human-compiled lists of bias terms, which are expensive to create and are limited in coverage. In this study, we present a fully data-driven pipeline for generating a knowledge graph (KG) of cultural knowledge and stereotypes. Our resulting KG covers 5 religious groups and 5 nationalities and can easily be extended to include more entities. Our human evaluation shows that the majority (59.2%) of non-singleton entries are coherent and complete stereotypes. We further show that performing intermediate masked language model training on the verbalized KG leads to a higher level of cultural awareness in the model and has the potential to increase classification performance on knowledge-crucial samples on a related task, i.e., hate speech detection.",2022,Computation and Language
arxiv-27044,27044,UAlberta at SemEval 2022 Task 2: Leveraging Glosses and Translations for Multilingual Idiomaticity Detection,"We describe the University of Alberta systems for the SemEval-2022 Task 2 on multilingual idiomaticity detection. Working under the assumption that idiomatic expressions are noncompositional, our first method integrates information on the meanings of the individual words of an expression into a binary classifier. Further hypothesizing that literal and idiomatic expressions translate differently, our second method translates an expression in context, and uses a lexical knowledge base to determine if the translation is literal. Our approaches are grounded in linguistic phenomena, and leverage existing sources of lexical knowledge. Our results offer support for both approaches, particularly the former.",2022,Computation and Language
arxiv-27045,27045,Patching Leaks in the Charformer for Efficient Character-Level Generation,"Character-based representations have important advantages over subword-based ones for morphologically rich languages. They come with increased robustness to noisy input and do not need a separate tokenization step. However, they also have a crucial disadvantage: they notably increase the length of text sequences. The GBST method from Charformer groups (aka downsamples) characters to solve this, but allows information to leak when applied to a Transformer decoder. We solve this information leak issue, thereby enabling character grouping in the decoder. We show that Charformer downsampling has no apparent benefits in NMT over previous downsampling methods in terms of translation quality, however it can be trained roughly 30% faster. Promising performance on English--Turkish translation indicate the potential of character-level models for morphologically-rich languages.",2022,Computation and Language
arxiv-27046,27046,CEBaB: Estimating the Causal Effects of Real-World Concepts on NLP Model Behavior,"The increasing size and complexity of modern ML systems has improved their predictive capabilities but made their behavior harder to explain. Many techniques for model explanation have been developed in response, but we lack clear criteria for assessing these techniques. In this paper, we cast model explanation as the causal inference problem of estimating causal effects of real-world concepts on the output behavior of ML models given actual input data. We introduce CEBaB, a new benchmark dataset for assessing concept-based explanation methods in Natural Language Processing (NLP). CEBaB consists of short restaurant reviews with human-generated counterfactual reviews in which an aspect (food, noise, ambiance, service) of the dining experience was modified. Original and counterfactual reviews are annotated with multiply-validated sentiment ratings at the aspect-level and review-level. The rich structure of CEBaB allows us to go beyond input features to study the effects of abstract, real-world concepts on model behavior. We use CEBaB to compare the quality of a range of concept-based explanation methods covering different assumptions and conceptions of the problem, and we seek to establish natural metrics for comparative assessments of these methods.",2022,Computation and Language
arxiv-27047,27047,Who is we? Disambiguating the referents of first person plural pronouns in parliamentary debates,This paper investigates the use of first person plural pronouns as a rhetorical device in political speeches. We present an annotation schema for disambiguating pronoun references and use our schema to create an annotated corpus of debates from the German Bundestag. We then use our corpus to learn to automatically resolve pronoun referents in parliamentary debates. We explore the use of data augmentation with weak supervision to further expand our corpus and report preliminary results.,2022,Computation and Language
arxiv-27048,27048,StarGraph: Knowledge Representation Learning based on Incomplete Two-hop Subgraph,"Conventional representation learning algorithms for knowledge graphs (KG) map each entity to a unique embedding vector, ignoring the rich information contained in the neighborhood. We propose a method named StarGraph, which gives a novel way to utilize the neighborhood information for large-scale knowledge graphs to obtain entity representations. An incomplete two-hop neighborhood subgraph for each target node is at first generated, then processed by a modified self-attention network to obtain the entity representation, which is used to replace the entity embedding in conventional methods. We achieved SOTA performance on ogbl-wikikg2 and got competitive results on fb15k-237. The experimental results proves that StarGraph is efficient in parameters, and the improvement made on ogbl-wikikg2 demonstrates its great effectiveness of representation learning on large-scale knowledge graphs. The code is now available at \url{https://github.com/hzli-ucas/StarGraph}.",2023,Computation and Language
arxiv-27049,27049,Diffusion-LM Improves Controllable Text Generation,"Controlling the behavior of language models (LMs) without re-training is a major open problem in natural language generation. While recent works have demonstrated successes on controlling simple sentence attributes (e.g., sentiment), there has been little progress on complex, fine-grained controls (e.g., syntactic structure). To address this challenge, we develop a new non-autoregressive language model based on continuous diffusions that we call Diffusion-LM. Building upon the recent successes of diffusion models in continuous domains, Diffusion-LM iteratively denoises a sequence of Gaussian vectors into word vectors, yielding a sequence of intermediate latent variables. The continuous, hierarchical nature of these intermediate variables enables a simple gradient-based algorithm to perform complex, controllable generation tasks. We demonstrate successful control of Diffusion-LM for six challenging fine-grained control tasks, significantly outperforming prior work.",2022,Computation and Language
arxiv-36000,36000,"Blackbird language matrices (BLM), a new task for rule-like generalization in neural networks: Motivations and Formal Specifications","We motivate and formally define a new task for fine-tuning rule-like generalization in large language models. It is conjectured that the shortcomings of current LLMs are due to a lack of ability to generalize. It has been argued that, instead, humans are better at generalization because they have a tendency at extracting rules from complex data. We try to recreate this tendency to rule-based generalization. When exposed to tests of analytic intelligence, for example, the visual RAVEN IQ test, human problem-solvers identify the relevant objects in the picture and their relevant attributes and reason based on rules applied to these objects and attributes. Based on the induced rules, they are able to provide a solution to the test. We propose a task that translates this IQ task into language. In this paper, we provide the formal specification for the task and the generative process of its datasets.",2023,Computation and Language
arxiv-36001,36001,Timestamped Embedding-Matching Acoustic-to-Word CTC ASR,"In this work, we describe a novel method of training an embedding-matching word-level connectionist temporal classification (CTC) automatic speech recognizer (ASR) such that it directly produces word start times and durations, required by many real-world applications, in addition to the transcription. The word timestamps enable the ASR to output word segmentations and word confusion networks without relying on a secondary model or forced alignment process when testing. Our proposed system has similar word segmentation accuracy as a hybrid DNN-HMM (Deep Neural Network-Hidden Markov Model) system, with less than 3ms difference in mean absolute error in word start times on TIMIT data. At the same time, we observed less than 5% relative increase in the word error rate compared to the non-timestamped system when using the same audio training data and nearly identical model size. We also contribute more rigorous analysis of multiple-hypothesis embedding-matching ASR in general.",2023,Computation and Language
arxiv-36002,36002,CATS: A Pragmatic Chinese Answer-to-Sequence Dataset with Large Scale and High Quality,"There are three problems existing in the popular data-to-text datasets. First, the large-scale datasets either contain noise or lack real application scenarios. Second, the datasets close to real applications are relatively small in size. Last, current datasets bias in the English language while leaving other languages underexplored. To alleviate these limitations, in this paper, we present CATS, a pragmatic Chinese answer-to-sequence dataset with large scale and high quality. The dataset aims to generate textual descriptions for the answer in the practical TableQA system. Further, to bridge the structural gap between the input SQL and table and establish better semantic alignments, we propose a Unified Graph Transformation approach to establish a joint encoding space for the two hybrid knowledge resources and convert this task to a graph-to-text problem. The experiment results demonstrate the effectiveness of our proposed method. Further analysis on CATS attests to both the high quality and challenges of the dataset.",2023,Computation and Language
arxiv-36003,36003,Explicit Syntactic Guidance for Neural Text Generation,"Most existing text generation models follow the sequence-to-sequence paradigm. Generative Grammar suggests that humans generate natural language texts by learning language grammar. We propose a syntax-guided generation schema, which generates the sequence guided by a constituency parse tree in a top-down direction. The decoding process can be decomposed into two parts: (1) predicting the infilling texts for each constituent in the lexicalized syntax context given the source sentence; (2) mapping and expanding each constituent to construct the next-level syntax context. Accordingly, we propose a structural beam search method to find possible syntax structures hierarchically. Experiments on paraphrase generation and machine translation show that the proposed method outperforms autoregressive baselines, while also demonstrating effectiveness in terms of interpretability, controllability, and diversity.",2023,Computation and Language
arxiv-36004,36004,Give Us the Facts: Enhancing Large Language Models with Knowledge Graphs for Fact-aware Language Modeling,"Recently, ChatGPT, a representative large language model (LLM), has gained considerable attention due to its powerful emergent abilities. Some researchers suggest that LLMs could potentially replace structured knowledge bases like knowledge graphs (KGs) and function as parameterized knowledge bases. However, while LLMs are proficient at learning probabilistic language patterns based on large corpus and engaging in conversations with humans, they, like previous smaller pre-trained language models (PLMs), still have difficulty in recalling facts while generating knowledge-grounded contents. To overcome these limitations, researchers have proposed enhancing data-driven PLMs with knowledge-based KGs to incorporate explicit factual knowledge into PLMs, thus improving their performance to generate texts requiring factual knowledge and providing more informed responses to user queries. This paper reviews the studies on enhancing PLMs with KGs, detailing existing knowledge graph enhanced pre-trained language models (KGPLMs) as well as their applications. Inspired by existing studies on KGPLM, this paper proposes to enhance LLMs with KGs by developing knowledge graph-enhanced large language models (KGLLMs). KGLLM provides a solution to enhance LLMs' factual reasoning ability, opening up new avenues for LLM research.",2024,Computation and Language
arxiv-36005,36005,TrustGPT: A Benchmark for Trustworthy and Responsible Large Language Models,"Large Language Models (LLMs) such as ChatGPT, have gained significant attention due to their impressive natural language processing capabilities. It is crucial to prioritize human-centered principles when utilizing these models. Safeguarding the ethical and moral compliance of LLMs is of utmost importance. However, individual ethical issues have not been well studied on the latest LLMs. Therefore, this study aims to address these gaps by introducing a new benchmark -- TrustGPT. TrustGPT provides a comprehensive evaluation of LLMs in three crucial areas: toxicity, bias, and value-alignment. Initially, TrustGPT examines toxicity in language models by employing toxic prompt templates derived from social norms. It then quantifies the extent of bias in models by measuring quantifiable toxicity values across different groups. Lastly, TrustGPT assesses the value of conversation generation models from both active value-alignment and passive value-alignment tasks. Through the implementation of TrustGPT, this research aims to enhance our understanding of the performance of conversation generation models and promote the development of language models that are more ethical and socially responsible.",2023,Computation and Language
arxiv-36006,36006,One model to rule them all: ranking Slovene summarizers,"Text summarization is an essential task in natural language processing, and researchers have developed various approaches over the years, ranging from rule-based systems to neural networks. However, there is no single model or approach that performs well on every type of text. We propose a system that recommends the most suitable summarization model for a given text. The proposed system employs a fully connected neural network that analyzes the input content and predicts which summarizer should score the best in terms of ROUGE score for a given input. The meta-model selects among four different summarization models, developed for the Slovene language, using different properties of the input, in particular its Doc2Vec document representation. The four Slovene summarization models deal with different challenges associated with text summarization in a less-resourced language. We evaluate the proposed SloMetaSum model performance automatically and parts of it manually. The results show that the system successfully automates the step of manually selecting the best model.",2023,Computation and Language
arxiv-36007,36007,Hallucination is the last thing you need,"The legal profession necessitates a multidimensional approach that involves synthesizing an in-depth comprehension of a legal issue with insightful commentary based on personal experience, combined with a comprehensive understanding of pertinent legislation, regulation, and case law, in order to deliver an informed legal solution. The present offering with generative AI presents major obstacles in replicating this, as current models struggle to integrate and navigate such a complex interplay of understanding, experience, and fact-checking procedures. It is noteworthy that where generative AI outputs understanding and experience, which reflect the aggregate of various subjective views on similar topics, this often deflects the model's attention from the crucial legal facts, thereby resulting in hallucination. Hence, this paper delves into the feasibility of three independent LLMs, each focused on understanding, experience, and facts, synthesising as one single ensemble model to effectively counteract the current challenges posed by the existing monolithic generative AI models. We introduce an idea of mutli-length tokenisation to protect key information assets like common law judgements, and finally we interrogate the most advanced publicly available models for legal hallucination, with some interesting results.",2023,Computation and Language
arxiv-36008,36008,The Ecological Fallacy in Annotation: Modelling Human Label Variation goes beyond Sociodemographics,"Many NLP tasks exhibit human label variation, where different annotators give different labels to the same texts. This variation is known to depend, at least in part, on the sociodemographics of annotators. Recent research aims to model individual annotator behaviour rather than predicting aggregated labels, and we would expect that sociodemographic information is useful for these models. On the other hand, the ecological fallacy states that aggregate group behaviour, such as the behaviour of the average female annotator, does not necessarily explain individual behaviour. To account for sociodemographics in models of individual annotator behaviour, we introduce group-specific layers to multi-annotator models. In a series of experiments for toxic content detection, we find that explicitly accounting for sociodemographic attributes in this way does not significantly improve model performance. This result shows that individual annotation behaviour depends on much more than just sociodemographics.",2023,Computation and Language
arxiv-36009,36009,FAIR: A Causal Framework for Accurately Inferring Judgments Reversals,"Artificial intelligence researchers have made significant advances in legal intelligence in recent years. However, the existing studies have not focused on the important value embedded in judgments reversals, which limits the improvement of the efficiency of legal intelligence. In this paper, we propose a causal Framework for Accurately Inferring case Reversals (FAIR), which models the problem of judgments reversals based on real Chinese judgments. We mine the causes of judgments reversals by causal inference methods and inject the obtained causal relationships into the neural network as a priori knowledge. And then, our framework is validated on a challenging dataset as a legal judgment prediction task. The experimental results show that our framework can tap the most critical factors in judgments reversal, and the obtained causal relationships can effectively improve the neural network's performance. In addition, we discuss the generalization ability of large language models for legal intelligence tasks using ChatGPT as an example. Our experiment has found that the generalization ability of large language models still has defects, and mining causal relationships can effectively improve the accuracy and explain ability of model predictions.",2023,Computation and Language
arxiv-36010,36010,Textbooks Are All You Need,"We introduce phi-1, a new large language model for code, with significantly smaller size than competing models: phi-1 is a Transformer-based model with 1.3B parameters, trained for 4 days on 8 A100s, using a selection of ``textbook quality"" data from the web (6B tokens) and synthetically generated textbooks and exercises with GPT-3.5 (1B tokens). Despite this small scale, phi-1 attains pass@1 accuracy 50.6% on HumanEval and 55.5% on MBPP. It also displays surprising emergent properties compared to phi-1-base, our model before our finetuning stage on a dataset of coding exercises, and phi-1-small, a smaller model with 350M parameters trained with the same pipeline as phi-1 that still achieves 45% on HumanEval.",2023,Computation and Language
arxiv-36011,36011,Recent Advances in Direct Speech-to-text Translation,"Recently, speech-to-text translation has attracted more and more attention and many studies have emerged rapidly. In this paper, we present a comprehensive survey on direct speech translation aiming to summarize the current state-of-the-art techniques. First, we categorize the existing research work into three directions based on the main challenges -- modeling burden, data scarcity, and application issues. To tackle the problem of modeling burden, two main structures have been proposed, encoder-decoder framework (Transformer and the variants) and multitask frameworks. For the challenge of data scarcity, recent work resorts to many sophisticated techniques, such as data augmentation, pre-training, knowledge distillation, and multilingual modeling. We analyze and summarize the application issues, which include real-time, segmentation, named entity, gender bias, and code-switching. Finally, we discuss some promising directions for future work.",2023,Computation and Language
arxiv-36012,36012,A Simple and Effective Pruning Approach for Large Language Models,"As their size increases, Large Languages Models (LLMs) are natural candidates for network pruning methods: approaches that drop a subset of network weights while striving to preserve performance. Existing methods, however, require either retraining, which is rarely affordable for billion-scale LLMs, or solving a weight reconstruction problem reliant on second-order information, which may also be computationally expensive. In this paper, we introduce a novel, straightforward yet effective pruning method, termed Wanda (Pruning by Weights and activations), designed to induce sparsity in pretrained LLMs. Motivated by the recent observation of emergent large magnitude features in LLMs, our approach prunes weights with the smallest magnitudes multiplied by the corresponding input activations, on a per-output basis. Notably, Wanda requires no retraining or weight update, and the pruned LLM can be used as is. We conduct a thorough evaluation of our method Wanda on LLaMA and LLaMA-2 across various language benchmarks. Wanda significantly outperforms the established baseline of magnitude pruning and performs competitively against recent method involving intensive weight update. Code is available at https://github.com/locuslab/wanda.",2023,Computation and Language
arxiv-36013,36013,DecodingTrust: A Comprehensive Assessment of Trustworthiness in GPT Models,"Generative Pre-trained Transformer (GPT) models have exhibited exciting progress in their capabilities, capturing the interest of practitioners and the public alike. Yet, while the literature on the trustworthiness of GPT models remains limited, practitioners have proposed employing capable GPT models for sensitive applications such as healthcare and finance -- where mistakes can be costly. To this end, this work proposes a comprehensive trustworthiness evaluation for large language models with a focus on GPT-4 and GPT-3.5, considering diverse perspectives -- including toxicity, stereotype bias, adversarial robustness, out-of-distribution robustness, robustness on adversarial demonstrations, privacy, machine ethics, and fairness. Based on our evaluations, we discover previously unpublished vulnerabilities to trustworthiness threats. For instance, we find that GPT models can be easily misled to generate toxic and biased outputs and leak private information in both training data and conversation history. We also find that although GPT-4 is usually more trustworthy than GPT-3.5 on standard benchmarks, GPT-4 is more vulnerable given jailbreaking system or user prompts, potentially because GPT-4 follows (misleading) instructions more precisely. Our work illustrates a comprehensive trustworthiness evaluation of GPT models and sheds light on the trustworthiness gaps. Our benchmark is publicly available at https://decodingtrust.github.io/ ; our dataset can be previewed at https://huggingface.co/datasets/AI-Secure/DecodingTrust ; a concise version of this work is at https://openreview.net/pdf?id=kaHpo8OZw2 .",2024,Computation and Language
arxiv-36014,36014,EvolveMT: an Ensemble MT Engine Improving Itself with Usage Only,"This paper presents EvolveMT for efficiently combining multiple machine translation (MT) engines. The proposed system selects the output from a single engine for each segment by utilizing online learning techniques to predict the most suitable system for every translation request. A neural quality estimation metric supervises the method without requiring reference translations. The online learning capability of this system allows for dynamic adaptation to alterations in the domain or machine translation engines, thereby obviating the necessity for additional training. EvolveMT selects a subset of translation engines to be called based on the source sentence features. The degree of exploration is configurable according to the desired quality-cost trade-off. Results from custom datasets demonstrate that EvolveMT achieves similar translation accuracy at a lower cost than selecting the best translation of each segment from all translations using an MT quality estimator. To our knowledge, EvolveMT is the first meta MT system that adapts itself after deployment to incoming translation requests from the production environment without needing costly retraining on human feedback.",2023,Computation and Language
arxiv-36015,36015,On Compositionality and Improved Training of NADO,"NeurAlly-Decomposed Oracle (NADO) is a powerful approach for controllable generation with large language models. Differentiating from finetuning/prompt tuning, it has the potential to avoid catastrophic forgetting of the large base model and achieve guaranteed convergence to an entropy-maximized closed-form solution without significantly limiting the model capacity. Despite its success, several challenges arise when applying NADO to more complex scenarios. First, the best practice of using NADO for the composition of multiple control signals is under-explored. Second, vanilla NADO suffers from gradient vanishing for low-probability control signals and is highly reliant on the forward-consistency regularization. In this paper, we study the aforementioned challenges when using NADO theoretically and empirically. We show we can achieve guaranteed compositional generalization of NADO with a certain practice, and propose a novel alternative parameterization of NADO to perfectly guarantee the forward-consistency. We evaluate the improved training of NADO, i.e. NADO++, on CommonGen. Results show that NADO++ improves the effectiveness of the algorithm in multiple aspects.",2023,Computation and Language
arxiv-36016,36016,Efficient Machine Translation Corpus Generation,"This paper proposes an efficient and semi-automated method for human-in-the-loop post-editing for machine translation (MT) corpus generation. The method is based on online training of a custom MT quality estimation metric on-the-fly as linguists perform post-edits. The online estimator is used to prioritize worse hypotheses for post-editing, and auto-close best hypotheses without post-editing. This way, significant improvements can be achieved in the resulting quality of post-edits at a lower cost due to reduced human involvement. The trained estimator can also provide an online sanity check mechanism for post-edits and remove the need for additional linguists to review them or work on the same hypotheses. In this paper, the effect of prioritizing with the proposed method on the resulting MT corpus quality is presented versus scheduling hypotheses randomly. As demonstrated by experiments, the proposed method improves the lifecycle of MT models by focusing the linguist effort on production samples and hypotheses, which matter most for expanding MT corpora to be used for re-training them.",2023,Computation and Language
arxiv-36017,36017,Retrieval-Based Transformer for Table Augmentation,"Data preparation, also called data wrangling, is considered one of the most expensive and time-consuming steps when performing analytics or building machine learning models. Preparing data typically involves collecting and merging data from complex heterogeneous, and often large-scale data sources, such as data lakes. In this paper, we introduce a novel approach toward automatic data wrangling in an attempt to alleviate the effort of end-users, e.g. data analysts, in structuring dynamic views from data lakes in the form of tabular data. We aim to address table augmentation tasks, including row/column population and data imputation. Given a corpus of tables, we propose a retrieval augmented self-trained transformer model. Our self-learning strategy consists in randomly ablating tables from the corpus and training the retrieval-based model to reconstruct the original values or headers given the partial tables as input. We adopt this strategy to first train the dense neural retrieval model encoding table-parts to vectors, and then the end-to-end model trained to perform table augmentation tasks. We test on EntiTables, the standard benchmark for table augmentation, as well as introduce a new benchmark to advance further research: WebTables. Our model consistently and substantially outperforms both supervised statistical methods and the current state-of-the-art transformer-based models.",2023,Computation and Language
arxiv-36018,36018,Open-Domain Text Evaluation via Meta Distribution Modeling,"Recent advances in open-domain text generation models powered by large pre-trained language models (LLMs) have achieved remarkable performance. However, evaluating and controlling these models for desired attributes remains a challenge, as traditional reference-based metrics such as BLEU, ROUGE, and METEOR are insufficient for open-ended generation tasks. Similarly, while trainable discriminator-based evaluation metrics show promise, obtaining high-quality training data is a non-trivial task. In this paper, we introduce a novel approach to evaluate open-domain generation - the Meta-Distribution Methods (MDM). Drawing on the correlation between the rising parameter counts and the improving performance of LLMs, MDM creates a mapping from the contrast of two probabilistic distributions -- one known to be superior to the other -- to quality measures, which can be viewed as a distribution of distributions i.e. Meta-Distribution. We investigate MDM for open-domain text generation evaluation under two paradigms: 1) \emph{Generative} MDM, which leverages the Meta-Distribution Methods to generate in-domain negative samples for training discriminator-based metrics; 2) \emph{Discriminative} MDM, which directly uses distribution discrepancies between two language models for evaluation. Our experiments on multi-turn dialogue and factuality in abstractive summarization demonstrate that MDMs correlate better with human judgment than existing automatic evaluation metrics on both tasks, highlighting the strong performance and generalizability of such methods.",2023,Computation and Language
arxiv-36019,36019,Exploring New Frontiers in Agricultural NLP: Investigating the Potential of Large Language Models for Food Applications,"This paper explores new frontiers in agricultural natural language processing by investigating the effectiveness of using food-related text corpora for pretraining transformer-based language models. In particular, we focus on the task of semantic matching, which involves establishing mappings between food descriptions and nutrition data. To accomplish this, we fine-tune a pre-trained transformer-based language model, AgriBERT, on this task, utilizing an external source of knowledge, such as the FoodOn ontology. To advance the field of agricultural NLP, we propose two new avenues of exploration: (1) utilizing GPT-based models as a baseline and (2) leveraging ChatGPT as an external source of knowledge. ChatGPT has shown to be a strong baseline in many NLP tasks, and we believe it has the potential to improve our model in the task of semantic matching and enhance our model's understanding of food-related concepts and relationships. Additionally, we experiment with other applications, such as cuisine prediction based on food ingredients, and expand the scope of our research to include other NLP tasks beyond semantic matching. Overall, this paper provides promising avenues for future research in this field, with potential implications for improving the performance of agricultural NLP applications.",2023,Computation and Language
arxiv-36020,36020,Evaluation of Chinese-English Machine Translation of Emotion-Loaded Microblog Texts: A Human Annotated Dataset for the Quality Assessment of Emotion Translation,"In this paper, we focus on how current Machine Translation (MT) tools perform on the translation of emotion-loaded texts by evaluating outputs from Google Translate according to a framework proposed in this paper. We propose this evaluation framework based on the Multidimensional Quality Metrics (MQM) and perform a detailed error analysis of the MT outputs. From our analysis, we observe that about 50% of the MT outputs fail to preserve the original emotion. After further analysis of the errors, we find that emotion carrying words and linguistic phenomena such as polysemous words, negation, abbreviation etc., are common causes for these translation errors.",2023,Computation and Language
arxiv-36021,36021,Interactive Molecular Discovery with Natural Language,"Natural language is expected to be a key medium for various human-machine interactions in the era of large language models. When it comes to the biochemistry field, a series of tasks around molecules (e.g., property prediction, molecule mining, etc.) are of great significance while having a high technical threshold. Bridging the molecule expressions in natural language and chemical language can not only hugely improve the interpretability and reduce the operation difficulty of these tasks, but also fuse the chemical knowledge scattered in complementary materials for a deeper comprehension of molecules. Based on these benefits, we propose the conversational molecular design, a novel task adopting natural language for describing and editing target molecules. To better accomplish this task, we design ChatMol, a knowledgeable and versatile generative pre-trained model, enhanced by injecting experimental property information, molecular spatial knowledge, and the associations between natural and chemical languages into it. Several typical solutions including large language models (e.g., ChatGPT) are evaluated, proving the challenge of conversational molecular design and the effectiveness of our knowledge enhancement method. Case observations and analysis are conducted to provide directions for further exploration of natural-language interaction in molecular discovery.",2023,Computation and Language
arxiv-36022,36022,A Semi-Autoregressive Graph Generative Model for Dependency Graph Parsing,"Recent years have witnessed the impressive progress in Neural Dependency Parsing. According to the different factorization approaches to the graph joint probabilities, existing parsers can be roughly divided into autoregressive and non-autoregressive patterns. The former means that the graph should be factorized into multiple sequentially dependent components, then it can be built up component by component. And the latter assumes these components to be independent so that they can be outputted in a one-shot manner. However, when treating the directed edge as an explicit dependency relationship, we discover that there is a mixture of independent and interdependent components in the dependency graph, signifying that both aforementioned models fail to precisely capture the explicit dependencies among nodes and edges. Based on this property, we design a Semi-Autoregressive Dependency Parser to generate dependency graphs via adding node groups and edge groups autoregressively while pouring out all group elements in parallel. The model gains a trade-off between non-autoregression and autoregression, which respectively suffer from the lack of target inter-dependencies and the uncertainty of graph generation orders. The experiments show the proposed parser outperforms strong baselines on Enhanced Universal Dependencies of multiple languages, especially achieving $4\%$ average promotion at graph-level accuracy. Also, the performances of model variations show the importance of specific parts.",2023,Computation and Language
arxiv-36023,36023,"Strategies in Transfer Learning for Low-Resource Speech Synthesis: Phone Mapping, Features Input, and Source Language Selection","We compare using a PHOIBLE-based phone mapping method and using phonological features input in transfer learning for TTS in low-resource languages. We use diverse source languages (English, Finnish, Hindi, Japanese, and Russian) and target languages (Bulgarian, Georgian, Kazakh, Swahili, Urdu, and Uzbek) to test the language-independence of the methods and enhance the findings' applicability. We use Character Error Rates from automatic speech recognition and predicted Mean Opinion Scores for evaluation. Results show that both phone mapping and features input improve the output quality and the latter performs better, but these effects also depend on the specific language combination. We also compare the recently-proposed Angular Similarity of Phone Frequencies (ASPF) with a family tree-based distance measure as a criterion to select source languages in transfer learning. ASPF proves effective if label-based phone input is used, while the language distance does not have expected effects.",2023,Computation and Language
arxiv-36024,36024,Sample Attackability in Natural Language Adversarial Attacks,"Adversarial attack research in natural language processing (NLP) has made significant progress in designing powerful attack methods and defence approaches. However, few efforts have sought to identify which source samples are the most attackable or robust, i.e. can we determine for an unseen target model, which samples are the most vulnerable to an adversarial attack. This work formally extends the definition of sample attackability/robustness for NLP attacks. Experiments on two popular NLP datasets, four state of the art models and four different NLP adversarial attack methods, demonstrate that sample uncertainty is insufficient for describing characteristics of attackable/robust samples and hence a deep learning based detector can perform much better at identifying the most attackable and robust samples for an unseen target model. Nevertheless, further analysis finds that there is little agreement in which samples are considered the most attackable/robust across different NLP attack methods, explaining a lack of portability of attackability detection methods across attack methods.",2023,Computation and Language
arxiv-36025,36025,Modeling Hierarchical Reasoning Chains by Linking Discourse Units and Key Phrases for Reading Comprehension,"Machine reading comprehension (MRC) poses new challenges over logical reasoning, which aims to understand the implicit logical relations entailed in the given contexts and perform inference over them. Due to the complexity of logic, logical relations exist at different granularity levels. However, most existing methods of logical reasoning individually focus on either entity-aware or discourse-based information but ignore the hierarchical relations that may even have mutual effects. In this paper, we propose a holistic graph network (HGN) which deals with context at both discourse level and word level, as the basis for logical reasoning, to provide a more fine-grained relation extraction. Specifically, node-level and type-level relations, which can be interpreted as bridges in the reasoning process, are modeled by a hierarchical interaction mechanism to improve the interpretation of MRC systems. Experimental results on logical reasoning QA datasets (ReClor and LogiQA) and natural language inference datasets (SNLI and ANLI) show the effectiveness and generalization of our method, and in-depth analysis verifies its capability to understand complex logical relations.",2023,Computation and Language
arxiv-36026,36026,Towards Accurate Translation via Semantically Appropriate Application of Lexical Constraints,"Lexically-constrained NMT (LNMT) aims to incorporate user-provided terminology into translations. Despite its practical advantages, existing work has not evaluated LNMT models under challenging real-world conditions. In this paper, we focus on two important but under-studied issues that lie in the current evaluation process of LNMT studies. The model needs to cope with challenging lexical constraints that are ""homographs"" or ""unseen"" during training. To this end, we first design a homograph disambiguation module to differentiate the meanings of homographs. Moreover, we propose PLUMCOT, which integrates contextually rich information about unseen lexical constraints from pre-trained language models and strengthens a copy mechanism of the pointer network via direct supervision of a copying score. We also release HOLLY, an evaluation benchmark for assessing the ability of a model to cope with ""homographic"" and ""unseen"" lexical constraints. Experiments on HOLLY and the previous test setup show the effectiveness of our method. The effects of PLUMCOT are shown to be remarkable in ""unseen"" constraints. Our dataset is available at https://github.com/papago-lab/HOLLY-benchmark",2023,Computation and Language
arxiv-36027,36027,Which Spurious Correlations Impact Reasoning in NLI Models? A Visual Interactive Diagnosis through Data-Constrained Counterfactuals,"We present a human-in-the-loop dashboard tailored to diagnosing potential spurious features that NLI models rely on for predictions. The dashboard enables users to generate diverse and challenging examples by drawing inspiration from GPT-3 suggestions. Additionally, users can receive feedback from a trained NLI model on how challenging the newly created example is and make refinements based on the feedback. Through our investigation, we discover several categories of spurious correlations that impact the reasoning of NLI models, which we group into three categories: Semantic Relevance, Logical Fallacies, and Bias. Based on our findings, we identify and describe various research opportunities, including diversifying training data and assessing NLI models' robustness by creating adversarial test suites.",2023,Computation and Language
arxiv-36028,36028,Mixture Encoder for Joint Speech Separation and Recognition,"Multi-speaker automatic speech recognition (ASR) is crucial for many real-world applications, but it requires dedicated modeling techniques. Existing approaches can be divided into modular and end-to-end methods. Modular approaches separate speakers and recognize each of them with a single-speaker ASR system. End-to-end models process overlapped speech directly in a single, powerful neural network. This work proposes a middle-ground approach that leverages explicit speech separation similarly to the modular approach but also incorporates mixture speech information directly into the ASR module in order to mitigate the propagation of errors made by the speech separator. We also explore a way to exchange cross-speaker context information through a layer that combines information of the individual speakers. Our system is optimized through separate and joint training stages and achieves a relative improvement of 7% in word error rate over a purely modular setup on the SMS-WSJ task.",2023,Computation and Language
arxiv-36029,36029,Feature Interactions Reveal Linguistic Structure in Language Models,"We study feature interactions in the context of feature attribution methods for post-hoc interpretability. In interpretability research, getting to grips with feature interactions is increasingly recognised as an important challenge, because interacting features are key to the success of neural networks. Feature interactions allow a model to build up hierarchical representations for its input, and might provide an ideal starting point for the investigation into linguistic structure in language models. However, uncovering the exact role that these interactions play is also difficult, and a diverse range of interaction attribution methods has been proposed. In this paper, we focus on the question which of these methods most faithfully reflects the inner workings of the target models. We work out a grey box methodology, in which we train models to perfection on a formal language classification task, using PCFGs. We show that under specific configurations, some methods are indeed able to uncover the grammatical rules acquired by a model. Based on these findings we extend our evaluation to a case study on language models, providing novel insights into the linguistic structure that these models have acquired.",2023,Computation and Language
arxiv-36030,36030,Opening the Black Box: Analyzing Attention Weights and Hidden States in Pre-trained Language Models for Non-language Tasks,"Investigating deep learning language models has always been a significant research area due to the ``black box"" nature of most advanced models. With the recent advancements in pre-trained language models based on transformers and their increasing integration into daily life, addressing this issue has become more pressing. In order to achieve an explainable AI model, it is essential to comprehend the procedural steps involved and compare them with human thought processes. Thus, in this paper, we use simple, well-understood non-language tasks to explore these models' inner workings. Specifically, we apply a pre-trained language model to constrained arithmetic problems with hierarchical structure, to analyze their attention weight scores and hidden states. The investigation reveals promising results, with the model addressing hierarchical problems in a moderately structured manner, similar to human problem-solving strategies. Additionally, by inspecting the attention weights layer by layer, we uncover an unconventional finding that layer 10, rather than the model's final layer, is the optimal layer to unfreeze for the least parameter-intensive approach to fine-tune the model. We support these findings with entropy analysis and token embeddings similarity analysis. The attention analysis allows us to hypothesize that the model can generalize to longer sequences in ListOps dataset, a conclusion later confirmed through testing on sequences longer than those in the training set. Lastly, by utilizing a straightforward task in which the model predicts the winner of a Tic Tac Toe game, we identify limitations in attention analysis, particularly its inability to capture 2D patterns.",2023,Computation and Language
arxiv-36031,36031,"Investigating Pre-trained Language Models on Cross-Domain Datasets, a Step Closer to General AI","Pre-trained language models have recently emerged as a powerful tool for fine-tuning a variety of language tasks. Ideally, when models are pre-trained on large amount of data, they are expected to gain implicit knowledge. In this paper, we investigate the ability of pre-trained language models to generalize to different non-language tasks. In particular, we test them on tasks from different domains such as computer vision, reasoning on hierarchical data, and protein fold prediction. The four pre-trained models that we used, T5, BART, BERT, and GPT-2 achieve outstanding results. They all have similar performance and they outperform transformers that are trained from scratch by a large margin. For instance, pre-trained language models perform better on the Listops dataset, with an average accuracy of 58.7\%, compared to transformers trained from scratch, which have an average accuracy of 29.0\%. The significant improvement demonstrated across three types of datasets suggests that pre-training on language helps the models to acquire general knowledge, bringing us a step closer to general AI. We also showed that reducing the number of parameters in pre-trained language models does not have a great impact as the performance drops slightly when using T5-Small instead of T5-Base. In fact, when using only 2\% of the parameters, we achieved a great improvement compared to training from scratch. Finally, in contrast to prior work, we find out that using pre-trained embeddings for the input layer is necessary to achieve the desired results.",2023,Computation and Language
arxiv-36032,36032,Limits for Learning with Language Models,"With the advent of large language models (LLMs), the trend in NLP has been to train LLMs on vast amounts of data to solve diverse language understanding and generation tasks. The list of LLM successes is long and varied. Nevertheless, several recent papers provide empirical evidence that LLMs fail to capture important aspects of linguistic meaning. Focusing on universal quantification, we provide a theoretical foundation for these empirical findings by proving that LLMs cannot learn certain fundamental semantic properties including semantic entailment and consistency as they are defined in formal semantics. More generally, we show that LLMs are unable to learn concepts beyond the first level of the Borel Hierarchy, which imposes severe limits on the ability of LMs, both large and small, to capture many aspects of linguistic meaning. This means that LLMs will continue to operate without formal guarantees on tasks that require entailments and deep linguistic understanding.",2023,Computation and Language
arxiv-36033,36033,Bidirectional End-to-End Learning of Retriever-Reader Paradigm for Entity Linking,"Entity Linking (EL) is a fundamental task for Information Extraction and Knowledge Graphs. The general form of EL (i.e., end-to-end EL) aims to first find mentions in the given input document and then link the mentions to corresponding entities in a specific knowledge base. Recently, the paradigm of retriever-reader promotes the progress of end-to-end EL, benefiting from the advantages of dense entity retrieval and machine reading comprehension. However, the existing study only trains the retriever and the reader separately in a pipeline manner, which ignores the benefit that the interaction between the retriever and the reader can bring to the task. To advance the retriever-reader paradigm to perform more perfectly on end-to-end EL, we propose BEER$^2$, a Bidirectional End-to-End training framework for Retriever and Reader. Through our designed bidirectional end-to-end training, BEER$^2$ guides the retriever and the reader to learn from each other, make progress together, and ultimately improve EL performance. Extensive experiments on benchmarks of multiple domains demonstrate the effectiveness of our proposed BEER$^2$.",2024,Computation and Language
arxiv-36034,36034,Solving and Generating NPR Sunday Puzzles with Large Language Models,"We explore the ability of large language models to solve and generate puzzles from the NPR Sunday Puzzle game show using PUZZLEQA, a dataset comprising 15 years of on-air puzzles. We evaluate four large language models using PUZZLEQA, in both multiple choice and free response formats, and explore two prompt engineering techniques to improve free response performance: chain-of-thought reasoning and prompt summarization. We find that state-of-the-art large language models can solve many PUZZLEQA puzzles: the best model, GPT-3.5, achieves 50.2% loose accuracy. However, in our few-shot puzzle generation experiment, we find no evidence that models can generate puzzles: GPT-3.5 generates puzzles with answers that do not conform to the generated rules. Puzzle generation remains a challenging task for future work.",2023,Computation and Language
arxiv-36035,36035,SIFTER: A Task-specific Alignment Strategy for Enhancing Sentence Embeddings,"The paradigm of pre-training followed by fine-tuning on downstream tasks has become the mainstream method in natural language processing tasks. Although pre-trained models have the advantage of generalization, their performance may still vary significantly across different domain tasks. This is because the data distribution in different domains varies. For example, the different parts of the sentence 'He married Smt. Dipali Ghosh in 1947 and led a very happy married life' may have different impact for downstream tasks. For similarity calculations, words such as 'led' and 'life' are more important. On the other hand, for sentiment analysis, the word 'happy' is crucial. This indicates that different downstream tasks have different levels of sensitivity to sentence components. Our starting point is to scale information of the model and data according to the specifics of downstream tasks, enhancing domain information of relevant parts for these tasks and reducing irrelevant elements for different domain tasks, called SIFTER. In the experimental part, we use the SIFTER to improve SimCSE by constructing positive sample pairs based on enhancing the sentence stem and reducing the unimportant components in the sentence, and maximize the similarity between three sentences. Similarly, SIFTER can improve the gate mechanism of the LSTM model by short-circuiting the input gate of important words so that the LSTM model remembers the important parts of the sentence. Our experiments demonstrate that SIFTER outperforms the SimCSE and LSTM baselines.",2023,Computation and Language
arxiv-36036,36036,Medical ministrations through web scraping,"Web scraping is a technique that allows us to extract data from websites automatically. in the field of medicine, web scraping can be used to collect information about medical procedures, treatments, and healthcare providers. this information can be used to improve patient care, monitor the quality of healthcare services, and identify areas for improvement. one area where web scraping can be particularly useful is in medical ministrations. medical ministrations are the actions taken to provide medical care to patients, and web scraping can help healthcare providers identify the most effective ministrations for their patients. for example, healthcare providers can use web scraping to collect data about the symptoms and medical histories of their patients, and then use this information to determine the most appropriate ministrations. they can also use web scraping to gather information about the latest medical research and clinical trials, which can help them stay up-to-date with the latest treatments and procedures.",2023,Computation and Language
arxiv-36037,36037,Iterated Piecewise Affine (IPA) Approximation for Language Modeling,"In this work, we demonstrate the application of a first-order Taylor expansion to approximate a generic function $F: R^{n \times m} \to R^{n \times m}$ and utilize it in language modeling. To enhance the basic Taylor expansion, we introduce iteration and piecewise modeling, leading us to name the algorithm the Iterative Piecewise Affine (IPA) approximation. The final algorithm exhibits interesting resemblances to the Transformers decoder architecture. By comparing parameter arrangements in IPA and Transformers, we observe a strikingly similar performance, with IPA outperforming Transformers by 1.5\% in the next token prediction task with cross-entropy loss for smaller sequence lengths.",2023,Computation and Language
arxiv-36038,36038,Solving Dialogue Grounding Embodied Task in a Simulated Environment using Further Masked Language Modeling,"Enhancing AI systems with efficient communication skills that align with human understanding is crucial for their effective assistance to human users. Proactive initiatives from the system side are needed to discern specific circumstances and interact aptly with users to solve these scenarios. In this research, we opt for a collective building assignment taken from the Minecraft dataset. Our proposed method employs language modeling to enhance task understanding through state-of-the-art (SOTA) methods using language models. These models focus on grounding multi-modal understandinging and task-oriented dialogue comprehension tasks. This focus aids in gaining insights into how well these models interpret and respond to a variety of inputs and tasks. Our experimental results provide compelling evidence of the superiority of our proposed method. This showcases a substantial improvement and points towards a promising direction for future research in this domain.",2023,Computation and Language
arxiv-36039,36039,LMFlow: An Extensible Toolkit for Finetuning and Inference of Large Foundation Models,"Large foundation models have demonstrated a great ability to achieve general human-level intelligence far beyond traditional approaches. As the technique keeps attracting attention from the AI community, more and more large foundation models have become publically available. However, most of those models exhibit a major deficiency in specialized-task applications, where the step of finetuning is still required for obtaining satisfactory performance. As the number of available models and specialized tasks keeps growing, the job of general finetuning becomes highly nontrivial. In this paper, we take the first step to address this issue. We introduce an extensible and lightweight toolkit, LMFlow, which aims to simplify the finetuning and inference of general large foundation models. LMFlow offers a complete finetuning workflow for a large foundation model to support personalized training with limited computing resources. Furthermore, it supports continuous pretraining, instruction tuning, parameter-efficient finetuning, alignment tuning, and large model inference, along with carefully designed and extensible APIs. This toolkit has been thoroughly tested and is available at https://github.com/OptimalScale/LMFlow.",2023,Computation and Language
arxiv-36040,36040,Joint Prompt Optimization of Stacked LLMs using Variational Inference,"Large language models (LLMs) can be seen as atomic units of computation mapping sequences to a distribution over sequences. Thus, they can be seen as stochastic language layers in a language network, where the learnable parameters are the natural language prompts at each layer. By stacking two such layers and feeding the output of one layer to the next, we obtain a Deep Language Network (DLN). We first show how to effectively perform prompt optimization for a 1-Layer language network (DLN-1). Then, we present an extension that applies to 2-layer DLNs (DLN-2), where two prompts must be learned. The key idea is to consider the output of the first layer as a latent variable, which requires inference, and prompts to be learned as the parameters of the generative distribution. We first test the effectiveness of DLN-1 in multiple reasoning and natural language understanding tasks. Then, we show that DLN-2 can reach higher performance than a single layer, showing promise that we might reach comparable performance to GPT-4, even when each LLM in the network is smaller and less powerful.",2023,Computation and Language
arxiv-36041,36041,On Evaluation of Document Classification using RVL-CDIP,"The RVL-CDIP benchmark is widely used for measuring performance on the task of document classification. Despite its widespread use, we reveal several undesirable characteristics of the RVL-CDIP benchmark. These include (1) substantial amounts of label noise, which we estimate to be 8.1% (ranging between 1.6% to 16.9% per document category); (2) presence of many ambiguous or multi-label documents; (3) a large overlap between test and train splits, which can inflate model performance metrics; and (4) presence of sensitive personally-identifiable information like US Social Security numbers (SSNs). We argue that there is a risk in using RVL-CDIP for benchmarking document classifiers, as its limited scope, presence of errors (state-of-the-art models now achieve accuracy error rates that are within our estimated label error rate), and lack of diversity make it less than ideal for benchmarking. We further advocate for the creation of a new document classification benchmark, and provide recommendations for what characteristics such a resource should include.",2023,Computation and Language
arxiv-36042,36042,SituatedGen: Incorporating Geographical and Temporal Contexts into Generative Commonsense Reasoning,"Recently, commonsense reasoning in text generation has attracted much attention. Generative commonsense reasoning is the task that requires machines, given a group of keywords, to compose a single coherent sentence with commonsense plausibility. While existing datasets targeting generative commonsense reasoning focus on everyday scenarios, it is unclear how well machines reason under specific geographical and temporal contexts. We formalize this challenging task as SituatedGen, where machines with commonsense should generate a pair of contrastive sentences given a group of keywords including geographical or temporal entities. We introduce a corresponding English dataset consisting of 8,268 contrastive sentence pairs, which are built upon several existing commonsense reasoning benchmarks with minimal manual labor. Experiments show that state-of-the-art generative language models struggle to generate sentences with commonsense plausibility and still lag far behind human performance. Our dataset is publicly available at https://github.com/yunx-z/situated_gen.",2023,Computation and Language
arxiv-36043,36043,Evaluating Large Language Models with NeuBAROCO: Syllogistic Reasoning Ability and Human-like Biases,"This paper investigates whether current large language models exhibit biases in logical reasoning, similar to humans. Specifically, we focus on syllogistic reasoning, a well-studied form of inference in the cognitive science of human deduction. To facilitate our analysis, we introduce a dataset called NeuBAROCO, originally designed for psychological experiments that assess human logical abilities in syllogistic reasoning. The dataset consists of syllogistic inferences in both English and Japanese. We examine three types of biases observed in human syllogistic reasoning: belief biases, conversion errors, and atmosphere effects. Our findings demonstrate that current large language models struggle more with problems involving these three types of biases.",2023,Computation and Language
arxiv-36044,36044,NoRefER: a Referenceless Quality Metric for Automatic Speech Recognition via Semi-Supervised Language Model Fine-Tuning with Contrastive Learning,"This paper introduces NoRefER, a novel referenceless quality metric for automatic speech recognition (ASR) systems. Traditional reference-based metrics for evaluating ASR systems require costly ground-truth transcripts. NoRefER overcomes this limitation by fine-tuning a multilingual language model for pair-wise ranking ASR hypotheses using contrastive learning with Siamese network architecture. The self-supervised NoRefER exploits the known quality relationships between hypotheses from multiple compression levels of an ASR for learning to rank intra-sample hypotheses by quality, which is essential for model comparisons. The semi-supervised version also uses a referenced dataset to improve its inter-sample quality ranking, which is crucial for selecting potentially erroneous samples. The results indicate that NoRefER correlates highly with reference-based metrics and their intra-sample ranks, indicating a high potential for referenceless ASR evaluation or a/b testing.",2023,Computation and Language
arxiv-36045,36045,Morphological Inflection with Phonological Features,"Recent years have brought great advances into solving morphological tasks, mostly due to powerful neural models applied to various tasks as (re)inflection and analysis. Yet, such morphological tasks cannot be considered solved, especially when little training data is available or when generalizing to previously unseen lemmas. This work explores effects on performance obtained through various ways in which morphological models get access to subcharacter phonological features that are the targets of morphological processes. We design two methods to achieve this goal: one that leaves models as is but manipulates the data to include features instead of characters, and another that manipulates models to take phonological features into account when building representations for phonemes. We elicit phonemic data from standard graphemic data using language-specific grammars for languages with shallow grapheme-to-phoneme mapping, and we experiment with two reinflection models over eight languages. Our results show that our methods yield comparable results to the grapheme-based baseline overall, with minor improvements in some of the languages. All in all, we conclude that patterns in character distributions are likely to allow models to infer the underlying phonological characteristics, even when phonemes are not explicitly represented.",2023,Computation and Language
arxiv-36046,36046,ARIES: A Corpus of Scientific Paper Edits Made in Response to Peer Reviews,"Revising scientific papers based on peer feedback is a challenging task that requires not only deep scientific knowledge and reasoning, but also the ability to recognize the implicit requests in high-level feedback and to choose the best of many possible ways to update the manuscript in response. We introduce this task for large language models and release ARIES, a dataset of review comments and their corresponding paper edits, to enable training and evaluating models. We study two versions of the task: comment-edit alignment and edit generation, and evaluate several baselines, including GPT-4. We find that models struggle even to identify the edits that correspond to a comment, especially in cases where the comment is phrased in an indirect way or where the edit addresses the spirit of a comment but not the precise request. When tasked with generating edits, GPT-4 often succeeds in addressing comments on a surface level, but it rigidly follows the wording of the feedback rather than the underlying intent, and includes fewer technical details than human-written edits. We hope that our formalization, dataset, and analysis will form a foundation for future work in this area.",2023,Computation and Language
arxiv-36047,36047,Class-Incremental Learning based on Label Generation,"Despite the great success of pre-trained language models, it is still a challenge to use these models for continual learning, especially for the class-incremental learning (CIL) setting due to catastrophic forgetting (CF). This paper reports our finding that if we formulate CIL as a continual label generation problem, CF is drastically reduced and the generalizable representations of pre-trained models can be better retained. We thus propose a new CIL method (VAG) that also leverages the sparsity of vocabulary to focus the generation and creates pseudo-replay samples by using label semantics. Experimental results show that VAG outperforms baselines by a large margin.",2023,Computation and Language
arxiv-36048,36048,Identifying and Extracting Rare Disease Phenotypes with Large Language Models,"Rare diseases (RDs) are collectively common and affect 300 million people worldwide. Accurate phenotyping is critical for informing diagnosis and treatment, but RD phenotypes are often embedded in unstructured text and time-consuming to extract manually. While natural language processing (NLP) models can perform named entity recognition (NER) to automate extraction, a major bottleneck is the development of a large, annotated corpus for model training. Recently, prompt learning emerged as an NLP paradigm that can lead to more generalizable results without any (zero-shot) or few labeled samples (few-shot). Despite growing interest in ChatGPT, a revolutionary large language model capable of following complex human prompts and generating high-quality responses, none have studied its NER performance for RDs in the zero- and few-shot settings. To this end, we engineered novel prompts aimed at extracting RD phenotypes and, to the best of our knowledge, are the first the establish a benchmark for evaluating ChatGPT's performance in these settings. We compared its performance to the traditional fine-tuning approach and conducted an in-depth error analysis. Overall, fine-tuning BioClinicalBERT resulted in higher performance (F1 of 0.689) than ChatGPT (F1 of 0.472 and 0.591 in the zero- and few-shot settings, respectively). Despite this, ChatGPT achieved similar or higher accuracy for certain entities (i.e., rare diseases and signs) in the one-shot setting (F1 of 0.776 and 0.725). This suggests that with appropriate prompt engineering, ChatGPT has the potential to match or outperform fine-tuned language models for certain entity types with just one labeled sample. While the proliferation of large language models may provide opportunities for supporting RD diagnosis and treatment, researchers and clinicians should critically evaluate model outputs and be well-informed of their limitations.",2023,Computation and Language
arxiv-36049,36049,Instruct-FinGPT: Financial Sentiment Analysis by Instruction Tuning of General-Purpose Large Language Models,"Sentiment analysis is a vital tool for uncovering insights from financial articles, news, and social media, shaping our understanding of market movements. Despite the impressive capabilities of large language models (LLMs) in financial natural language processing (NLP), they still struggle with accurately interpreting numerical values and grasping financial context, limiting their effectiveness in predicting financial sentiment. In this paper, we introduce a simple yet effective instruction tuning approach to address these issues. By transforming a small portion of supervised financial sentiment analysis data into instruction data and fine-tuning a general-purpose LLM with this method, we achieve remarkable advancements in financial sentiment analysis. In the experiment, our approach outperforms state-of-the-art supervised sentiment analysis models, as well as widely used LLMs like ChatGPT and LLaMAs, particularly in scenarios where numerical understanding and contextual comprehension are vital.",2023,Computation and Language
arxiv-44800,44800,CHR Grammars,"A grammar formalism based upon CHR is proposed analogously to the way Definite Clause Grammars are defined and implemented on top of Prolog. These grammars execute as robust bottom-up parsers with an inherent treatment of ambiguity and a high flexibility to model various linguistic phenomena. The formalism extends previous logic programming based grammars with a form of context-sensitive rules and the possibility to include extra-grammatical hypotheses in both head and body of grammar rules. Among the applications are straightforward implementations of Assumption Grammars and abduction under integrity constraints for language analysis. CHR grammars appear as a powerful tool for specification and implementation of language processors and may be proposed as a new standard for bottom-up grammars in logic programming. To appear in Theory and Practice of Logic Programming (TPLP), 2005",2007,Computation and Language
arxiv-44801,44801,"Multi-dimensional Type Theory: Rules, Categories, and Combinators for Syntax and Semantics","We investigate the possibility of modelling the syntax and semantics of natural language by constraints, or rules, imposed by the multi-dimensional type theory Nabla. The only multiplicity we explicitly consider is two, namely one dimension for the syntax and one dimension for the semantics, but the general perspective is important. For example, issues of pragmatics could be handled as additional dimensions. One of the main problems addressed is the rather complicated repertoire of operations that exists besides the notion of categories in traditional Montague grammar. For the syntax we use a categorial grammar along the lines of Lambek. For the semantics we use so-called lexical and logical combinators inspired by work in natural logic. Nabla provides a concise interpretation and a sequent calculus as the basis for implementations.",2007,Computation and Language
arxiv-44802,44802,Fractal geometry of literature: first attempt to Shakespeare's works,"It was demonstrated that there is a geometrical order in the structure of literature. Fractal geometry as a modern mathematical approach and a new geometrical viewpoint on natural objects including both processes and structures was employed for analysis of literature. As the first study, the works of William Shakespeare were chosen as the most important items in western literature. By counting the number of letters applied in a manuscript, it is possible to study the whole manuscript statistically. A novel method based on basic assumption of fractal geometry was proposed for the calculation of fractal dimensions of the literature. The results were compared with Zipf's law. Zipf's law was successfully used for letters instead of words. Two new concepts namely Zipf's dimension and Zipf's order were also introduced. It was found that changes of both fractal dimension and Zipf's dimension are similar and dependent on the manuscript length. Interestingly, direct plotting the data obtained in semi-logarithmic and logarithmic forms also led to a power-law.",2007,Computation and Language
arxiv-44803,44803,Application of the Double Metaphone Algorithm to Amharic Orthography,"The Metaphone algorithm applies the phonetic encoding of orthographic sequences to simplify words prior to comparison. While Metaphone has been highly successful for the English language, for which it was designed, it may not be applied directly to Ethiopian languages. The paper details how the principles of Metaphone can be applied to Ethiopic script and uses Amharic as a case study. Match results improve as specific considerations are made for Amharic writing practices. Results are shown to improve further when common errors from Amharic input methods are considered.",2007,Computation and Language
arxiv-44804,44804,The role of robust semantic analysis in spoken language dialogue systems,"In this paper we summarized a framework for designing grammar-based procedure for the automatic extraction of the semantic content from spoken queries. Starting with a case study and following an approach which combines the notions of fuzziness and robustness in sentence parsing, we showed we built practical domain-dependent rules which can be applied whenever it is possible to superimpose a sentence-level semantic structure to a text without relying on a previous deep syntactical analysis. This kind of procedure can be also profitably used as a pre-processing tool in order to cut out part of the sentence which have been recognized to have no relevance in the understanding process. In the case of particular dialogue applications where there is no need to build a complex semantic structure (e.g. word spotting or excerpting) the presented methodology may represent an efficient alternative solution to a sequential composition of deep linguistic analysis modules. Even if the query generation problem may not seem a critical application it should be held in mind that the sentence processing must be done on-line. Having this kind of constraints we cannot design our system without caring for efficiency and thus provide an immediate response. Another critical issue is related to whole robustness of the system. In our case study we tried to make experiences on how it is possible to deal with an unreliable and noisy input without asking the user for any repetition or clarification. This may correspond to a similar problem one may have when processing text coming from informal writing such as e-mails, news and in many cases Web pages where it is often the case to have irrelevant surrounding information.",2000,Computation and Language
arxiv-44805,44805,Proofing Tools Technology at Neurosoft S.A.,"The aim of this paper is to present the R&D activities carried out at Neurosoft S.A. regarding the development of proofing tools for Modern Greek. Firstly, we focus on infrastructure issues that we faced during our initial steps. Subsequently, we describe the most important insights of three proofing tools developed by Neurosoft, i.e. the spelling checker, the hyphenator and the thesaurus, outlining their efficiencies and inefficiencies. Finally, we discuss some improvement ideas and give our future directions.",2007,Computation and Language
arxiv-44806,44806,Verbal chunk extraction in French using limited resources,"A way of extracting French verbal chunks, inflected and infinitive, is explored and tested on effective corpus. Declarative morphological and local grammar rules specifying chunks and some simple contextual structures are used, relying on limited lexical information and some simple heuristic/statistic properties obtained from restricted corpora. The specific goals, the architecture and the formalism of the system, the linguistic information on which it relies and the obtained results on effective corpus are presented.",2007,Computation and Language
arxiv-44807,44807,An electronic dictionary as a basis for NLP tools: The Greek case,"The existence of a Dictionary in electronic form for Modern Greek (MG) is mandatory if one is to process MG at the morphological and syntactic levels since MG is a highly inflectional language with marked stress and a spelling system with many characteristics carried over from Ancient Greek. Moreover, such a tool becomes necessary if one is to create efficient and sophisticated NLP applications with substantial linguistic backing and coverage. The present paper will focus on the deployment of such an electronic dictionary for Modern Greek, which was built in two phases: first it was constructed to be the basis for a spelling correction schema and then it was reconstructed in order to become the platform for the deployment of a wider spectrum of NLP tools.",2007,Computation and Language
arxiv-44808,44808,A Model for Fine-Grained Alignment of Multilingual Texts,"While alignment of texts on the sentential level is often seen as being too coarse, and word alignment as being too fine-grained, bi- or multilingual texts which are aligned on a level in-between are a useful resource for many purposes. Starting from a number of examples of non-literal translations, which tend to make alignment difficult, we describe an alignment model which copes with these cases by explicitly coding them. The model is based on predicate-argument structures and thus covers the middle ground between sentence and word alignment. The model is currently used in a recently initiated project of a parallel English-German treebank (FuSe), which can in principle be extended with additional languages.",2004,Computation and Language
arxiv-44809,44809,A Sentimental Education: Sentiment Analysis Using Subjectivity Summarization Based on Minimum Cuts,"Sentiment analysis seeks to identify the viewpoint(s) underlying a text span; an example application is classifying a movie review as ""thumbs up"" or ""thumbs down"". To determine this sentiment polarity, we propose a novel machine-learning method that applies text-categorization techniques to just the subjective portions of the document. Extracting these portions can be implemented using efficient techniques for finding minimum cuts in graphs; this greatly facilitates incorporation of cross-sentence contextual constraints.",2004,Computation and Language
arxiv-44810,44810,Robust Dialogue Understanding in HERALD,We tackle the problem of robust dialogue processing from the perspective of language engineering. We propose an agent-oriented architecture that allows us a flexible way of composing robust processors. Our approach is based on Shoham's Agent Oriented Programming (AOP) paradigm. We will show how the AOP agent model can be enriched with special features and components that allow us to deal with classical problems of dialogue understanding.,2001,Computation and Language
arxiv-44811,44811,Semantic filtering by inference on domain knowledge in spoken dialogue systems,"General natural dialogue processing requires large amounts of domain knowledge as well as linguistic knowledge in order to ensure acceptable coverage and understanding. There are several ways of integrating lexical resources (e.g. dictionaries, thesauri) and knowledge bases or ontologies at different levels of dialogue processing. We concentrate in this paper on how to exploit domain knowledge for filtering interpretation hypotheses generated by a robust semantic parser. We use domain knowledge to semantically constrain the hypothesis space. Moreover, adding an inference mechanism allows us to complete the interpretation when information is not explicitly available. Further, we discuss briefly how this can be generalized towards a predictive natural interactive system.",2000,Computation and Language
arxiv-44812,44812,An argumentative annotation schema for meeting discussions,"In this article, we are interested in the annotation of transcriptions of human-human dialogue taken from meeting records. We first propose a meeting content model where conversational acts are interpreted with respect to their argumentative force and their role in building the argumentative structure of the meeting discussion. Argumentation in dialogue describes the way participants take part in the discussion and argue their standpoints. Then, we propose an annotation scheme based on such an argumentative dialogue model as well as the evaluation of its adequacy. The obtained higher-level semantic annotations are exploited in the conceptual indexing of the information contained in meeting discussions.",2004,Computation and Language
arxiv-44813,44813,Automatic Keyword Extraction from Spoken Text. A Comparison of two Lexical Resources: the EDR and WordNet,"Lexical resources such as WordNet and the EDR electronic dictionary have been used in several NLP tasks. Probably, partly due to the fact that the EDR is not freely available, WordNet has been used far more often than the EDR. We have used both resources on the same task in order to make a comparison possible. The task is automatic assignment of keywords to multi-party dialogue episodes (i.e. thematically coherent stretches of spoken text). We show that the use of lexical resources in such a task results in slightly higher performances than the use of a purely statistically based method.",2004,Computation and Language
arxiv-44814,44814,Building Chinese Lexicons from Scratch by Unsupervised Short Document Self-Segmentation,"Chinese text segmentation is a well-known and difficult problem. On one side, there is not a simple notion of ""word"" in Chinese language making really hard to implement rule-based systems to segment written texts, thus lexicons and statistical information are usually employed to achieve such a task. On the other side, any piece of Chinese text usually includes segments present neither in the lexicons nor in the training data. Even worse, such unseen sequences can be segmented into a number of totally unrelated words making later processing phases difficult. For instance, using a lexicon-based system the sequence ???(Baluozuo, Barroso, current president-designate of the European Commission) can be segmented into ?(ba, to hope, to wish) and ??(luozuo, an undefined word) changing completely the meaning of the sentence. A new and extremely simple algorithm specially suited to work over short Chinese documents is introduced. This new algorithm performs text ""self-segmentation"" producing results comparable to those achieved by native speakers without using either lexicons or any statistical information beyond the obtained from the input text. Furthermore, it is really robust for finding new ""words"", especially proper nouns, and it is well suited to build lexicons from scratch. Some preliminary results are provided in addition to examples of its employment.",2007,Computation and Language
arxiv-44815,44815,A Tutorial on the Expectation-Maximization Algorithm Including Maximum-Likelihood Estimation and EM Training of Probabilistic Context-Free Grammars,"The paper gives a brief review of the expectation-maximization algorithm (Dempster 1977) in the comprehensible framework of discrete mathematics. In Section 2, two prominent estimation methods, the relative-frequency estimation and the maximum-likelihood estimation are presented. Section 3 is dedicated to the expectation-maximization algorithm and a simpler variant, the generalized expectation-maximization algorithm. In Section 4, two loaded dice are rolled. A more interesting example is presented in Section 5: The estimation of probabilistic context-free grammars.",2007,Computation and Language
arxiv-44816,44816,Inside-Outside Estimation Meets Dynamic EM,"We briefly review the inside-outside and EM algorithm for probabilistic context-free grammars. As a result, we formally prove that inside-outside estimation is a dynamic-programming variant of EM. This is interesting in its own right, but even more when considered in a theoretical context since the well-known convergence behavior of inside-outside estimation has been confirmed by many experiments but apparently has never been formally proved. However, being a version of EM, inside-outside estimation also inherits the good convergence behavior of EM. Therefore, the as yet imperfect line of argumentation can be transformed into a coherent proof.",2001,Computation and Language
arxiv-44817,44817,Human-Level Performance on Word Analogy Questions by Latent Relational Analysis,"This paper introduces Latent Relational Analysis (LRA), a method for measuring relational similarity. LRA has potential applications in many areas, including information extraction, word sense disambiguation, machine translation, and information retrieval. Relational similarity is correspondence between relations, in contrast with attributional similarity, which is correspondence between attributes. When two words have a high degree of attributional similarity, we call them synonyms. When two pairs of words have a high degree of relational similarity, we say that their relations are analogous. For example, the word pair mason/stone is analogous to the pair carpenter/wood. Past work on semantic similarity measures has mainly been concerned with attributional similarity. Recently the Vector Space Model (VSM) of information retrieval has been adapted to the task of measuring relational similarity, achieving a score of 47% on a collection of 374 college-level multiple-choice word analogy questions. In the VSM approach, the relation between a pair of words is characterized by a vector of frequencies of predefined patterns in a large corpus. LRA extends the VSM approach in three ways: (1) the patterns are derived automatically from the corpus (they are not predefined), (2) the Singular Value Decomposition (SVD) is used to smooth the frequency data (it is also used this way in Latent Semantic Analysis), and (3) automatically generated synonyms are used to explore reformulations of the word pairs. LRA achieves 56% on the 374 analogy questions, statistically equivalent to the average human score of 57%. On the related problem of classifying noun-modifier relations, LRA achieves similar gains over the VSM, while using a smaller corpus.",2007,Computation and Language
arxiv-44818,44818,A Framework for Creating Natural Language User Interfaces for Action-Based Applications,"In this paper we present a framework for creating natural language interfaces to action-based applications. Our framework uses a number of reusable application-independent components, in order to reduce the effort of creating a natural language interface for a given application. Using a type-logical grammar, we first translate natural language sentences into expressions in an extended higher-order logic. These expressions can be seen as executable specifications corresponding to the original sentences. The executable specifications are then interpreted by invoking appropriate procedures provided by the application for which a natural language interface is being created.",2007,Computation and Language
arxiv-44819,44819,The Google Similarity Distance,"Words and phrases acquire meaning from the way they are used in society, from their relative semantics to other words and phrases. For computers the equivalent of `society' is `database,' and the equivalent of `use' is `way to search the database.' We present a new theory of similarity between words and phrases based on information distance and Kolmogorov complexity. To fix thoughts we use the world-wide-web as database, and Google as search engine. The method is also applicable to other search engines and databases. This theory is then applied to construct a method to automatically extract similarity, the Google similarity distance, of words and phrases from the world-wide-web using Google page counts. The world-wide-web is the largest database on earth, and the context information entered by millions of independent users averages out to provide automatic semantics of useful quality. We give applications in hierarchical clustering, classification, and language translation. We give examples to distinguish between colors and numbers, cluster names of paintings by 17th century Dutch masters and names of books by English novelists, the ability to understand emergencies, and primes, and we demonstrate the ability to do a simple automatic English-Spanish translation. Finally, we use the WordNet database as an objective baseline against which to judge the performance of our method. We conduct a massive randomized trial in binary classification using support vector machines to learn categories based on our Google distance, resulting in an a mean agreement of 87% with the expert crafted WordNet categories.",2007,Computation and Language
arxiv-44820,44820,"State of the Art, Evaluation and Recommendations regarding ""Document Processing and Visualization Techniques""","Several Networks of Excellence have been set up in the framework of the European FP5 research program. Among these Networks of Excellence, the NEMIS project focuses on the field of Text Mining. Within this field, document processing and visualization was identified as one of the key topics and the WG1 working group was created in the NEMIS project, to carry out a detailed survey of techniques associated with the text mining process and to identify the relevant research topics in related research areas. In this document we present the results of this comprehensive survey. The report includes a description of the current state-of-the-art and practice, a roadmap for follow-up research in the identified areas, and recommendations for anticipated technological development in the domain of text mining.",2007,Computation and Language
arxiv-44821,44821,Thematic Annotation: extracting concepts out of documents,"Contrarily to standard approaches to topic annotation, the technique used in this work does not centrally rely on some sort of -- possibly statistical -- keyword extraction. In fact, the proposed annotation algorithm uses a large scale semantic database -- the EDR Electronic Dictionary -- that provides a concept hierarchy based on hyponym and hypernym relations. This concept hierarchy is used to generate a synthetic representation of the document by aggregating the words present in topically homogeneous document segments into a set of concepts best preserving the document's content. This new extraction technique uses an unexplored approach to topic selection. Instead of using semantic similarity measures based on a semantic resource, the later is processed to extract the part of the conceptual hierarchy relevant to the document content. Then this conceptual hierarchy is searched to extract the most relevant set of concepts to represent the topics discussed in the document. Notice that this algorithm is able to extract generic concepts that are not directly present in the document.",2007,Computation and Language
arxiv-44822,44822,Multi-document Biography Summarization,"In this paper we describe a biography summarization system using sentence classification and ideas from information retrieval. Although the individual techniques are not new, assembling and applying them to generate multi-document biographies is new. Our system was evaluated in DUC2004. It is among the top performers in task 5-short summaries focused by person questions.",2004,Computation and Language
arxiv-44823,44823,An Introduction to the Summarization of Evolving Events: Linear and Non-linear Evolution,This paper examines the summarization of events that evolve through time. It discusses different types of evolution taking into account the time in which the incidents of an event are happening and the different sources reporting on the specific event. It proposes an approach for multi-document summarization which employs ``messages'' for representing the incidents of an event and cross-document relations that hold between messages according to certain conditions. The paper also outlines the current version of the summarization system we are implementing to realize this approach.,2005,Computation and Language
arxiv-44824,44824,Weighted Automata in Text and Speech Processing,"Finite-state automata are a very effective tool in natural language processing. However, in a variety of applications and especially in speech precessing, it is necessary to consider more general machines in which arcs are assigned weights or costs. We briefly describe some of the main theoretical and algorithmic aspects of these machines. In particular, we describe an efficient composition algorithm for weighted transducers, and give examples illustrating the value of determinization and minimization algorithms for weighted automata.",1996,Computation and Language
arxiv-44825,44825,A Matter of Opinion: Sentiment Analysis and Business Intelligence (position paper),"A general-audience introduction to the area of ""sentiment analysis"", the computational treatment of subjective, opinion-oriented language (an example application is determining whether a review is ""thumbs up"" or ""thumbs down""). Some challenges, applications to business-intelligence tasks, and potential future directions are described.",2004,Computation and Language
arxiv-44826,44826,Summarization from Medical Documents: A Survey,"Objective: The aim of this paper is to survey the recent work in medical documents summarization. Background: During the last decade, documents summarization got increasing attention by the AI research community. More recently it also attracted the interest of the medical research community as well, due to the enormous growth of information that is available to the physicians and researchers in medicine, through the large and growing number of published journals, conference proceedings, medical sites and portals on the World Wide Web, electronic medical records, etc. Methodology: This survey gives first a general background on documents summarization, presenting the factors that summarization depends upon, discussing evaluation issues and describing briefly the various types of summarization techniques. It then examines the characteristics of the medical domain through the different types of medical documents. Finally, it presents and discusses the summarization techniques used so far in the medical domain, referring to the corresponding systems and their characteristics. Discussion and conclusions: The paper discusses thoroughly the promising paths for future research in medical documents summarization. It mainly focuses on the issue of scaling to large collections of documents in various languages and from different media, on personalization issues, on portability to new sub-domains, and on the integration of summarization technology in practical applications",2005,Computation and Language
arxiv-44827,44827,Metalinguistic Information Extraction for Terminology,"This paper describes and evaluates the Metalinguistic Operation Processor (MOP) system for automatic compilation of metalinguistic information from technical and scientific documents. This system is designed to extract non-standard terminological resources that we have called Metalinguistic Information Databases (or MIDs), in order to help update changing glossaries, knowledge bases and ontologies, as well as to reflect the metastable dynamics of special-domain knowledge.",2007,Computation and Language
arxiv-44828,44828,Seeing stars: Exploiting class relationships for sentiment categorization with respect to rating scales,"We address the rating-inference problem, wherein rather than simply decide whether a review is ""thumbs up"" or ""thumbs down"", as in previous sentiment analysis work, one must determine an author's evaluation with respect to a multi-point scale (e.g., one to five ""stars""). This task represents an interesting twist on standard multi-class text categorization because there are several different degrees of similarity between class labels; for example, ""three stars"" is intuitively closer to ""four stars"" than to ""one star"". We first evaluate human performance at the task. Then, we apply a meta-algorithm, based on a metric labeling formulation of the problem, that alters a given n-ary classifier's output in an explicit attempt to ensure that similar items receive similar labels. We show that the meta-algorithm can provide significant improvements over both multi-class and regression versions of SVMs when we employ a novel similarity measure appropriate to the problem.",2007,Computation and Language
arxiv-44829,44829,On Hilberg's Law and Its Links with Guiraud's Law,"Hilberg (1990) supposed that finite-order excess entropy of a random human text is proportional to the square root of the text length. Assuming that Hilberg's hypothesis is true, we derive Guiraud's law, which states that the number of word types in a text is greater than proportional to the square root of the text length. Our derivation is based on some mathematical conjecture in coding theory and on several experiments suggesting that words can be defined approximately as the nonterminals of the shortest context-free grammar for the text. Such operational definition of words can be applied even to texts deprived of spaces, which do not allow for Mandelbrot's ``intermittent silence'' explanation of Zipf's and Guiraud's laws. In contrast to Mandelbrot's, our model assumes some probabilistic long-memory effects in human narration and might be capable of explaining Menzerath's law.",2006,Computation and Language
arxiv-44830,44830,Summarizing Reports on Evolving Events; Part I: Linear Evolution,"We present an approach for summarization from multiple documents which report on events that evolve through time, taking into account the different document sources. We distinguish the evolution of an event into linear and non-linear. According to our approach, each document is represented by a collection of messages which are then used in order to instantiate the cross-document relations that determine the summary content. The paper presents the summarization system that implements this approach through a case study on linear evolution.",2005,Computation and Language
arxiv-44831,44831,Automatic extraction of paraphrastic phrases from medium size corpora,"This paper presents a versatile system intended to acquire paraphrastic phrases from a representative corpus. In order to decrease the time spent on the elaboration of resources for NLP system (for example Information Extraction, IE hereafter), we suggest to use a machine learning system that helps defining new templates and associated resources. This knowledge is automatically derived from the text collection, in interaction with a large semantic network.",2004,Computation and Language
arxiv-44832,44832,Word sense disambiguation criteria: a systematic study,"This article describes the results of a systematic in-depth study of the criteria used for word sense disambiguation. Our study is based on 60 target words: 20 nouns, 20 adjectives and 20 verbs. Our results are not always in line with some practices in the field. For example, we show that omitting non-content words decreases performance and that bigrams yield better results than unigrams.",2004,Computation and Language
arxiv-44833,44833,Using phonetic constraints in acoustic-to-articulatory inversion,"The goal of this work is to recover articulatory information from the speech signal by acoustic-to-articulatory inversion. One of the main difficulties with inversion is that the problem is underdetermined and inversion methods generally offer no guarantee on the phonetical realism of the inverse solutions. A way to adress this issue is to use additional phonetic constraints. Knowledge of the phonetic caracteristics of French vowels enable the derivation of reasonable articulatory domains in the space of Maeda parameters: given the formants frequencies (F1,F2,F3) of a speech sample, and thus the vowel identity, an ""ideal"" articulatory domain can be derived. The space of formants frequencies is partitioned into vowels, using either speaker-specific data or generic information on formants. Then, to each articulatory vector can be associated a phonetic score varying with the distance to the ""ideal domain"" associated with the corresponding vowel. Inversion experiments were conducted on isolated vowels and vowel-to-vowel transitions. Articulatory parameters were compared with those obtained without using these constraints and those measured from X-ray data.",2005,Computation and Language
arxiv-44834,44834,An elitist approach for extracting automatically well-realized speech sounds with high confidence,"This paper presents an ""elitist approach"" for extracting automatically well-realized speech sounds with high confidence. The elitist approach uses a speech recognition system based on Hidden Markov Models (HMM). The HMM are trained on speech sounds which are systematically well-detected in an iterative procedure. The results show that, by using the HMM models defined in the training phase, the speech recognizer detects reliably specific speech sounds with a small rate of errors.",2007,Computation and Language
arxiv-44835,44835,"Statistical Parameters of the Novel ""Perekhresni stezhky"" (""The Cross-Paths"") by Ivan Franko","In the paper, a complex statistical characteristics of a Ukrainian novel is given for the first time. The distribution of word-forms with respect to their size is studied. The linguistic laws by Zipf-Mandelbrot and Altmann-Menzerath are analyzed.",2007,Computation and Language
arxiv-44836,44836,Analyzing language development from a network approach,"In this paper we propose some new measures of language development using network analyses, which is inspired by the recent surge of interests in network studies of many real-world systems. Children's and care-takers' speech data from a longitudinal study are represented as a series of networks, word forms being taken as nodes and collocation of words as links. Measures on the properties of the networks, such as size, connectivity, hub and authority analyses, etc., allow us to make quantitative comparison so as to reveal different paths of development. For example, the asynchrony of development in network size and average degree suggests that children cannot be simply classified as early talkers or late talkers by one or two measures. Children follow different paths in a multi-dimensional space. They may develop faster in one dimension but slower in another dimension. The network approach requires little preprocessing of words and analyses on sentence structures, and the characteristics of words and their usage emerge from the network and are independent of any grammatical presumptions. We show that the change of the two articles ""the"" and ""a"" in their roles as important nodes in the network reflects the progress of children's syntactic development: the two articles often start in children's networks as hubs and later shift to authorities, while they are authorities constantly in the adult's networks. The network analyses provide a new approach to study language development, and at the same time language development also presents a rich area for network theories to explore.",2007,Computation and Language
arxiv-44837,44837,Constraint-based verification of abstract models of multitreaded programs,"We present a technique for the automated verification of abstract models of multithreaded programs providing fresh name generation, name mobility, and unbounded control. As high level specification language we adopt here an extension of communication finite-state machines with local variables ranging over an infinite name domain, called TDL programs. Communication machines have been proved very effective for representing communication protocols as well as for representing abstractions of multithreaded software. The verification method that we propose is based on the encoding of TDL programs into a low level language based on multiset rewriting and constraints that can be viewed as an extension of Petri Nets. By means of this encoding, the symbolic verification procedure developed for the low level language in our previous work can now be applied to TDL programs. Furthermore, the encoding allows us to isolate a decidable class of verification problems for TDL programs that still provide fresh name generation, name mobility, and unbounded control. Our syntactic restrictions are in fact defined on the internal structure of threads: In order to obtain a complete and terminating method, threads are only allowed to have at most one local variable (ranging over an infinite domain of names).",2007,Computation and Language
arxiv-44838,44838,Unification of multi-lingual scientific terminological resources using the ISO 16642 standard. The TermSciences initiative,"This paper presents the TermSciences portal, which deals with the implementation of a conceptual model that uses the recent ISO 16642 standard (Terminological Markup Framework). This standard turns out to be suitable for concept modeling since it allowed for organizing the original resources by concepts and to associate the various terms for a given concept. Additional structuring is produced by sharing conceptual relationships, that is, cross-linking of resource results through the introduction of semantic relations which may have initially be missing.",2009,Computation and Language
arxiv-44839,44839,Numeration-automatic sequences,We present a base class of automata that induce a numeration system and we give an algorithm to give the n-th word in the language of the automaton when the expansion of n in the induced numeration system is feeded to the automaton. Furthermore we give some algorithms for reverse reading of this expansion and a way to combine automata to other automata having the same properties.,2007,Computation and Language
arxiv-44840,44840,Foundations of Modern Language Resource Archives,"A number of serious reasons will convince an increasing amount of researchers to store their relevant material in centers which we will call ""language resource archives"". They combine the duty of taking care of long-term preservation as well as the task to give access to their material to different user groups. Access here is meant in the sense that an active interaction with the data will be made possible to support the integration of new data, new versions or commentaries of all sort. Modern Language Resource Archives will have to adhere to a number of basic principles to fulfill all requirements and they will have to be involved in federations to create joint language resource domains making it even more simple for the researchers to access the data. This paper makes an attempt to formulate the essential pillars language resource archives have to adhere to.",2009,Computation and Language
arxiv-44841,44841,Building a resource for studying translation shifts,"This paper describes an interdisciplinary approach which brings together the fields of corpus linguistics and translation studies. It presents ongoing work on the creation of a corpus resource in which translation shifts are explicitly annotated. Translation shifts denote departures from formal correspondence between source and target text, i.e. deviations that have occurred during the translation process. A resource in which such shifts are annotated in a systematic way will make it possible to study those phenomena that need to be addressed if machine translation output is to resemble human translation. The resource described in this paper contains English source texts (parliamentary proceedings) and their German translations. The shift annotation is based on predicate-argument structures and proceeds in two steps: first, predicates and their arguments are annotated monolingually in a straightforward manner. Then, the corresponding English and German predicates and arguments are aligned with each other. Whenever a shift - mainly grammatical or semantic -has occurred, the alignment is tagged accordingly.",2006,Computation and Language
arxiv-44842,44842,Adapting a general parser to a sublanguage,"In this paper, we propose a method to adapt a general parser (Link Parser) to sublanguages, focusing on the parsing of texts in biology. Our main proposal is the use of terminology (identication and analysis of terms) in order to reduce the complexity of the text to be parsed. Several other strategies are explored and finally combined among which text normalization, lexicon and morpho-guessing module extensions and grammar rules adaptation. We compare the parsing results before and after these adaptations.",2005,Computation and Language
arxiv-44843,44843,Lexical Adaptation of Link Grammar to the Biomedical Sublanguage: a Comparative Evaluation of Three Approaches,"We study the adaptation of Link Grammar Parser to the biomedical sublanguage with a focus on domain terms not found in a general parser lexicon. Using two biomedical corpora, we implement and evaluate three approaches to addressing unknown words: automatic lexicon expansion, the use of morphological clues, and disambiguation using a part-of-speech tagger. We evaluate each approach separately for its effect on parsing performance and consider combinations of these approaches. In addition to a 45% increase in parsing efficiency, we find that the best approach, incorporating information from a domain part-of-speech tagger, offers a statistically signicant 10% relative decrease in error. The adapted parser is available under an open-source license at http://www.it.utu.fi/biolg.",2006,Computation and Language
arxiv-44844,44844,Raisonner avec des diagrammes : perspectives cognitives et computationnelles,"Diagrammatic, analogical or iconic representations are often contrasted with linguistic or logical representations, in which the shape of the symbols is arbitrary. The aim of this paper is to make a case for the usefulness of diagrams in inferential knowledge representation systems. Although commonly used, diagrams have for a long time suffered from the reputation of being only a heuristic tool or a mere support for intuition. The first part of this paper is an historical background paying tribute to the logicians, psychologists and computer scientists who put an end to this formal prejudice against diagrams. The second part is a discussion of their characteristics as opposed to those of linguistic forms. The last part is aimed at reviving the interest for heterogeneous representation systems including both linguistic and diagrammatic representations.",2005,Computation and Language
arxiv-44845,44845,Get out the vote: Determining support or opposition from Congressional floor-debate transcripts,"We investigate whether one can determine from the transcripts of U.S. Congressional floor debates whether the speeches represent support of or opposition to proposed legislation. To address this problem, we exploit the fact that these speeches occur as part of a discussion; this allows us to use sources of information regarding relationships between discourse segments, such as whether a given utterance indicates agreement with the opinion expressed by another. We find that the incorporation of such information yields substantial improvements over classifying speeches in isolation.",2012,Computation and Language
arxiv-44846,44846,Using Answer Set Programming in an Inference-Based approach to Natural Language Semantics,Using Answer Set Programming in an Inference-Based approach to Natural Language Semantics,2006,Computation and Language
arxiv-44847,44847,Expressing Implicit Semantic Relations without Supervision,"We present an unsupervised learning algorithm that mines large text corpora for patterns that express implicit semantic relations. For a given input word pair X:Y with some unspecified semantic relations, the corresponding output list of patterns <P1,...,Pm> is ranked according to how well each pattern Pi expresses the relations between X and Y. For example, given X=ostrich and Y=bird, the two highest ranking output patterns are ""X is the largest Y"" and ""Y such as the X"". The output patterns are intended to be useful for finding further pairs with the same relations, to support the construction of lexicons, ontologies, and semantic networks. The patterns are sorted by pertinence, where the pertinence of a pattern Pi for a word pair X:Y is the expected relational similarity between the given pair and typical pairs for Pi. The algorithm is empirically evaluated on two tasks, solving multiple-choice SAT word analogy questions and classifying semantic relations in noun-modifier pairs. On both tasks, the algorithm achieves state-of-the-art results, performing significantly better than several alternative pattern ranking algorithms, based on tf-idf.",2006,Computation and Language
arxiv-44848,44848,Similarity of Semantic Relations,"There are at least two kinds of similarity. Relational similarity is correspondence between relations, in contrast with attributional similarity, which is correspondence between attributes. When two words have a high degree of attributional similarity, we call them synonyms. When two pairs of words have a high degree of relational similarity, we say that their relations are analogous. For example, the word pair mason:stone is analogous to the pair carpenter:wood. This paper introduces Latent Relational Analysis (LRA), a method for measuring relational similarity. LRA has potential applications in many areas, including information extraction, word sense disambiguation, and information retrieval. Recently the Vector Space Model (VSM) of information retrieval has been adapted to measuring relational similarity, achieving a score of 47% on a collection of 374 college-level multiple-choice word analogy questions. In the VSM approach, the relation between a pair of words is characterized by a vector of frequencies of predefined patterns in a large corpus. LRA extends the VSM approach in three ways: (1) the patterns are derived automatically from the corpus, (2) the Singular Value Decomposition (SVD) is used to smooth the frequency data, and (3) automatically generated synonyms are used to explore variations of the word pairs. LRA achieves 56% on the 374 analogy questions, statistically equivalent to the average human score of 57%. On the related problem of classifying semantic relations, LRA achieves similar gains over the VSM.",2006,Computation and Language
arxiv-44849,44849,Improving Term Extraction with Terminological Resources,"Studies of different term extractors on a corpus of the biomedical domain revealed decreasing performances when applied to highly technical texts. The difficulty or impossibility of customising them to new domains is an additional limitation. In this paper, we propose to use external terminologies to influence generic linguistic data in order to augment the quality of the extraction. The tool we implemented exploits testified terms at different steps of the process: chunking, parsing and extraction of term candidates. Experiments reported here show that, using this method, more term candidates can be acquired with a higher level of reliability. We further describe the extraction process involving endogenous disambiguation implemented in the term extractor YaTeA.",2006,Computation and Language