document_id,date,year,headline,short_description,authors,link,text
news-2022-0001,9/23/22,2022,23 Of The Funniest Tweets About Cats And Dogs This Week (Sept. 17-23),"""Until you have a dog you don't understand what could be eaten.""",Elyse Wanshel,https://www.huffpost.com/entry/funniest-tweets-cats-dogs-september-17-23_n_632de332e4b0695c1d81dc02,"23 Of The Funniest Tweets About Cats And Dogs This Week (Sept. 17-23). ""Until you have a dog you don't understand what could be eaten."""
news-2022-0002,9/23/22,2022,"American Airlines Flyer Charged, Banned For Life After Punching Flight Attendant On Video","He was subdued by passengers and crew when he fled to the back of the aircraft after the confrontation, according to the U.S. attorney's office in Los Angeles.",Mary Papenfuss,https://www.huffpost.com/entry/american-airlines-passenger-banned-flight-attendant-punch-justice-department_n_632e25d3e4b0e247890329fe,"American Airlines Flyer Charged, Banned For Life After Punching Flight Attendant On Video. He was subdued by passengers and crew when he fled to the back of the aircraft after the confrontation, according to the U.S. attorney's office in Los Angeles."
news-2022-0003,9/23/22,2022,Over 4 Million Americans Roll Up Sleeves For Omicron-Targeted COVID Boosters,Health experts said it is too early to predict whether demand would match up with the 171 million doses of the new boosters the U.S. ordered for the fall.,"Carla K. Johnson, AP",https://www.huffpost.com/entry/covid-boosters-uptake-us_n_632d719ee4b087fae6feaac9,Over 4 Million Americans Roll Up Sleeves For Omicron-Targeted COVID Boosters. Health experts said it is too early to predict whether demand would match up with the 171 million doses of the new boosters the U.S. ordered for the fall.
news-2022-0004,9/23/22,2022,The Funniest Tweets From Parents This Week (Sept. 17-23),"""Accidentally put grown-up toothpaste on my toddler’s toothbrush and he screamed like I was cleaning his teeth with a Carolina Reaper dipped in Tabasco sauce.""",Caroline Bologna,https://www.huffpost.com/entry/funniest-parenting-tweets_l_632d7d15e4b0d12b5403e479,"The Funniest Tweets From Parents This Week (Sept. 17-23). ""Accidentally put grown-up toothpaste on my toddler’s toothbrush and he screamed like I was cleaning his teeth with a Carolina Reaper dipped in Tabasco sauce."""
news-2022-0005,9/22/22,2022,Cleaner Was Dead In Belk Bathroom For 4 Days Before Body Found: Police,"The 63-year-old woman was seen working at the South Carolina store on Thursday. She was found dead Monday after her family reported her missing, authorities said.",,https://www.huffpost.com/entry/belk-worker-found-dead-columbiana-centre-bathroom_n_632c5f8ce4b0572027b0251d,"Cleaner Was Dead In Belk Bathroom For 4 Days Before Body Found: Police. The 63-year-old woman was seen working at the South Carolina store on Thursday. She was found dead Monday after her family reported her missing, authorities said."
news-2022-0006,9/22/22,2022,How A New Documentary Captures The Complexity Of Being A Child Of Immigrants,"In ""Mija,"" director Isabel Castro combined music documentaries with the style of ""Euphoria"" and ""Clueless"" to tell a more nuanced immigration story.",Marina Fang,https://www.huffpost.com/entry/mija-documentary-immigration-isabel-castro-interview_n_632329aee4b000d98858dbda,"How A New Documentary Captures The Complexity Of Being A Child Of Immigrants. In ""Mija,"" director Isabel Castro combined music documentaries with the style of ""Euphoria"" and ""Clueless"" to tell a more nuanced immigration story."
news-2022-0007,9/22/22,2022,Puerto Ricans Desperate For Water After Hurricane Fiona’s Rampage,More than half a million people remained without water service three days after the storm lashed the U.S. territory.,"DÁNICA COTO, AP",https://www.huffpost.com/entry/puerto-rico-water-hurricane-fiona_n_632bdfd8e4b0d12b54014e13,Puerto Ricans Desperate For Water After Hurricane Fiona’s Rampage. More than half a million people remained without water service three days after the storm lashed the U.S. territory.
news-2022-0008,9/22/22,2022,Reporter Gets Adorable Surprise From Her Boyfriend While Live On TV,"""Who's that behind you?"" an anchor for New York’s PIX11 asked journalist Michelle Ross as she finished up an interview.",Elyse Wanshel,https://www.huffpost.com/entry/reporter-gets-adorable-surprise-from-her-boyfriend-while-working-live-on-tv_n_632ccf43e4b0572027b10d74,"Reporter Gets Adorable Surprise From Her Boyfriend While Live On TV. ""Who's that behind you?"" an anchor for New York’s PIX11 asked journalist Michelle Ross as she finished up an interview."
news-2022-0009,9/22/22,2022,Woman Who Called Cops On Black Bird-Watcher Loses Lawsuit Against Ex-Employer,Amy Cooper accused investment firm Franklin Templeton of unfairly firing her and branding her a racist after video of the Central Park encounter went viral.,Nina Golgowski,https://www.huffpost.com/entry/amy-cooper-loses-discrimination-lawsuit-franklin-templeton_n_632c6463e4b09d8701bd227e,Woman Who Called Cops On Black Bird-Watcher Loses Lawsuit Against Ex-Employer. Amy Cooper accused investment firm Franklin Templeton of unfairly firing her and branding her a racist after video of the Central Park encounter went viral.
news-2022-0010,9/21/22,2022,Biden At UN To Call Russian War An Affront To Body's Charter,White House officials say the crux of the president's visit to the U.N. this year will be a full-throated condemnation of Russia and its brutal war.,"Aamer Madhani, AP",https://www.huffpost.com/entry/biden-un-russian-war-an-affront-to-bodys-charter_n_632ad9e3e4b0bfdf5e1bf5f7,Biden At UN To Call Russian War An Affront To Body's Charter. White House officials say the crux of the president's visit to the U.N. this year will be a full-throated condemnation of Russia and its brutal war.
news-2022-0011,9/21/22,2022,Fiona Threatens To Become Category 4 Storm Headed To Bermuda,Hurricane Fiona lashed the Turks and Caicos Islands and was forecast to squeeze past Bermuda later this week.,"Dánica Coto, AP",https://www.huffpost.com/entry/fiona-threatens-to-become-category-4-storm-headed-to-bermuda_n_632ad1cae4b07198f0143244,Fiona Threatens To Become Category 4 Storm Headed To Bermuda. Hurricane Fiona lashed the Turks and Caicos Islands and was forecast to squeeze past Bermuda later this week.
news-2022-0012,9/21/22,2022,Man Sets Himself On Fire In Apparent Protest Of Funeral For Japan's Abe,"The incident underscores a growing wave of protests against the funeral for Shinzo Abe, who was one of the most divisive leaders in postwar Japanese politics.","Mari Yamaguchi, AP",https://www.huffpost.com/entry/man-sets-fire-protest-abe-funeral_n_632ae462e4b07198f0146afd,"Man Sets Himself On Fire In Apparent Protest Of Funeral For Japan's Abe. The incident underscores a growing wave of protests against the funeral for Shinzo Abe, who was one of the most divisive leaders in postwar Japanese politics."
news-2022-0013,9/21/22,2022,"Twitch Bans Gambling Sites After Streamer Scams Folks Out Of $200,000",One man's claims that he scammed people on the platform caused several popular streamers to consider a Twitch boycott.,Ben Blanchet,https://www.huffpost.com/entry/twitch-streamers-threaten-strike-gambling_n_632a72bce4b0cd3ec2628b20,"Twitch Bans Gambling Sites After Streamer Scams Folks Out Of $200,000. One man's claims that he scammed people on the platform caused several popular streamers to consider a Twitch boycott."
news-2022-0014,9/21/22,2022,Virginia Thomas Agrees To Interview With Jan. 6 Panel,"Conservative activist Virginia Thomas, the wife of Supreme Court Justice Clarence Thomas, has agreed to participate in a voluntary interview with the House panel investigating the Jan. 6 insurrection.","Eric Tucker and Mary Clare Jalonick, AP",https://www.huffpost.com/entry/virginia-thomas-agrees-to-interview-with-jan-6-panel_n_632ba0f2e4b09d8701bbe16d,"Virginia Thomas Agrees To Interview With Jan. 6 Panel. Conservative activist Virginia Thomas, the wife of Supreme Court Justice Clarence Thomas, has agreed to participate in a voluntary interview with the House panel investigating the Jan. 6 insurrection."
news-2022-0015,9/21/22,2022,World Cup Captains Want To Wear Rainbow Armbands In Qatar,FIFA has come under pressure from several European soccer federations who want to support a human rights campaign against discrimination at the World Cup.,"GRAHAM DUNBAR, AP",https://www.huffpost.com/entry/bc-soc-wcup-captains-armbands_n_632b1c98e4b0913a3dd7554a,World Cup Captains Want To Wear Rainbow Armbands In Qatar. FIFA has come under pressure from several European soccer federations who want to support a human rights campaign against discrimination at the World Cup.
news-2022-0016,9/20/22,2022,'Reboot' Is A Clever And Not Too Navel-Gazey Look Inside TV Reboots,"Starring Keegan-Michael Key, Judy Greer and Johnny Knoxville, the Hulu show follows the revival of a fictional early 2000s sitcom.",Marina Fang and Candice Frederick,https://www.huffpost.com/entry/hulu-reboot-should-you-watch-it_n_6324a099e4b0eac9f4e18b46,"'Reboot' Is A Clever And Not Too Navel-Gazey Look Inside TV Reboots. Starring Keegan-Michael Key, Judy Greer and Johnny Knoxville, the Hulu show follows the revival of a fictional early 2000s sitcom."
news-2022-0017,9/20/22,2022,4 Russian-Controlled Ukrainian Regions Schedule Votes This Week To Join Russia,The concerted and quickening Kremlin-backed efforts to swallow up four regions could set the stage for Moscow to escalate the war.,"Jon Gambrell, AP",https://www.huffpost.com/entry/russian-controlled-ukrainian-regions-referendum_n_6329d53ae4b07198f012f023,4 Russian-Controlled Ukrainian Regions Schedule Votes This Week To Join Russia. The concerted and quickening Kremlin-backed efforts to swallow up four regions could set the stage for Moscow to escalate the war.
news-2022-0018,9/20/22,2022,Fiona Barrels Toward Turks And Caicos Islands As Category 3 Hurricane,The Turks and Caicos Islands government imposed a curfew as the intensifying storm kept dropping copious rain over the Dominican Republic and Puerto Rico.,"Dánica Coto, AP",https://www.huffpost.com/entry/hurricane-fiona-barrels-toward-turks-and-caicos-islands_n_63298597e4b0ed991abcacf9,Fiona Barrels Toward Turks And Caicos Islands As Category 3 Hurricane. The Turks and Caicos Islands government imposed a curfew as the intensifying storm kept dropping copious rain over the Dominican Republic and Puerto Rico.
news-2022-0019,9/20/22,2022,Golden Globes Returning To NBC In January After Year Off-Air,"For the past 18 months, Hollywood has effectively boycotted the Globes after reports that the HFPA’s 87 members of non-American journalists included no Black members.",,https://www.huffpost.com/entry/golden-globes-return-nbc_n_6329f151e4b0ed991abda7f3,"Golden Globes Returning To NBC In January After Year Off-Air. For the past 18 months, Hollywood has effectively boycotted the Globes after reports that the HFPA’s 87 members of non-American journalists included no Black members."
news-2022-0020,9/20/22,2022,"Maury Wills, Base-Stealing Shortstop For Dodgers, Dies At 89","Maury Wills, who helped the Los Angeles Dodgers win three World Series titles with his base-stealing prowess, has died.","Beth Harris, AP",https://www.huffpost.com/entry/dodgers-baseball-obit-wills_n_6329feb3e4b07198f0134500,"Maury Wills, Base-Stealing Shortstop For Dodgers, Dies At 89. Maury Wills, who helped the Los Angeles Dodgers win three World Series titles with his base-stealing prowess, has died."
news-2022-0021,9/20/22,2022,Russian Cosmonaut Valery Polyakov Who Broke Record With 437-Day Stay In Space Dies At 80,"Polyakov's record-breaking trip to outer space saw him orbit Earth 7,075 times and travel nearly 187 million miles.",Marco Margaritoff,https://www.huffpost.com/entry/valery-polyakov-dies_n_6329d497e4b0913a3dd5336c,"Russian Cosmonaut Valery Polyakov Who Broke Record With 437-Day Stay In Space Dies At 80. Polyakov's record-breaking trip to outer space saw him orbit Earth 7,075 times and travel nearly 187 million miles."
news-2022-0022,9/19/22,2022,Biden Says U.S. Forces Would Defend Taiwan If China Invaded,President issues vow as tensions with China rise.,,https://www.huffpost.com/entry/biden-us-forces-defend-taiwan-against-china_n_6327ec68e4b0ed021dfe3695,Biden Says U.S. Forces Would Defend Taiwan If China Invaded. President issues vow as tensions with China rise.
news-2022-0023,9/19/22,2022,Family Of American Held In Afghanistan Says He Was Freed By Taliban In Prisoner Swap,"Mark Frerichs, a Navy veteran and civilian contractor, was kidnapped in Afghanistan in January 2020.","Eric Tucker and Rahim Faiez, AP",https://www.huffpost.com/entry/mark-frerichs-release-us-taliban-prisoner-swap_n_63284bb2e4b000d9885d510b,"Family Of American Held In Afghanistan Says He Was Freed By Taliban In Prisoner Swap. Mark Frerichs, a Navy veteran and civilian contractor, was kidnapped in Afghanistan in January 2020."
news-2022-0024,9/19/22,2022,Hurricane Fiona Bears Down On Dominican Republic After Pounding Puerto Rico,"The storm knocked out the power grid and unleashed floods and landslides in Puerto Rico, where the governor said the damage was “catastrophic.”","Danica Coto, AP",https://www.huffpost.com/entry/hurricane-fiona_n_63281718e4b0ed021dfe4ff0,"Hurricane Fiona Bears Down On Dominican Republic After Pounding Puerto Rico. The storm knocked out the power grid and unleashed floods and landslides in Puerto Rico, where the governor said the damage was “catastrophic.”"
news-2022-0025,9/19/22,2022,"Las Vegas Aces Win First WNBA Title, Chelsea Gray Named MVP",Las Vegas never had a professional sports champion — until Sunday.,"Pat Eaton-Robb, AP",https://www.huffpost.com/entry/2022-wnba-finals_n_6327f56fe4b0eac9f4e3144d,"Las Vegas Aces Win First WNBA Title, Chelsea Gray Named MVP. Las Vegas never had a professional sports champion — until Sunday."
news-2022-0026,9/19/22,2022,One Dead After Plane Crashes At Reno Air Race,"The single-engine plane was participating in the National Championship Air Races on Sunday when it crashed into a field, killing the pilot, officials said.",Nina Golgowski,https://www.huffpost.com/entry/national-championship-air-races-pilot-killed-crash_n_632860fae4b0ed021dfef140,"One Dead After Plane Crashes At Reno Air Race. The single-engine plane was participating in the National Championship Air Races on Sunday when it crashed into a field, killing the pilot, officials said."
news-2022-0027,9/19/22,2022,‘Beautiful And Sad At The Same Time’: Ukrainian Cultural Festival Takes On A Deeper Meaning This Year,An annual celebration took on a different feel as Russia's invasion dragged into Day 206.,Jonathan Nicholson,https://www.huffpost.com/entry/ukraine-festival_n_6327b4a0e4b082746beb52c7,‘Beautiful And Sad At The Same Time’: Ukrainian Cultural Festival Takes On A Deeper Meaning This Year. An annual celebration took on a different feel as Russia's invasion dragged into Day 206.
news-2022-0028,9/18/22,2022,'French Spider-Man' Celebrates 60th Birthday With A Massive Skyscraper Climb,"Alain Robert, known as the ""French Spider-Man,"" has climbed the Burj Khalifa and the Empire State Building.",Ben Blanchet,https://www.huffpost.com/entry/french-spiderman-birthday-skyscraper-climb_n_6326a369e4b082746beadd58,"'French Spider-Man' Celebrates 60th Birthday With A Massive Skyscraper Climb. Alain Robert, known as the ""French Spider-Man,"" has climbed the Burj Khalifa and the Empire State Building."
news-2022-0029,9/18/22,2022,Biden Says Queen's Death Left 'Giant Hole' For Royal Family,"U.S. President Joe Biden, in London for the funeral of Queen Elizabeth II, says his heart went out to the royal family, adding the queen’s death left a “giant hole.”.","Darlene Superville, AP",https://www.huffpost.com/entry/europe-britain-royals-biden_n_63276eabe4b046aa02406a13,"Biden Says Queen's Death Left 'Giant Hole' For Royal Family. U.S. President Joe Biden, in London for the funeral of Queen Elizabeth II, says his heart went out to the royal family, adding the queen’s death left a “giant hole.”."
news-2022-0030,9/18/22,2022,First Public Global Database Of Fossil Fuels Launches,"On Monday, the world’s first public database of fossil fuel production, reserves and emissions launches.","Drew Costley, AP",https://www.huffpost.com/entry/oil-gas-coal-reserves-database_n_6327a81ae4b0eac9f4e2fd23,"First Public Global Database Of Fossil Fuels Launches. On Monday, the world’s first public database of fossil fuel production, reserves and emissions launches."
news-2022-0031,9/18/22,2022,James Cameron Says He 'Clashed' With Studio Before 'Avatar' Release,"The ""Avatar"" director said aspects of his 2009 movie are ""still competitive with everything that’s out there these days.""",Ben Blanchet,https://www.huffpost.com/entry/james-cameron-fought-studio-avatar_n_63268723e4b046aa02400678,"James Cameron Says He 'Clashed' With Studio Before 'Avatar' Release. The ""Avatar"" director said aspects of his 2009 movie are ""still competitive with everything that’s out there these days."""
news-2022-0032,9/18/22,2022,Watchdog Report Finds Some Census Takers Who Fudged 2020 Data Didn’t Get Fired,"Despite entering false information, their work wasn't redone fully and in some cases the census takers received bonuses, the Office of Inspector General reported.",,https://www.huffpost.com/entry/2020-census-falsified-inspector-general-finds_n_63277879e4b046aa02406f26,"Watchdog Report Finds Some Census Takers Who Fudged 2020 Data Didn’t Get Fired. Despite entering false information, their work wasn't redone fully and in some cases the census takers received bonuses, the Office of Inspector General reported."
news-2022-0033,9/18/22,2022,World Leaders Pay Respects To Queen Elizabeth II,President Joe Biden and first lady Jill Biden were among thousands of mourners — from locals and tourists to royals and world leaders — to pay their respects.,"Mike Corder, Jill Lawless and Danica Kirka, AP",https://www.huffpost.com/entry/queen-elizabeth-ii-world-leaders-funeral_n_63271396e4b046aa02404259,World Leaders Pay Respects To Queen Elizabeth II. President Joe Biden and first lady Jill Biden were among thousands of mourners — from locals and tourists to royals and world leaders — to pay their respects.
news-2022-0034,9/17/22,2022,Alaska Prepares For 'Historic-Level' Storm Barreling Towards Coast,"“In 10 years, people will be referring to the September 2022 storm as a benchmark storm.”","BECKY BOHRER, MARK THIESSEN and JOHN ANTCZAK, AP",https://www.huffpost.com/entry/bc-us-alaska-coastal-storm_n_6325f39fe4b0eac9f4e25cbc,"Alaska Prepares For 'Historic-Level' Storm Barreling Towards Coast. “In 10 years, people will be referring to the September 2022 storm as a benchmark storm.”"
news-2022-0035,9/17/22,2022,Man Charged With Exposing Himself To Mourners Waiting To View Queen Elizabeth,The 19-year-old reportedly fled into the Thames in a failed bid to escape police.,Mary Papenfuss,https://www.huffpost.com/entry/man-arrested-exposure-assault-queens-mourners-london_n_63254f41e4b0ed021dfd40a6,Man Charged With Exposing Himself To Mourners Waiting To View Queen Elizabeth. The 19-year-old reportedly fled into the Thames in a failed bid to escape police.
news-2022-0036,9/17/22,2022,Privatization Isn’t The Answer To Jackson’s Water Crisis,Studies have repeatedly shown that ending public administration of water supplies doesn’t work — but that’s now on the table in Mississippi.,Nathalie Baptiste,https://www.huffpost.com/entry/jackson-water-crisis-privatization_n_6324d6c2e4b0ed021dfd034f,Privatization Isn’t The Answer To Jackson’s Water Crisis. Studies have repeatedly shown that ending public administration of water supplies doesn’t work — but that’s now on the table in Mississippi.
news-2022-0037,9/17/22,2022,Puerto Rico Braces For Landslides And Severe Flooding As Tropical Storm Fiona Approaches,Puerto Rico was under a hurricane watch Saturday as the storm barreled towards the U.S. territory.,"DÁNICA COTO, AP",https://www.huffpost.com/entry/tropical-storm-fiona-puerto-rico_n_6325d372e4b0ed021dfd719c,Puerto Rico Braces For Landslides And Severe Flooding As Tropical Storm Fiona Approaches. Puerto Rico was under a hurricane watch Saturday as the storm barreled towards the U.S. territory.
news-2022-0038,9/17/22,2022,WHO Raises Alarm On Disease In Flood-hit Areas Of Pakistan,"The World Health Organization is raising the alarm about a “second disaster” in the wake of the deadly floods in Pakistan this summer, as doctors and medical workers on the ground race to battle outbreaks of waterborne and other diseases.","ZARAR KHAN, AP",https://www.huffpost.com/entry/bc-as-pakistan-floods_n_63260f56e4b027aa4066b0f6,"WHO Raises Alarm On Disease In Flood-hit Areas Of Pakistan. The World Health Organization is raising the alarm about a “second disaster” in the wake of the deadly floods in Pakistan this summer, as doctors and medical workers on the ground race to battle outbreaks of waterborne and other diseases."
news-2022-0039,9/16/22,2022,'The Phantom Of The Opera' To Close On Broadway Next Year,"“The Phantom of the Opera” — Broadway’s longest-running show — is scheduled to close in February 2023, a victim of post-pandemic softening in theater attendance in New York.","Mark Kennedy, AP",https://www.huffpost.com/entry/the-phantom-of-the-opera-to-close-on-broadway-next-year_n_6324ef40e4b082746bea3ce3,"'The Phantom Of The Opera' To Close On Broadway Next Year. “The Phantom of the Opera” — Broadway’s longest-running show — is scheduled to close in February 2023, a victim of post-pandemic softening in theater attendance in New York."
news-2022-0040,9/16/22,2022,Alabama Sidesteps Compensation For Survivor Of '63 KKK Blast,Sarah Collins Rudolph lost an eye and has pieces of glass inside her body from a Ku Klux Klan bombing that killed her sister and three other Black girls inside an Alabama church 59 years ago.,"Jay Reeves, AP",https://www.huffpost.com/entry/birmingham-church-bombing_n_63245122e4b027aa4064f978,Alabama Sidesteps Compensation For Survivor Of '63 KKK Blast. Sarah Collins Rudolph lost an eye and has pieces of glass inside her body from a Ku Klux Klan bombing that killed her sister and three other Black girls inside an Alabama church 59 years ago.
news-2022-0041,9/16/22,2022,Amazon Greenlights 'Blade Runner 2099' Limited Series Produced By Ridley Scott,The director of the original 1982 film joins a writer of the 2017 sequel for the newest installment in the sci-fi franchise.,Marco Margaritoff,https://www.huffpost.com/entry/blade-runner-2099-series-announced_n_63247adfe4b027aa40656cc0,Amazon Greenlights 'Blade Runner 2099' Limited Series Produced By Ridley Scott. The director of the original 1982 film joins a writer of the 2017 sequel for the newest installment in the sci-fi franchise.
news-2022-0042,9/16/22,2022,Bill To Help Afghans Who Escaped Taliban Faces Long Odds In The Senate,Republican outrage over the shoddy U.S. withdrawal from Afghanistan hasn’t spurred support for resettling refugees.,Hamed Ahmadi and Arthur Delaney,https://www.huffpost.com/entry/afghan-adjustment-act-congress_n_6324ad6ee4b027aa4065ebef,Bill To Help Afghans Who Escaped Taliban Faces Long Odds In The Senate. Republican outrage over the shoddy U.S. withdrawal from Afghanistan hasn’t spurred support for resettling refugees.
news-2022-0043,9/16/22,2022,German Customs Officials Follow Trail Of Slime And Find Bags Of Giant Snails,"“Never in the history of the Duesseldorf customs office has a trail of slime led us to smuggled goods,” spokesman Michael Walk told the media.",,https://www.huffpost.com/entry/african-land-snails-trail-of-slime-germany_n_63220b38e4b082746be5de74,"German Customs Officials Follow Trail Of Slime And Find Bags Of Giant Snails. “Never in the history of the Duesseldorf customs office has a trail of slime led us to smuggled goods,” spokesman Michael Walk told the media."
news-2022-0044,9/16/22,2022,Racism Seen As Root Of Water Crisis In Mississippi Capital,"A boil-water advisory has been lifted for Mississippi's capital, and the state will stop handing out free bottled water on Saturday.","DREW COSTLEY, AP",https://www.huffpost.com/entry/bc-us-water-woes-mississippi-racism_n_6324b8c1e4b046aa023f398e,"Racism Seen As Root Of Water Crisis In Mississippi Capital. A boil-water advisory has been lifted for Mississippi's capital, and the state will stop handing out free bottled water on Saturday."
news-2022-0045,9/15/22,2022,Chick-Fil-A Worker Saves Woman With Baby From Being Carjacked,"Mykel Gordon rushed to the woman's aid and held down her assailant until police arrived. Remarkably, this wasn't the first time Gordon may have saved a life.",Marco Margaritoff,https://www.huffpost.com/entry/chick-fil-a-worker-florida-carjacking_n_63232e7ee4b0ed021dfa4d15,"Chick-Fil-A Worker Saves Woman With Baby From Being Carjacked. Mykel Gordon rushed to the woman's aid and held down her assailant until police arrived. Remarkably, this wasn't the first time Gordon may have saved a life."
news-2022-0046,9/15/22,2022,Kim Kardashian's Next Boyfriend Could Be A Biochemist,"The reality star told James Corden she's branching out because ""clearly it's not working, whatever I’m doing.""",Ron Dicker,https://www.huffpost.com/entry/kim-kardashian-biochemist-james-corden_n_63232a26e4b0ed021dfa43b2,"Kim Kardashian's Next Boyfriend Could Be A Biochemist. The reality star told James Corden she's branching out because ""clearly it's not working, whatever I’m doing."""
news-2022-0047,9/15/22,2022,Mark Meadows Complies With Justice Dept. Subpoena: Report,"The former White House chief of staff has turned over records as part of a federal investigation into the Jan. 6, 2021 assault on the Capitol.","ERIC TUCKER, AP",https://www.huffpost.com/entry/capitol-riot-investigation-mark-meadows_n_63235733e4b000d988594a5d,"Mark Meadows Complies With Justice Dept. Subpoena: Report. The former White House chief of staff has turned over records as part of a federal investigation into the Jan. 6, 2021 assault on the Capitol."
news-2022-0048,9/15/22,2022,"Meet Alex Aster, The TikToker Changing The Publishing Industry For The Better","The Colombian-American author's new book ""Lightlark"" was rejected numerous times — until she went directly to her readers for support.",Marilyn La Jeunesse,https://www.huffpost.com/entry/alex-aster-lightlark-culture-shifters_n_630d2145e4b065bfc4b12692,"Meet Alex Aster, The TikToker Changing The Publishing Industry For The Better. The Colombian-American author's new book ""Lightlark"" was rejected numerous times — until she went directly to her readers for support."
news-2022-0049,9/15/22,2022,Podcasters Offer $100K Reward For Information On 2Pac’s Killers,The Las Vegas podcasters are hoping to find out who shot the rap icon 26 years ago.,Jazmin Tolliver,https://www.huffpost.com/entry/podcasters-offer-100k-reward-for-info-on-2pacs-killers_n_63235716e4b046aa023d0e5d,Podcasters Offer $100K Reward For Information On 2Pac’s Killers. The Las Vegas podcasters are hoping to find out who shot the rap icon 26 years ago.
news-2022-0050,9/15/22,2022,Viola Davis Feared A Heart Attack During 'The Woman King' Training,The Oscar winner said she worked out for five hours a day for her role in the new action movie.,Marco Margaritoff,https://www.huffpost.com/entry/viola-davis-woman-king-heart-attack_n_6322f795e4b000d988585229,Viola Davis Feared A Heart Attack During 'The Woman King' Training. The Oscar winner said she worked out for five hours a day for her role in the new action movie.
news-2022-0051,9/14/22,2022,"Bill Richardson Visits Moscow As Brittney Griner, Paul Whelan Remain Jailed","Richardson, the former U.S. ambassador to the United Nations and a frequent emissary in hostage negotiations, held meetings with Russian leaders.","Eric Tucker, AP",https://www.huffpost.com/entry/bill-richardson-russia_n_6321a027e4b0eac9f4dcaef1,"Bill Richardson Visits Moscow As Brittney Griner, Paul Whelan Remain Jailed. Richardson, the former U.S. ambassador to the United Nations and a frequent emissary in hostage negotiations, held meetings with Russian leaders."
news-2022-0052,9/14/22,2022,"Cardi B Donates $100,000 To Her Old Middle School In The Bronx",The Grammy-winning rapper surprised star-struck children at the Alexander Macomb School in Morris Heights to make the announcement.,Marco Margaritoff,https://www.huffpost.com/entry/cardi-b-bronx-school-donation_n_6321cab4e4b046aa023a875c,"Cardi B Donates $100,000 To Her Old Middle School In The Bronx. The Grammy-winning rapper surprised star-struck children at the Alexander Macomb School in Morris Heights to make the announcement."
news-2022-0053,9/14/22,2022,Democrats Nominate Seth Magaziner In Key Rhode Island House Race,The state's general treasurer is slated to face former Cranston Mayor Allan Fung (R) in the general election.,Daniel Marans,https://www.huffpost.com/entry/seth-magaziner-wins-rhode-island-democratic-primary-us-house_n_632118d0e4b082746be47a33,Democrats Nominate Seth Magaziner In Key Rhode Island House Race. The state's general treasurer is slated to face former Cranston Mayor Allan Fung (R) in the general election.
news-2022-0054,9/14/22,2022,Emmy Awards Viewership Dips To A Record-Low As Its Audience Continues To Drop,The television awards ceremony lost roughly 1.5 million viewers compared to its 2021 program.,"David Bauder, AP",https://www.huffpost.com/entry/2022-emmys-ratings-record-low_n_63215868e4b000d988560a39,Emmy Awards Viewership Dips To A Record-Low As Its Audience Continues To Drop. The television awards ceremony lost roughly 1.5 million viewers compared to its 2021 program.
news-2022-0055,9/14/22,2022,"Possible Nationwide Rail Strike Is Already Impacting Travelers, Businesses","White House press secretary Karine Jean-Pierre said a rail shutdown is ""not acceptable"" and would harm families as well as businesses.","Josh Funk, AP",https://www.huffpost.com/entry/possible-nationwide-rail-strike-amtrak_n_6321547be4b0ed021df76e32,"Possible Nationwide Rail Strike Is Already Impacting Travelers, Businesses. White House press secretary Karine Jean-Pierre said a rail shutdown is ""not acceptable"" and would harm families as well as businesses."
news-2022-0056,9/14/22,2022,TikTok Search Results Riddled With Misinformation: Report,A U.S. firm that monitors false online claims reports that searches for information about prominent news topics on TikTok are likely to turn up results riddled with misinformation.,"DAVID KLEPPER, AP",https://www.huffpost.com/entry/bc-us-tiktok-misinformation_n_6321c9b0e4b027aa40614814,TikTok Search Results Riddled With Misinformation: Report. A U.S. firm that monitors false online claims reports that searches for information about prominent news topics on TikTok are likely to turn up results riddled with misinformation.
news-2022-0057,9/13/22,2022,"Jean-Luc Godard, Pioneering French Filmmaker, Dies","The director was best known for the groundbreaking movie ""Breathless.""",Matthew Jacobs,https://www.huffpost.com/entry/jean-luc-godard-dies_n_5894d457e4b0c1284f25dc10,"Jean-Luc Godard, Pioneering French Filmmaker, Dies. The director was best known for the groundbreaking movie ""Breathless."""
news-2022-0058,9/13/22,2022,Joe Biden Urges National Unity In Speech On Renewed ‘Cancer Moonshot’,"""Cancer does not discriminate red and blue,"" the president said Monday. ""Beating cancer is something we can do together.""",Nick Visser,https://www.huffpost.com/entry/biden-cancer-moonshot_n_631fc93be4b027aa405e7ac5,"Joe Biden Urges National Unity In Speech On Renewed ‘Cancer Moonshot’. ""Cancer does not discriminate red and blue,"" the president said Monday. ""Beating cancer is something we can do together."""
news-2022-0059,9/13/22,2022,Thousands Of Minnesota Nurses Launch 3-day Strike Over Pay,They're pressing for salary increases they say will help improve patient care by resolving understaffing stresses that have worsened in the pandemic.,"TRISHA AHMED and GRETCHEN EHLKE, AP",https://www.huffpost.com/entry/nurses-strike-minnesota_n_6320cb93e4b082746be43386,Thousands Of Minnesota Nurses Launch 3-day Strike Over Pay. They're pressing for salary increases they say will help improve patient care by resolving understaffing stresses that have worsened in the pandemic.
news-2022-0060,9/13/22,2022,U.S. Inflation Falls For 2nd Straight Month On Lower Gas Costs,"On a monthly basis, prices rose 0.1%, after a flat reading in July.","Christopher Rugaber, AP",https://www.huffpost.com/entry/us-inflation-number-august-2022_n_63207b45e4b0eac9f4db49b6,"U.S. Inflation Falls For 2nd Straight Month On Lower Gas Costs. On a monthly basis, prices rose 0.1%, after a flat reading in July."
news-2022-0061,9/12/22,2022,"Anthony Varvaro, MLB Pitcher Turned Transit Cop, Dies In Crash On Way To 9/11 Ceremony",Varvaro pitched mostly with the Atlanta Braves and started his law enforcement career in 2016.,,https://www.huffpost.com/entry/anthony-varvaro-dead_n_631f6827e4b027aa405e1899,"Anthony Varvaro, MLB Pitcher Turned Transit Cop, Dies In Crash On Way To 9/11 Ceremony. Varvaro pitched mostly with the Atlanta Braves and started his law enforcement career in 2016."
news-2022-0062,9/12/22,2022,Boston Marathon To Make Race More Inclusive For Nonbinary Runners,The race's organizers say nonbinary athletes won't have to register with the men's or women's divisions and provided qualifying times to guide their training.,Sanjana Karanth,https://www.huffpost.com/entry/boston-marathon-nonbinary-runners_n_631fade4e4b046aa0237a055,Boston Marathon To Make Race More Inclusive For Nonbinary Runners. The race's organizers say nonbinary athletes won't have to register with the men's or women's divisions and provided qualifying times to guide their training.
news-2022-0063,9/12/22,2022,Electability Is On The Ballot In Key Rhode Island House Primary,Democrats in the state’s more moderate House district are deciding who will take on a popular Republican former mayor.,Daniel Marans,https://www.huffpost.com/entry/democratic-primary-rhode-island-retiring_n_631d6772e4b0eac9f4d81d5a,Electability Is On The Ballot In Key Rhode Island House Primary. Democrats in the state’s more moderate House district are deciding who will take on a popular Republican former mayor.
news-2022-0064,9/12/22,2022,How Ani Liu Is Brilliantly Disguising Her Art As Science,"The research-based artist has found dynamic ways to confront conversations about female empowerment, motherhood and labor in her artwork.",Xintian Wang,https://www.huffpost.com/entry/ani-liu-art-science_n_631254cbe4b0aefceecba636,"How Ani Liu Is Brilliantly Disguising Her Art As Science. The research-based artist has found dynamic ways to confront conversations about female empowerment, motherhood and labor in her artwork."
news-2022-0065,9/12/22,2022,"In A Nod To JFK, Joe Biden Pushing 'Moonshot' To Fight Cancer",Biden plans to draw attention to a new federally backed study that seeks to validate using blood tests to screen against multiple cancers.,"Zeke Miller and Carla K. Johnson, AP",https://www.huffpost.com/entry/biden-moonshot-cancer-speech_n_631f337ee4b082746be1d2bf,"In A Nod To JFK, Joe Biden Pushing 'Moonshot' To Fight Cancer. Biden plans to draw attention to a new federally backed study that seeks to validate using blood tests to screen against multiple cancers."
news-2022-0066,9/12/22,2022,Sen. Tim Scott Downplays Electability Concerns Over Struggling Senate GOP Candidates,"""Who we have on the field is who we’re gonna play,” Scott told ""Fox News Sunday.""",Marita Vlachou,https://www.huffpost.com/entry/tim-scott-senate-republicans-november-election_n_631ef3a4e4b027aa405d4f5e,"Sen. Tim Scott Downplays Electability Concerns Over Struggling Senate GOP Candidates. ""Who we have on the field is who we’re gonna play,” Scott told ""Fox News Sunday."""
news-2022-0067,9/11/22,2022,'Sidney' Tackles The Not-So-Comfortable Conversations About A Black Cinema Icon,"It’s not about sensationalizing or even tarnishing the reputation of Sidney Poitier. Rather, the new documentary honors his humanity — every facet of it.",Candice Frederick,https://www.huffpost.com/entry/sidney-review-tiff-sidney-poitier_n_631b75f9e4b082746bdf840c,"'Sidney' Tackles The Not-So-Comfortable Conversations About A Black Cinema Icon. It’s not about sensationalizing or even tarnishing the reputation of Sidney Poitier. Rather, the new documentary honors his humanity — every facet of it."
news-2022-0068,9/11/22,2022,9/11 Attacks Still Reverberate As U.S. Marks 21st Anniversary,September 11th remains a point for reflection on the 2001 attacks that reconfigured national security policy and spurred a U.S. “war on terror” worldwide.,,https://www.huffpost.com/entry/21-anniversary-911-terror-attacks_n_631df241e4b046aa0236037f,9/11 Attacks Still Reverberate As U.S. Marks 21st Anniversary. September 11th remains a point for reflection on the 2001 attacks that reconfigured national security policy and spurred a U.S. “war on terror” worldwide.
news-2022-0069,9/11/22,2022,"Biden Honors 9/11 Victims, Vows Commitment To Thwart Terror","President Joe Biden has marked the 21st anniversary of the Sept. 11 attacks, taking part in a somber wreath-laying ceremony held at the Pentagon under a steady rain.","COLLEEN LONG and AAMER MADHANI, AP",https://www.huffpost.com/entry/sept-11-anniversary-biden_n_631e6071e4b027aa405cf306,"Biden Honors 9/11 Victims, Vows Commitment To Thwart Terror. President Joe Biden has marked the 21st anniversary of the Sept. 11 attacks, taking part in a somber wreath-laying ceremony held at the Pentagon under a steady rain."
news-2022-0070,9/11/22,2022,"Carlos Alcaraz Wins U.S. Open For 1st Slam Title, Top Ranking",Carlos Alcaraz defeated Casper Ruud in the U.S. Open final to earn his first Grand Slam at age 19 and become the youngest man to move up to No. 1 in the rankings.,"HOWARD FENDRICH, AP",https://www.huffpost.com/entry/carlos-alcaraz-us-open-grand-slam-win_n_631e7452e4b027aa405cf51b,"Carlos Alcaraz Wins U.S. Open For 1st Slam Title, Top Ranking. Carlos Alcaraz defeated Casper Ruud in the U.S. Open final to earn his first Grand Slam at age 19 and become the youngest man to move up to No. 1 in the rankings."
news-2022-0071,9/11/22,2022,Last Reactor At Ukraine's Zaporizhzhia Nuclear Plant Stopped,"The plant, one of the 10 biggest atomic power stations in the world, has been occupied by Russian forces since early in the war, which marked its 200th day on Sunday.","Karl Ritter, AP",https://www.huffpost.com/entry/russia-ukraine-war-nuclear-plant-reactor-stopped_n_631dc78de4b082746be0b33c,"Last Reactor At Ukraine's Zaporizhzhia Nuclear Plant Stopped. The plant, one of the 10 biggest atomic power stations in the world, has been occupied by Russian forces since early in the war, which marked its 200th day on Sunday."
news-2022-0072,9/11/22,2022,"Weather Helping, But Threat From Western Fires Persists",Firefighters made progress against a huge Northern California wildfire that was still growing and threatening thousands of mountain homes.,,https://www.huffpost.com/entry/western-wildfires-northern-california_n_631e6562e4b046aa02362f83,"Weather Helping, But Threat From Western Fires Persists. Firefighters made progress against a huge Northern California wildfire that was still growing and threatening thousands of mountain homes."
news-2022-0073,9/10/22,2022,James Cameron Presents New Scenes From 'Avatar: The Way Of Water' At D23 Expo,"The director told the audience he was ""super excited to be finally finishing up movie two"" — as he has three additional installments in the works.",Marco Margaritoff,https://www.huffpost.com/entry/james-cameron-avatar-sequel-footage_n_631d0697e4b046aa02358cbf,"James Cameron Presents New Scenes From 'Avatar: The Way Of Water' At D23 Expo. The director told the audience he was ""super excited to be finally finishing up movie two"" — as he has three additional installments in the works."
news-2022-0074,9/10/22,2022,Payment Processor Visa To Start Categorizing Sales At Gun Stores,"Visa’s adoption is significant as the largest payment network, and will likely add pressure for Mastercard and American Express to adopt the code as well.","Ken Sweet, AP",https://www.huffpost.com/entry/payment-processor-visa-to-start-categorizing-sales-at-gun-stores_n_631d11e2e4b0eac9f4d80c91,"Payment Processor Visa To Start Categorizing Sales At Gun Stores. Visa’s adoption is significant as the largest payment network, and will likely add pressure for Mastercard and American Express to adopt the code as well."
news-2022-0075,9/10/22,2022,Russia Says It's Pulling Back Forces From Ukraine's Kharkiv Region,Russia’s Defense Ministry announced that troops will be pulled back in two area where a Ukrainian counter offensive has made significant advances.,"KARL RITTER and JOANNA KOZLOWSKA, AP",https://www.huffpost.com/entry/bc-eu-russia-ukraine-war_n_631caa67e4b0ed021df310a8,Russia Says It's Pulling Back Forces From Ukraine's Kharkiv Region. Russia’s Defense Ministry announced that troops will be pulled back in two area where a Ukrainian counter offensive has made significant advances.
news-2022-0076,9/10/22,2022,Severe Winds Batter Southern California As Heat Wave Breaks,"After a 10-day heat wave that nearly overwhelmed the electrical grid, Southern California got cooler weather but also a ferocious tropical storm.","JULIE WATSON and JOHN ANTCZAK, AP",https://www.huffpost.com/entry/bc-us-california-wildfires_n_631c9b62e4b000d988519ee3,"Severe Winds Batter Southern California As Heat Wave Breaks. After a 10-day heat wave that nearly overwhelmed the electrical grid, Southern California got cooler weather but also a ferocious tropical storm."
news-2022-0077,9/10/22,2022,"US, Trump Team Propose Names For Arbiter In Mar-A-Lago Probe",The Justice Department proposed two retired judges for the role. Trump’s team proposed a retired judge and a lawyer.,"Eric Tucker and Nomaan Merchant, AP",https://www.huffpost.com/entry/doj-trump-team-propose-candidates-for-special-master-in-mar-a-lago-probe_n_631bed8be4b0ed021df2bd38,"US, Trump Team Propose Names For Arbiter In Mar-A-Lago Probe. The Justice Department proposed two retired judges for the role. Trump’s team proposed a retired judge and a lawyer."
news-2022-0078,9/10/22,2022,Ukraine Claws Back Some Territory; Nuclear Plant In Peril,Ukrainian forces are claiming new success in their counteroffensive against Russian forces in the east.,"HANNA ARHIROVA and YURAS KARMANAU, AP",https://www.huffpost.com/entry/ukraine-forces-success-counteroffensive-russia_n_631c89cce4b082746be0286c,Ukraine Claws Back Some Territory; Nuclear Plant In Peril. Ukrainian forces are claiming new success in their counteroffensive against Russian forces in the east.
news-2022-0079,9/9/22,2022,'Our Hearts Are Broken': Historic Front Pages Mark The Queen's Death,Both British and international newspapers honor the passing of the U.K'.s longest-reigning monarch.,Kate Nicholson,https://www.huffpost.com/entry/newspaper-front-pages-mark-the-queens-death_n_631b09e1e4b0eac9f4d64686,'Our Hearts Are Broken': Historic Front Pages Mark The Queen's Death. Both British and international newspapers honor the passing of the U.K'.s longest-reigning monarch.
news-2022-0080,9/9/22,2022,Ex-Employee Testifies He Now Doubts R. Kelly Abuse Denials,Derrell McDavid’s testimony could be a major blow to the R&B singer's hope of acquittal.,"Michael Tarm, AP",https://www.huffpost.com/entry/r-kelly-derrel-mcdavid-trial_n_631ac084e4b0eac9f4d5ac29,Ex-Employee Testifies He Now Doubts R. Kelly Abuse Denials. Derrell McDavid’s testimony could be a major blow to the R&B singer's hope of acquittal.
news-2022-0081,9/9/22,2022,JoJo Siwa To Receive Prestigious GLSEN Honor For Her LGBTQ Advocacy Work,"The 19-year-old singer, dancer and YouTube icon will receive the 2022 Gamechanger Award for her focus on anti-bullying efforts.",,https://www.huffpost.com/entry/jojo-siwa-glsen-gamechanger-award_n_631bae79e4b082746bdfc964,"JoJo Siwa To Receive Prestigious GLSEN Honor For Her LGBTQ Advocacy Work. The 19-year-old singer, dancer and YouTube icon will receive the 2022 Gamechanger Award for her focus on anti-bullying efforts."
news-2022-0082,9/9/22,2022,UN Chief Asks World For 'Massive' Help In Flood-Hit Pakistan,"Speaking from Islamabad, Antonio Guterres said countries bearing more responsibility for climate change ""should have faced this challenge.""","Munir Ahmed, AP",https://www.huffpost.com/entry/antonio-guterres-pakistan-floods_n_631b47c7e4b027aa405b2142,"UN Chief Asks World For 'Massive' Help In Flood-Hit Pakistan. Speaking from Islamabad, Antonio Guterres said countries bearing more responsibility for climate change ""should have faced this challenge."""
news-2022-0083,9/9/22,2022,Watch Harry Styles Pay Tribute To Queen Elizabeth II At NYC Concert,"“Please join me in a round of applause for 70 years of service,” the pop star told the crowd after he paused his Madison Square Garden performance.",Curtis M. Wong,https://www.huffpost.com/entry/harry-styles-queen-elizabeth-ii-concert-tribute_n_631b4d22e4b027aa405b2ad7,"Watch Harry Styles Pay Tribute To Queen Elizabeth II At NYC Concert. “Please join me in a round of applause for 70 years of service,” the pop star told the crowd after he paused his Madison Square Garden performance."
news-2022-0084,9/8/22,2022,At Least 32 Dead In Fire At Karaoke Parlor In South Vietnam,The fire in Thuan An city began late Tuesday and trapped both workers and customers inside the multi-story venue.,,https://www.huffpost.com/entry/ap-as-vietnam-karaoke-fire_n_6319c41be4b0ed021def2c70,At Least 32 Dead In Fire At Karaoke Parlor In South Vietnam. The fire in Thuan An city began late Tuesday and trapped both workers and customers inside the multi-story venue.
news-2022-0085,9/8/22,2022,Michelle Obama Celebrated For Wearing Braids To Her White House Portrait Unveiling,The internet ignited in approval over the former first lady's hairstyle choice for the monumental day.,Jazmin Tolliver,https://www.huffpost.com/entry/michelle-obama-braids-white-house-portrait_n_631a167fe4b0eac9f4d4c000,Michelle Obama Celebrated For Wearing Braids To Her White House Portrait Unveiling. The internet ignited in approval over the former first lady's hairstyle choice for the monumental day.
news-2022-0086,9/8/22,2022,Michigan Supreme Court Revives Abortion Rights Amendment For November's Ballot,"Opponents of the measure claimed typos made the qualifying petitions incomprehensible, but the state's highest court rejected that argument.",Jonathan Cohn,https://www.huffpost.com/entry/michigan-abortion-amendment-supreme-court-november-ballot_n_63191369e4b046aa0230bd0e,"Michigan Supreme Court Revives Abortion Rights Amendment For November's Ballot. Opponents of the measure claimed typos made the qualifying petitions incomprehensible, but the state's highest court rejected that argument."
news-2022-0087,9/8/22,2022,Norman Reedus Opens Up About 'Walking Dead' Injury: 'I Thought I Was Going To Die',"The actor said he was so badly concussed while shooting the series finale that he feared for his life and was ""holding onto the walls"" while recovering.",Marco Margaritoff,https://www.huffpost.com/entry/norman-reedus-walking-dead-injury_n_6319bc8ce4b046aa02317165,"Norman Reedus Opens Up About 'Walking Dead' Injury: 'I Thought I Was Going To Die'. The actor said he was so badly concussed while shooting the series finale that he feared for his life and was ""holding onto the walls"" while recovering."
news-2022-0088,9/8/22,2022,"Politician's DNA Connected To Las Vegas Journalist’s Murder, Police Say","Clark County Public Administrator Robert Telles was arrested in the fatal stabbing of Jeff German, who had been investigating his office.",Sanjana Karanth,https://www.huffpost.com/entry/clark-county-official-robert-telles-dna-las-vegas-journalist-murder_n_631a51dbe4b000d9884f1cf4,"Politician's DNA Connected To Las Vegas Journalist’s Murder, Police Say. Clark County Public Administrator Robert Telles was arrested in the fatal stabbing of Jeff German, who had been investigating his office."
news-2022-0089,9/8/22,2022,Portland Residents With Disabilities Sue Over City's Blocked Sidewalks,"The lawsuit says allowing homeless people’s tents to block city sidewalks makes it difficult for people using wheelchairs, walkers or canes to use them.","Claire Rush, AP",https://www.huffpost.com/entry/portland-disabled-lawsuit-blocked-sidewalks_n_631a741fe4b046aa0232f7c6,"Portland Residents With Disabilities Sue Over City's Blocked Sidewalks. The lawsuit says allowing homeless people’s tents to block city sidewalks makes it difficult for people using wheelchairs, walkers or canes to use them."
news-2022-0090,9/7/22,2022,Baseball Players Union Joins AFL-CIO In Show Of Solidarity With Other Workers,"The MLB Players Association will finally be a member of the AFL-CIO, affiliating with 57 other unions across industries.",Dave Jamieson,https://www.huffpost.com/entry/baseball-players-union-joins-afl-cio_n_6318a30ee4b000d9884c1aca,"Baseball Players Union Joins AFL-CIO In Show Of Solidarity With Other Workers. The MLB Players Association will finally be a member of the AFL-CIO, affiliating with 57 other unions across industries."
news-2022-0091,9/7/22,2022,Cyberattack Prompts Los Angeles School District To Shut Down Its Computer Systems,"Such attacks have become a growing threat to U.S. schools, with several high-profile incidents reported since last year.","Stefanie Dazio, Frank Bajak and Zeke Miller, AP",https://www.huffpost.com/entry/ap-us-los-angeles-schools-cyberattack_n_63184088e4b046aa022f1bd4,"Cyberattack Prompts Los Angeles School District To Shut Down Its Computer Systems. Such attacks have become a growing threat to U.S. schools, with several high-profile incidents reported since last year."
news-2022-0092,9/7/22,2022,"Muslims Only Make Up 1% Of Characters On TV, Study Finds","In most of the 200 scripted shows that researchers analyzed, Muslim characters were typically violent, dehumanized or disparaged — if they existed at all.",Rowaida Abdelaziz,https://www.huffpost.com/entry/muslims-tv-characters-representation_n_63177ddee4b0536be0493fac,"Muslims Only Make Up 1% Of Characters On TV, Study Finds. In most of the 200 scripted shows that researchers analyzed, Muslim characters were typically violent, dehumanized or disparaged — if they existed at all."
news-2022-0093,9/7/22,2022,"Power Outage At Austin Airport Leads To Flight Delays, Traffic Jams","Airport officials in Austin, Texas, say an early morning power outage is causing flight delays even as electricity has been restored.",,https://www.huffpost.com/entry/ap-us-austin-airport-power-outage_n_6318c91fe4b046aa02302b96,"Power Outage At Austin Airport Leads To Flight Delays, Traffic Jams. Airport officials in Austin, Texas, say an early morning power outage is causing flight delays even as electricity has been restored."
news-2022-0094,9/7/22,2022,"Shelling Goes On Near Ukraine Nuclear Plant, Despite Risks","The head of the International Atomic Energy Agency warned the U.N. Security Council  that “something very, very catastrophic could take place” at Zaporizhzhia.","Yuras Karmanau, AP",https://www.huffpost.com/entry/shelling-goes-on-near-ukraine-nuclear-plant-despite-risks_n_6318769ce4b027aa405646dd,"Shelling Goes On Near Ukraine Nuclear Plant, Despite Risks. The head of the International Atomic Energy Agency warned the U.N. Security Council that “something very, very catastrophic could take place” at Zaporizhzhia."
news-2022-0095,9/7/22,2022,The Unemployment Insurance System Is Not Ready For The Next Recession,"States are cutting back, and Congress is unlikely to step in even after the pandemic exposed the unemployment system's shortcomings.",Arthur Delaney,https://www.huffpost.com/entry/unemployment-benefits-recession_n_6317aa40e4b0faa556c1c634,"The Unemployment Insurance System Is Not Ready For The Next Recession. States are cutting back, and Congress is unlikely to step in even after the pandemic exposed the unemployment system's shortcomings."
news-2022-0096,9/6/22,2022,Fast-Moving Fairview Fire Kills At Least 2 In California,A second fire killed two people in Northern California this weekend.,Nick Visser,https://www.huffpost.com/entry/fairview-fire-california_n_6316e991e4b0536be048168d,Fast-Moving Fairview Fire Kills At Least 2 In California. A second fire killed two people in Northern California this weekend.
news-2022-0097,9/6/22,2022,"Kody Clemens Strikes Out MVP Shohei Ohtani, Trails Dad Roger By 4,671 Ks",The Detroit Tigers' rookie utility player got pressed into relief-pitching duty in a 10-0 loss to the Angels.,,https://www.huffpost.com/entry/kody-clemens-strikes-out-shohei-otani_n_63177ba5e4b0faa556c18078,"Kody Clemens Strikes Out MVP Shohei Ohtani, Trails Dad Roger By 4,671 Ks. The Detroit Tigers' rookie utility player got pressed into relief-pitching duty in a 10-0 loss to the Angels."
news-2022-0098,9/6/22,2022,"Meta, Parent Company Of Instagram, Fined $400 Million By Irish Regulators",The social media giant was fined for violations of data privacy laws related to information about children on Instagram.,Nick Visser,https://www.huffpost.com/entry/meta-400-million-irish-fine_n_6316c7d0e4b046aa022d0682,"Meta, Parent Company Of Instagram, Fined $400 Million By Irish Regulators. The social media giant was fined for violations of data privacy laws related to information about children on Instagram."
news-2022-0099,9/6/22,2022,Mississippi Governor Says Water Pressure Is Now 'Solid' In Jackson,"The city remains under a boil water notice, which first went into effect on July 30.",Marita Vlachou,https://www.huffpost.com/entry/jackson-water-pressure-back-to-normal_n_631708e6e4b0ed021deaf884,"Mississippi Governor Says Water Pressure Is Now 'Solid' In Jackson. The city remains under a boil water notice, which first went into effect on July 30."
news-2022-0100,9/6/22,2022,School Starts Today For Survivors Of Deadly Mass Shooting In Uvalde,There is new high fencing around the Texas community's public schools that still isn't finished and a heavy police patrol that many families don't trust.,"Paul J. Weber, AP",https://www.huffpost.com/entry/uvalde-texas-shooting-back-to-school_n_6316f276e4b0faa556c0635d,School Starts Today For Survivors Of Deadly Mass Shooting In Uvalde. There is new high fencing around the Texas community's public schools that still isn't finished and a heavy police patrol that many families don't trust.
news-2022-0101,9/6/22,2022,"U.S.: Russia To Buy Rockets, Artillery Shells From North Korea",The finding comes after the Biden administration confirmed that the Russian military in August took delivery of Iranian-manufactured drones for use in Ukraine.,"Aamer Madhani, AP",https://www.huffpost.com/entry/us-russia-to-buy-rockets-artillery-shells-from-north-korea_n_6316ba7fe4b0ed021deaa7c1,"U.S.: Russia To Buy Rockets, Artillery Shells From North Korea. The finding comes after the Biden administration confirmed that the Russian military in August took delivery of Iranian-manufactured drones for use in Ukraine."
news-2022-0102,9/5/22,2022,Bear Spotted Chilling In California Swimming Pool,"""He's welcome in my yard as long as he doesn't kill me or my family,"" the homeowner quipped.",Josephine Harvey,https://www.huffpost.com/entry/bear-swimming-pool-california_n_63156d04e4b046aa022b6a4c,"Bear Spotted Chilling In California Swimming Pool. ""He's welcome in my yard as long as he doesn't kill me or my family,"" the homeowner quipped."
news-2022-0103,9/5/22,2022,Citing Imminent Danger Cloudflare Drops Hate Site Kiwi Farms,Cloudflare CEO Matthew Prince had previously resisted calls to block the site.,"The Associated Press, AP",https://www.huffpost.com/entry/cloudflare-kiwi-farms_n_6315993ae4b0eac9f4ce0ba1,Citing Imminent Danger Cloudflare Drops Hate Site Kiwi Farms. Cloudflare CEO Matthew Prince had previously resisted calls to block the site.
news-2022-0104,9/5/22,2022,Harry Styles Say He Feels Like He Has 'No Idea What I'm Doing' When Acting,"The ""As It Was"" singer said he also doesn’t see many parallels between music and acting.","LINDSEY BAHR, AP",https://www.huffpost.com/entry/harry-styles-no-idea-what-im-doing-acting_n_63162147e4b046aa022ca283,"Harry Styles Say He Feels Like He Has 'No Idea What I'm Doing' When Acting. The ""As It Was"" singer said he also doesn’t see many parallels between music and acting."
news-2022-0105,9/5/22,2022,Michigan Secretary of State Worried About ‘Violence And Disruption’ Going Into Midterms,"Jocelyn Benson said misinformation ""fuels the potential for additional threats, harassment and even violence on Election Day.""",Nick Visser,https://www.huffpost.com/entry/michigan-jocelyn-benson-election-midterms_n_63158ff2e4b0682ad3d22355,"Michigan Secretary of State Worried About ‘Violence And Disruption’ Going Into Midterms. Jocelyn Benson said misinformation ""fuels the potential for additional threats, harassment and even violence on Election Day."""
news-2022-0106,9/5/22,2022,Uvalde Fourth Graders Waited An Hour With Wounded Teacher,"When Elsa Avila looks at the scar that runs down her torso, she can't help remember May 24, when a gunman stormed her fourth grade wing at Robb Elementary in Uvalde, Texas, killing 19 children and two teachers and leaving her and others wounded.","ACACIA CORONADO, AP",https://www.huffpost.com/entry/bc-us-texas-school-shooting-teachers_n_631644f7e4b0ed021dea6f3b,"Uvalde Fourth Graders Waited An Hour With Wounded Teacher. When Elsa Avila looks at the scar that runs down her torso, she can't help remember May 24, when a gunman stormed her fourth grade wing at Robb Elementary in Uvalde, Texas, killing 19 children and two teachers and leaving her and others wounded."
news-2022-0107,9/4/22,2022,Emergency Declared As Flash Flooding Hits Northwest Georgia,"Thunderstorms and heavy rain pounded parts of northwest Georgia on Sunday, sparking flash flooding and dangerously high waters in some areas.",,https://www.huffpost.com/entry/georgia-flash-flooding_n_63151514e4b0eac9f4cdc7d3,"Emergency Declared As Flash Flooding Hits Northwest Georgia. Thunderstorms and heavy rain pounded parts of northwest Georgia on Sunday, sparking flash flooding and dangerously high waters in some areas."
news-2022-0108,9/4/22,2022,FEMA Director Says It's ‘Too Early’ To Tell When Jackson Will Have Clean Water Again,Residents of Mississippi's majority-Black capital still don't have clean water after rains worsened the existing infrastructure.,Sanjana Karanth,https://www.huffpost.com/entry/fema-director-jackson-mississippi-water-crisis_n_6314d8bde4b0ed021de8e831,FEMA Director Says It's ‘Too Early’ To Tell When Jackson Will Have Clean Water Again. Residents of Mississippi's majority-Black capital still don't have clean water after rains worsened the existing infrastructure.
news-2022-0109,9/4/22,2022,Memphis Police: Arrest Made In Jogger's Disappearance,Police in Tennessee say an arrest has been made in the disappearance of a woman who was abducted while jogging.,,https://www.huffpost.com/entry/ap-us-jogger-abducted_n_6314aa89e4b0682ad3d1d6ed,Memphis Police: Arrest Made In Jogger's Disappearance. Police in Tennessee say an arrest has been made in the disappearance of a woman who was abducted while jogging.
news-2022-0110,9/4/22,2022,Pakistan's Largest Natural Lake Is Rising To Dangerous Levels Due To Monsoon,"Authorities warn that more flooding is expected as Lake Manchar swells from unprecedented monsoon rains that have killed nearly 1,300 people.","Zarar Khan, AP",https://www.huffpost.com/entry/pakistan-floods-lake-swelling_n_6314c328e4b046aa022b3d8c,"Pakistan's Largest Natural Lake Is Rising To Dangerous Levels Due To Monsoon. Authorities warn that more flooding is expected as Lake Manchar swells from unprecedented monsoon rains that have killed nearly 1,300 people."
news-2022-0111,9/4/22,2022,Trump-Endorsed Wisconsin Gubernatorial Candidate Tells Voters To Take Up Pitchforks,Tim Michels calls on supporters to go after media following Milwaukee Journal Sentinel story reporting multimillionaire's donations to anti-abortion groups.,"By SCOTT BAUER, AP",https://www.huffpost.com/entry/wisconsin-trump-tim-michels-pitchforks-anti-abortion-anti-gay_n_63142462e4b0682ad3d1a6c3,Trump-Endorsed Wisconsin Gubernatorial Candidate Tells Voters To Take Up Pitchforks. Tim Michels calls on supporters to go after media following Milwaukee Journal Sentinel story reporting multimillionaire's donations to anti-abortion groups.
news-2022-0112,9/4/22,2022,Uvalde Children Grapple With Trauma After School Massacre,"Students who survived the May 24 shooting at Robb Elementary in Texas are spending the summer with a host of mental health issues, including PTSD.","Acacia Coronado and Adriana Gomez Licon, AP",https://www.huffpost.com/entry/texas-uvalde-school-shooting-trauma-recovery_n_63150074e4b0ed021de8ede6,"Uvalde Children Grapple With Trauma After School Massacre. Students who survived the May 24 shooting at Robb Elementary in Texas are spending the summer with a host of mental health issues, including PTSD."
news-2022-0113,9/3/22,2022,"'The Osbournes' Will Return In British Revival On BBC: 'Same Laughter, Love And Tears'",Millennials might remember the family's MTV reality series from the early 2000s. The BBC series will be filmed at the 350-acre Osbourne estate in England.,Marco Margaritoff,https://www.huffpost.com/entry/the-osbournes-revival-series-announcement_n_6313714ee4b046aa022acc2e,"'The Osbournes' Will Return In British Revival On BBC: 'Same Laughter, Love And Tears'. Millennials might remember the family's MTV reality series from the early 2000s. The BBC series will be filmed at the 350-acre Osbourne estate in England."
news-2022-0114,9/3/22,2022,9 Migrants Are Found Dead In Rio Grande: Border Patrol,"Tragic toll followed hazardous crossing by desperate dozens, said officials.","Terry Wallace, AP",https://www.huffpost.com/entry/8-migrants-dead-rio-grande-border-patrol_n_6312d71ce4b0536be0458388,"9 Migrants Are Found Dead In Rio Grande: Border Patrol. Tragic toll followed hazardous crossing by desperate dozens, said officials."
news-2022-0115,9/3/22,2022,Fuel Leak Ruins NASA's 2nd Shot At Launching New Moon Rocket,"Part of the space agency's Artemis program, the rocket is the most powerful to date.","Marcia Dunn, AP",https://www.huffpost.com/entry/fuel-leak-ruins-nasa-launch-moon-artemis_n_63137247e4b0eac9f4cd4aa2,"Fuel Leak Ruins NASA's 2nd Shot At Launching New Moon Rocket. Part of the space agency's Artemis program, the rocket is the most powerful to date."
news-2022-0116,9/3/22,2022,Plane That Circled Mississippi Threatening To Crash Has Landed,"A pilot has been arrested after circling a small airplane over Tupelo, Mississippi, while threatening to crash into a Walmart store.",,https://www.huffpost.com/entry/tupelo-mississippi-airplane-walmart_n_6313572be4b0536be045b912,"Plane That Circled Mississippi Threatening To Crash Has Landed. A pilot has been arrested after circling a small airplane over Tupelo, Mississippi, while threatening to crash into a Walmart store."
news-2022-0117,9/2/22,2022,Former White House Counsel Pat Cipollone To Testify Before Grand Jury: Reports,Cipollone's former deputy Patrick Philbin is also reportedly scheduled to provide testimony to the grand jury on Friday.,Marita Vlachou,https://www.huffpost.com/entry/pat-cipollone-jan-6-grand-jury_n_6311c619e4b07d96a24d2ae8,Former White House Counsel Pat Cipollone To Testify Before Grand Jury: Reports. Cipollone's former deputy Patrick Philbin is also reportedly scheduled to provide testimony to the grand jury on Friday.
news-2022-0118,9/2/22,2022,NASA Aims For Saturday Launch Of New Moon Rocket After Fixing Fuel Leaks,The inaugural flight of the 322-foot Artemis I rocket — the most powerful ever built by NASA — was delayed late in the countdown Monday.,"Marcia Dunn, AP",https://www.huffpost.com/entry/nasa-artemis-rocket-launch_n_631265e3e4b0fc6bd23b7e7e,NASA Aims For Saturday Launch Of New Moon Rocket After Fixing Fuel Leaks. The inaugural flight of the 322-foot Artemis I rocket — the most powerful ever built by NASA — was delayed late in the countdown Monday.
news-2022-0119,9/2/22,2022,Owner Of New England Frozen Yogurt Shops Accused Of Hiding Camera In Store Bathroom,Nashua police charged Chanphanou (Sab) Pou with three misdemeanor counts of violation of privacy. He could face up to one year in jail for each charge.,Ben Blanchet,https://www.huffpost.com/entry/new-england-frozen-yogurt-owner-charged_n_6311972ae4b020c4ffab96b2,Owner Of New England Frozen Yogurt Shops Accused Of Hiding Camera In Store Bathroom. Nashua police charged Chanphanou (Sab) Pou with three misdemeanor counts of violation of privacy. He could face up to one year in jail for each charge.
news-2022-0120,9/2/22,2022,Putin Plans To Snub Gorbachev's Funeral,"The low-key funeral reflects the Kremlin’s uneasiness about the legacy of Gorbachev, who is despised by many at home for the collapse of the Soviet Union.","Jim Heintz and Vladimir Isachenkov, AP",https://www.huffpost.com/entry/putin-snubs-gorbachev-funeral_n_6312499ce4b09e34c39504ef,"Putin Plans To Snub Gorbachev's Funeral. The low-key funeral reflects the Kremlin’s uneasiness about the legacy of Gorbachev, who is despised by many at home for the collapse of the Soviet Union."
news-2022-0121,9/2/22,2022,"Tropical Storm Danielle Strengthens Into Hurricane, No Current Threat To Land",The storm — the first hurricane of an unusually quiet storm season — is centered about 885 miles west of the Azores.,,https://www.huffpost.com/entry/hurricane-danielle-tropical-storm_n_631236a4e4b020c4ffacca40,"Tropical Storm Danielle Strengthens Into Hurricane, No Current Threat To Land. The storm — the first hurricane of an unusually quiet storm season — is centered about 885 miles west of the Azores."
news-2022-0122,9/2/22,2022,"U.S. Hiring Slowed In August As Employers Add 315,000 Jobs","The unemployment rate rose to 3.7%, from a half-century low of 3.5% in July, as more Americans came off the sidelines to look for jobs.","Christopher Rugaber, AP",https://www.huffpost.com/entry/us-economy-jobs-report-august_n_6311fc30e4b0aefceecb070e,"U.S. Hiring Slowed In August As Employers Add 315,000 Jobs. The unemployment rate rose to 3.7%, from a half-century low of 3.5% in July, as more Americans came off the sidelines to look for jobs."
news-2022-0123,9/1/22,2022,"A Ku Klux Klan Plaque Is Mounted At West Point's Science Center, Commission Finds",The plaque shows a hooded man holding a weapon.,Josephine Harvey,https://www.huffpost.com/entry/kkk-plaque-west-point_n_63101115e4b07744a2fd04c9,"A Ku Klux Klan Plaque Is Mounted At West Point's Science Center, Commission Finds. The plaque shows a hooded man holding a weapon."
news-2022-0124,9/1/22,2022,Missing Louisiana Nun Found 'Alive And Safe' Months After Armed Home Raid,The nun was held by kidnappers for nearly five months following an armed raid of her Burkina Faso home.,Ben Blanchet,https://www.huffpost.com/entry/missing-louisiana-nun-found-alive_n_63104d89e4b0dc23bbeeda1f,Missing Louisiana Nun Found 'Alive And Safe' Months After Armed Home Raid. The nun was held by kidnappers for nearly five months following an armed raid of her Burkina Faso home.
news-2022-0125,9/1/22,2022,Pregnant Woman Who Claimed Unborn Baby Was HOV Lane Passenger Receives Another Ticket,"Brandy Bottone had referred to Roe v. Wade and Texas' penal code, which identifies an unborn child as an individual, when she was first stopped for using the lane.",Nina Golgowski,https://www.huffpost.com/entry/pregnant-brandy-bottone-texas-hov-lane-citation_n_6310b3f7e4b088f7423b32d0,"Pregnant Woman Who Claimed Unborn Baby Was HOV Lane Passenger Receives Another Ticket. Brandy Bottone had referred to Roe v. Wade and Texas' penal code, which identifies an unborn child as an individual, when she was first stopped for using the lane."
news-2022-0126,9/1/22,2022,Should You Freeze-Dry Your Breast Milk?,"If your freezer is overflowing, or you're tired of carrying around ice packs and bottles of pumped milk, this option could be for you.",Marie Holmes,https://www.huffpost.com/entry/freeze-drying-breast-milk_l_630e3263e4b065bfc4b25a89,"Should You Freeze-Dry Your Breast Milk?. If your freezer is overflowing, or you're tired of carrying around ice packs and bottles of pumped milk, this option could be for you."
news-2022-0127,9/1/22,2022,Toxic Algae Causes Thousands Of Dead Fish To Wash Ashore In California,The unprecedented red tide is creating a foul odor that may get worse during the oncoming heat wave.,"TERRY CHEA and OLGA R. RODRIGUEZ, AP",https://www.huffpost.com/entry/ap-us-bay-area-dead-fish_n_63113130e4b020c4ffab4841,Toxic Algae Causes Thousands Of Dead Fish To Wash Ashore In California. The unprecedented red tide is creating a foul odor that may get worse during the oncoming heat wave.
news-2022-0128,8/31/22,2022,3 More R. Kelly Accusers Testify About His Abuse In Chicago Trial,"Prosecutors rested their case against the singer, who stands accused of producing child sexual abuse videos in his latest trial.",Marco Margaritoff,https://www.huffpost.com/entry/r-kelly-accusers-testify-trial_n_630f4a3ae4b07744a2fbe613,"3 More R. Kelly Accusers Testify About His Abuse In Chicago Trial. Prosecutors rested their case against the singer, who stands accused of producing child sexual abuse videos in his latest trial."
news-2022-0129,8/31/22,2022,Lisa Loeb Paved Her Own Way In The '90s — A Rare Feat For Independent Artists Of The Time,The ‘Stay (I Missed You)’ artist reflects on pushing against a culture where female singer-songwriters were expected to fit a certain mold to make it big.,Candice Frederick,https://www.huffpost.com/entry/lisa-loeb-90s-music-profile_n_630d2734e4b088f74236a534,Lisa Loeb Paved Her Own Way In The '90s — A Rare Feat For Independent Artists Of The Time. The ‘Stay (I Missed You)’ artist reflects on pushing against a culture where female singer-songwriters were expected to fit a certain mold to make it big.
news-2022-0130,8/31/22,2022,Mikhail Gorbachev's 1998 Pizza Hut Ad Resurfaces After His Death,The Soviet Union's last leader reportedly earned nearly $1 million even though he refused to eat the pizza on camera.,David Moye,https://www.huffpost.com/entry/mikhail-gorbachev-pizza-hut-ad_n_630e8d48e4b07744a2fb19f3,Mikhail Gorbachev's 1998 Pizza Hut Ad Resurfaces After His Death. The Soviet Union's last leader reportedly earned nearly $1 million even though he refused to eat the pizza on camera.
news-2022-0131,8/31/22,2022,Rep. Jim Jordan's Judiciary Twitter Account Finds 'Threat' In Pic Of Docs At Trump Home,The 36-page filing described how Trump and his representatives did not hand over classified materials at the property.,Ben Blanchet,https://www.huffpost.com/entry/jim-jordan-judiciary-trump-docs-tweet_n_630f124ee4b0dc23bbed2a07,Rep. Jim Jordan's Judiciary Twitter Account Finds 'Threat' In Pic Of Docs At Trump Home. The 36-page filing described how Trump and his representatives did not hand over classified materials at the property.
news-2022-0132,8/31/22,2022,Republicans Ignore Trump's Hoarding Of Classified Documents,"The GOP is continuing to contort itself in defense of Donald Trump, despite new information relating to classified documents held at his Florida estate.",Igor Bobic,https://www.huffpost.com/entry/donald-trump-fbi-classified-republicans_n_630f5edfe4b065bfc4b3d2ac,"Republicans Ignore Trump's Hoarding Of Classified Documents. The GOP is continuing to contort itself in defense of Donald Trump, despite new information relating to classified documents held at his Florida estate."
news-2022-0133,8/31/22,2022,‘Fox & Friends’ Host Questions Why Trump Kept Classified Documents At Mar-A-Lago,"""These are the biggest secrets in the world,"" Steve Doocy said in response to the ex-president keeping top secret documents at his private residence.",Sanjana Karanth,https://www.huffpost.com/entry/fox-news-steve-doocy-trump-classified-documents_n_630f8a35e4b07744a2fc6e7d,"‘Fox & Friends’ Host Questions Why Trump Kept Classified Documents At Mar-A-Lago. ""These are the biggest secrets in the world,"" Steve Doocy said in response to the ex-president keeping top secret documents at his private residence."
news-2022-0134,8/30/22,2022,'Safety Is Always First': NASA Reschedules Artemis Moon Mission To Saturday,"“We’re going to play all nine innings here,” the Artemis mission manager said after the first launch was scrubbed.",Nick Visser,https://www.huffpost.com/entry/nasa-artemis-moon-mission_n_630d7530e4b063d5e61e0179,"'Safety Is Always First': NASA Reschedules Artemis Moon Mission To Saturday. “We’re going to play all nine innings here,” the Artemis mission manager said after the first launch was scrubbed."
news-2022-0135,8/30/22,2022,'The Vow Part Two' Trailer Dives Deeper Into Downfall Of Twisted NXIVM Cult,HBO will release a six-part follow up to the series beginning in October about the infamous sex cult led by Keith Raniere.,Cole Delbyck,https://www.huffpost.com/entry/the-vow-part-two-trailer_n_630e1472e4b063d5e61ed448,'The Vow Part Two' Trailer Dives Deeper Into Downfall Of Twisted NXIVM Cult. HBO will release a six-part follow up to the series beginning in October about the infamous sex cult led by Keith Raniere.
news-2022-0136,8/30/22,2022,6 Signs You’re Grinding Your Teeth At Night (And What To Do About It),"Beyond toothaches, there are other common red flags that you're dealing with nighttime teeth grinding.",Jillian Wilson,https://www.huffpost.com/entry/signs-of-teeth-grinding_l_6307b72ee4b0f7df9bb7e34f,"6 Signs You’re Grinding Your Teeth At Night (And What To Do About It). Beyond toothaches, there are other common red flags that you're dealing with nighttime teeth grinding."
news-2022-0137,8/30/22,2022,Secret Service Official And Ex-Trump Aide Tony Ornato Retires Amid Jan. 6 Probe,"Ornato, who at one point served as a White House political adviser, is said to have witnessed Trump lunge at a Secret Service agent during the Capitol attack.",Nina Golgowski,https://www.huffpost.com/entry/anthony-ornato-retires-secret-service-trump-adviser_n_630dff01e4b065bfc4b20e38,"Secret Service Official And Ex-Trump Aide Tony Ornato Retires Amid Jan. 6 Probe. Ornato, who at one point served as a White House political adviser, is said to have witnessed Trump lunge at a Secret Service agent during the Capitol attack."
news-2022-0138,8/30/22,2022,Stocks Dive For Truth Social SPAC Amid Merger Delay,It's one thing after another for Donald Trump's problem-plagued Truth Social.,Mary Papenfuss,https://www.huffpost.com/entry/stocks-dive-truth-social-spac-merger-digital-world_n_630d93f0e4b0dc23bbeb4140,Stocks Dive For Truth Social SPAC Amid Merger Delay. It's one thing after another for Donald Trump's problem-plagued Truth Social.
news-2022-0139,8/30/22,2022,"This Breastfeeding Condition Makes Moms Feel Dread, Disgust And Despair","Moms with dysphoric milk-ejection reflex (D-MER) feel an intense but brief wave of depression, anxiety or other negative emotion before letdown. And it's more common than you might think.",Kelsey Borresen,https://www.huffpost.com/entry/breastfeeding-depression-dysphoric-milk-ejection-reflex_l_6307a405e4b052615d78f20a,"This Breastfeeding Condition Makes Moms Feel Dread, Disgust And Despair. Moms with dysphoric milk-ejection reflex (D-MER) feel an intense but brief wave of depression, anxiety or other negative emotion before letdown. And it's more common than you might think."
news-2022-0140,8/29/22,2022,Amber Heard's Sister Reacts To 'Disgusting' Johnny Depp Cameo At VMAs,The “Pirates of the Caribbean” actor appeared virtually as the MTV Video Music Awards' Moon Person on Sunday night.,Jazmin Tolliver,https://www.huffpost.com/entry/amber-heard-sister-reacts-to-johnny-depps-vmas-cameo_n_630cf4fae4b088f742365be6,Amber Heard's Sister Reacts To 'Disgusting' Johnny Depp Cameo At VMAs. The “Pirates of the Caribbean” actor appeared virtually as the MTV Video Music Awards' Moon Person on Sunday night.
news-2022-0141,8/29/22,2022,And The Award For Most Enthusiastic VMAs Guest Goes To Taylor Swift,"The singer channeled her inner Barb, danced along to Lizzo and fangirled over Blackpink.",Cole Delbyck,https://www.huffpost.com/entry/most-enthusiastic-mtv-vmas-guest-taylor-swift_n_630cc5dfe4b07744a2f8c850,"And The Award For Most Enthusiastic VMAs Guest Goes To Taylor Swift. The singer channeled her inner Barb, danced along to Lizzo and fangirled over Blackpink."
news-2022-0142,8/29/22,2022,House Members Are Using A Controversial Tool To Keep Campaigning. Has It Gone Too Far?,House members are only supposed to use proxy voting when they cannot be present due to COVID-19. But that's not stopping representatives from voting remotely on the campaign trail.,Jonathan Nicholson,https://www.huffpost.com/entry/us-house-proxy-voting_n_630d0049e4b07744a2f92303,House Members Are Using A Controversial Tool To Keep Campaigning. Has It Gone Too Far?. House members are only supposed to use proxy voting when they cannot be present due to COVID-19. But that's not stopping representatives from voting remotely on the campaign trail.
news-2022-0143,8/29/22,2022,Johnny Depp Makes Surprise Appearance As Moon Person At MTV VMAs,The actor made his first on-camera appearance since the defamation verdict against ex-wife Amber Heard in June.,Ben Blanchet,https://www.huffpost.com/entry/johnny-depp-surprise-appearance-vmas_n_6306d231e4b035629c01235e,Johnny Depp Makes Surprise Appearance As Moon Person At MTV VMAs. The actor made his first on-camera appearance since the defamation verdict against ex-wife Amber Heard in June.
news-2022-0144,8/29/22,2022,Lindsey Graham Warns Of 'Riots In Streets' If Trump Is Charged Over Classified Docs,"“Most Republicans, including me, believe when it comes to Trump, there is no law,"" Graham said on Fox News. ""It's all about getting him.""",Mary Papenfuss,https://www.huffpost.com/entry/lindsey-graham-warning-riots-trump-charged-classified-documents_n_630c2ab3e4b07744a2f82df7,"Lindsey Graham Warns Of 'Riots In Streets' If Trump Is Charged Over Classified Docs. “Most Republicans, including me, believe when it comes to Trump, there is no law,"" Graham said on Fox News. ""It's all about getting him."""
news-2022-0145,8/29/22,2022,"Yung Gravy Brings Addison Rae’s Mom As His VMAs Date, Calls Her A Certain 4-Letter Word","The TikTok star’s mom Sheri Easterling and the “Betty” rapper made their romance public — but her ex, Monty Lopez, is not happy about it.",Elyse Wanshel,https://www.huffpost.com/entry/rapper-yung-gravy-addison-raes-mom-vmas-red-carpet-debut_n_630cdd9ae4b065bfc4b0be79,"Yung Gravy Brings Addison Rae’s Mom As His VMAs Date, Calls Her A Certain 4-Letter Word. The TikTok star’s mom Sheri Easterling and the “Betty” rapper made their romance public — but her ex, Monty Lopez, is not happy about it."
news-2022-0146,8/28/22,2022,2022 MTV VMAs Red Carpet: All The Wildest Looks You Need To See,Celebrities showed up and showed out at the awards Sunday night in New Jersey.,Carly Ledbetter and Cole Delbyck,https://www.huffpost.com/entry/mtv-vmas-2022-red-carpet_n_63065aa5e4b0f7df9bb62993,2022 MTV VMAs Red Carpet: All The Wildest Looks You Need To See. Celebrities showed up and showed out at the awards Sunday night in New Jersey.
news-2022-0147,8/28/22,2022,A Nebraska Man Conducted An Active Shooter Drill. Employees Had No Idea.,A man hired to organize what looked like a mass shooting has been charged with multiple terrorism counts.,,https://www.huffpost.com/entry/nebraska-active-shooter-drill-employees-had-no-idea_n_630adb17e4b063d5e61c0d2c,A Nebraska Man Conducted An Active Shooter Drill. Employees Had No Idea.. A man hired to organize what looked like a mass shooting has been charged with multiple terrorism counts.
news-2022-0148,8/28/22,2022,Arcade Fire Singer Win Butler Accused Of Sexual Misconduct By Several People: Report,"Butler told Pitchfork he had ""consensual relationships"" outside his marriage, but he disputed details of the allegations.",Ben Blanchet,https://www.huffpost.com/entry/arcade-fire-sexual-misconduct-allegations_n_630b0664e4b0dc23bbe9522f,"Arcade Fire Singer Win Butler Accused Of Sexual Misconduct By Several People: Report. Butler told Pitchfork he had ""consensual relationships"" outside his marriage, but he disputed details of the allegations."
news-2022-0149,8/28/22,2022,FBI Probing Russian-Speaking Fake Heiress Who Infiltrated Mar-A-Lago: Report,The startling case underscores the security challenges of Donald Trump’s resort even as the former president stashed top-secret U.S. government files there.,Mary Papenfuss,https://www.huffpost.com/entry/fake-heiress-trump-mar-a-lago-security-breach_n_630ae229e4b088f74234e48b,FBI Probing Russian-Speaking Fake Heiress Who Infiltrated Mar-A-Lago: Report. The startling case underscores the security challenges of Donald Trump’s resort even as the former president stashed top-secret U.S. government files there.
news-2022-0150,8/28/22,2022,Kash Patel Says His Life's In Danger Because He's In FBI Affidavit,"In a message posted on Truth Social, Patel called it a “vicious attack from DOJ/FBI.""",Mary Papenfuss,https://www.huffpost.com/entry/kash-patel-claim-life-in-danger-fbi-mar-a-lago-affidavit_n_630ac58ae4b07744a2f79726,"Kash Patel Says His Life's In Danger Because He's In FBI Affidavit. In a message posted on Truth Social, Patel called it a “vicious attack from DOJ/FBI."""
news-2022-0151,8/28/22,2022,"Pakistan Flooding Deaths Pass 1,000 In 'Climate Catastrophe'","Pakistani authorities reported the casualties since the monsoon season began earlier than normal this year, destroying nearly 300,000 homes.","Zarar Khan, AP",https://www.huffpost.com/entry/pakistan-flooding-passes-1000-climate-catastrophe_n_630b7ef0e4b063d5e61c54de,"Pakistan Flooding Deaths Pass 1,000 In 'Climate Catastrophe'. Pakistani authorities reported the casualties since the monsoon season began earlier than normal this year, destroying nearly 300,000 homes."
news-2022-0152,8/27/22,2022,"6 Missing College Students In Mexico Were Held In Warehouse, Killed By Army","Six of 43 students kidnapped in 2014 were kept alive for days before being handed over to a local army commander who ordered them to be killed, according to a new report.","Fabiola Sánchez and Christopher Sherman, AP",https://www.huffpost.com/entry/bc-lt-mexico-missing-students_n_630a2a08e4b0dc23bbe911fc,"6 Missing College Students In Mexico Were Held In Warehouse, Killed By Army. Six of 43 students kidnapped in 2014 were kept alive for days before being handed over to a local army commander who ordered them to be killed, according to a new report."
news-2022-0153,8/27/22,2022,A Fisherman Thought He Caught A Rock. He Snagged A Prehistoric Treasure Instead.,The Nebraska man said he initially believed the underwater find was the skeleton of a catfish or deer.,Ben Blanchet,https://www.huffpost.com/entry/fisherman-prehistoric-fossil-nebraska-south-dakota_n_63098509e4b07744a2f73305,A Fisherman Thought He Caught A Rock. He Snagged A Prehistoric Treasure Instead.. The Nebraska man said he initially believed the underwater find was the skeleton of a catfish or deer.
news-2022-0154,8/27/22,2022,Don Jr. Posts 'Dick Pic' Of Dad After Affidavit Release: 'Redact This!',"""Hang in there, Mr. President,"" goofs one die-hard fan.",Mary Papenfuss,https://www.huffpost.com/entry/donald-trump-jr-dick-pic-fbi-serach-affidavit_n_63097b47e4b063d5e61b9a20,"Don Jr. Posts 'Dick Pic' Of Dad After Affidavit Release: 'Redact This!'. ""Hang in there, Mr. President,"" goofs one die-hard fan."
news-2022-0155,8/27/22,2022,Jared Kushner Blasts 'Nasty Troll' Chrissy Teigen For Attacks On Ivanka,Who's nasty??,Mary Papenfuss,https://www.huffpost.com/entry/jared-kushner-chrissy-teigen-nasty-troll-ivanka-trump_n_630958dfe4b088f742346aa3,Jared Kushner Blasts 'Nasty Troll' Chrissy Teigen For Attacks On Ivanka. Who's nasty??
news-2022-0156,8/27/22,2022,Trump Attorneys File Do-Over Motion Regarding Mar-A-Lago Search,The former president's legal team followed a judge's order to polish a filing about the FBI seizure of government documents from his estate.,Mary Papenfuss,https://www.huffpost.com/entry/trump-attorneys-file-do-over-motion-mar-a-lago-search-fbi_n_6309a543e4b065bfc4af0c30,Trump Attorneys File Do-Over Motion Regarding Mar-A-Lago Search. The former president's legal team followed a judge's order to polish a filing about the FBI seizure of government documents from his estate.
news-2022-0157,8/26/22,2022,'Kimmel' Host Nikki Glaser Absolutely Goes There In Scorching NSFW Monologue,"No one was safe during her ""speed roast"" targeting politicians.",Ed Mazza,https://www.huffpost.com/entry/nikki-glaser-kimmel-speed-roast_n_630843e8e4b065bfc4ad641a,"'Kimmel' Host Nikki Glaser Absolutely Goes There In Scorching NSFW Monologue. No one was safe during her ""speed roast"" targeting politicians."
news-2022-0158,8/26/22,2022,"Donald Trump's Truth Social Reportedly Faces Major Money, Trademark Woes","A major vendor claims it was stiffed by Trump's social media operation, suggesting finances are in ""significant disarray,"" reported Fox Business.",Mary Papenfuss,https://www.huffpost.com/entry/truth-social-donald-trump-trademark_n_6308560fe4b063d5e61a0d70,"Donald Trump's Truth Social Reportedly Faces Major Money, Trademark Woes. A major vendor claims it was stiffed by Trump's social media operation, suggesting finances are in ""significant disarray,"" reported Fox Business."
news-2022-0159,8/26/22,2022,FINISH HIM: Fighting Kangaroo Pulls Wild Move Right Out Of A Video Game,Two mad marsupials went at it in a Canberra nature reserve.,Ed Mazza,https://www.huffpost.com/entry/canberra-kangaroo-fight_n_6308360fe4b0da54bade11aa,FINISH HIM: Fighting Kangaroo Pulls Wild Move Right Out Of A Video Game. Two mad marsupials went at it in a Canberra nature reserve.
news-2022-0160,8/26/22,2022,Mar-A-Lago Search Affidavit: Trump Was Insecurely Storing Most Sensitive Intel At Club,The heavily redacted document lays out the justification the Department of Justice provided to a judge for permission to search for and seize highly classified documents in an FBI raid of Trump's Florida home.,S.V. Date,https://www.huffpost.com/entry/trump-search-warrant-affidavit_n_6307f080e4b0787ab40879b5,Mar-A-Lago Search Affidavit: Trump Was Insecurely Storing Most Sensitive Intel At Club. The heavily redacted document lays out the justification the Department of Justice provided to a judge for permission to search for and seize highly classified documents in an FBI raid of Trump's Florida home.
news-2022-0161,8/25/22,2022,"6 Months Into War, Russian Goods Still Flowing To U.S.",American companies — including federal contractors — continue to buy everything from birch wood flooring to weapons-grade titanium from Russian corporations.,"Juliet Linderman and Martha Mendoza, AP",https://www.huffpost.com/entry/us-still-trading-with-russia_n_63073ff9e4b0f7df9bb6ef30,"6 Months Into War, Russian Goods Still Flowing To U.S.. American companies — including federal contractors — continue to buy everything from birch wood flooring to weapons-grade titanium from Russian corporations."
news-2022-0162,8/25/22,2022,Gov. Brian Kemp Fights Subpoena In Georgia Election Probe,The judge is presiding over a special grand jury that’s investigating possible illegal attempts to influence the 2020 election in Georgia.,"Kate Brumback, AP",https://www.huffpost.com/entry/gov-brian-kemp-fights-subpoena-in-georgia-election-probe_n_63074a8fe4b0f7df9bb705d2,Gov. Brian Kemp Fights Subpoena In Georgia Election Probe. The judge is presiding over a special grand jury that’s investigating possible illegal attempts to influence the 2020 election in Georgia.
news-2022-0163,8/25/22,2022,Japan’s National Police Chief To Resign Over Shinzo Abe Assassination,National Police Agency Chief Itaru Nakamura's announcement came as his agency released a report on how it failed to protect Abe's life on July 8.,"Mari Yamaguchi, AP",https://www.huffpost.com/entry/japan-police-chief-resign-shinzo-abe_n_6307171ae4b0f72c09ddc7d7,Japan’s National Police Chief To Resign Over Shinzo Abe Assassination. National Police Agency Chief Itaru Nakamura's announcement came as his agency released a report on how it failed to protect Abe's life on July 8.
news-2022-0164,8/25/22,2022,Judge Temporarily Blocks North Dakota Trigger Law Banning Abortion,"The ban was set to take effect Friday, about two months after the Supreme Court overturned Roe v. Wade.","Dave Kolpack, AP",https://www.huffpost.com/entry/north-dakota-abortion-trigger-ban_n_6307e96de4b01068e14917c0,"Judge Temporarily Blocks North Dakota Trigger Law Banning Abortion. The ban was set to take effect Friday, about two months after the Supreme Court overturned Roe v. Wade."
news-2022-0165,8/25/22,2022,REI Workers At Berkeley Store Vote To Unionize In Another Win For Labor,They follow in the footsteps of REI workers in New York City who formed a union earlier this year.,Dave Jamieson,https://www.huffpost.com/entry/rei-workers-berkeley-store-union_n_6307a5f4e4b0f72c09ded80d,REI Workers At Berkeley Store Vote To Unionize In Another Win For Labor. They follow in the footsteps of REI workers in New York City who formed a union earlier this year.
news-2022-0166,8/24/22,2022,Charlie Crist Wins Chance To Take On Florida Gov. Ron DeSantis And His $132 Million,Crist is making his second run for governor as a Democrat after having served one term in the job as a Republican more than a decade ago.,S.V. Date,https://www.huffpost.com/entry/crist-friend-desantis-florida_n_63050414e4b052615d7567db,Charlie Crist Wins Chance To Take On Florida Gov. Ron DeSantis And His $132 Million. Crist is making his second run for governor as a Democrat after having served one term in the job as a Republican more than a decade ago.
news-2022-0167,8/24/22,2022,"Dan Goldman, Narrowly Leading In New York Democratic Primary, Declares Victory","But the congressional race has not been officially called, and rival Yuh-Line Niou declined to concede.",Daniel Marans,https://www.huffpost.com/entry/dan-goldman-declares-victory-new-york-democratic-primary-house-seat_n_630595dae4b0e323a25a020a,"Dan Goldman, Narrowly Leading In New York Democratic Primary, Declares Victory. But the congressional race has not been officially called, and rival Yuh-Line Niou declined to concede."
news-2022-0168,8/24/22,2022,IRS Launches Safety Review Amid Threats To Workers Linked To Conspiracy Theories,The Internal Revenue Service says it is conducting a comprehensive review of safety at its facilities.,"FATIMA HUSSEIN, AP",https://www.huffpost.com/entry/irs-safety-review-conspiracy-theories_n_6305bc35e4b0f7df9bb4f3dc,IRS Launches Safety Review Amid Threats To Workers Linked To Conspiracy Theories. The Internal Revenue Service says it is conducting a comprehensive review of safety at its facilities.
news-2022-0169,8/24/22,2022,Markwayne Mullin Wins Oklahoma Republican Primary To Succeed GOP Sen. Jim Inhofe,The five-term House member is known as a staunch President Biden critic and loyal Donald Trump supporter.,Jonathan Nicholson,https://www.huffpost.com/entry/markwayne-mullin-wins-oklahoma-repubican-primary-senate_n_63054959e4b0f72c09dbbb56,Markwayne Mullin Wins Oklahoma Republican Primary To Succeed GOP Sen. Jim Inhofe. The five-term House member is known as a staunch President Biden critic and loyal Donald Trump supporter.
news-2022-0170,8/24/22,2022,Student Loan Borrowers Await Biden Plan On Debt Forgiveness,"If Biden's plan survives legal challenges that are almost certain to come, it could offer a windfall to a swath of the nation in the run-up to this fall's midterm elections.","Seung Min Kim, Michael Balsamo, Chris Megerian and Zeke Miller, AP",https://www.huffpost.com/entry/biden-student-loans-borrowers-await-plan_n_6306459ee4b00c150d671219,"Student Loan Borrowers Await Biden Plan On Debt Forgiveness. If Biden's plan survives legal challenges that are almost certain to come, it could offer a windfall to a swath of the nation in the run-up to this fall's midterm elections."
news-2022-0171,8/24/22,2022,"Uvalde Victims' Families, Survivors Plan Multi-Billion Dollar Lawsuit",The lawsuit looks to name law enforcement agencies and the shop where the accused shooter bought the gun used in the Uvalde shooting.,Ben Blanchet,https://www.huffpost.com/entry/uvalde-shooting-victims-file-lawsuit_n_63058329e4b0e323a259fd79,"Uvalde Victims' Families, Survivors Plan Multi-Billion Dollar Lawsuit. The lawsuit looks to name law enforcement agencies and the shop where the accused shooter bought the gun used in the Uvalde shooting."
news-2022-0172,8/23/22,2022,'House Of The Dragon' Is Already Ratings King After Most-Watched HBO Premiere Ever,"The ""Game of Thrones"" spinoff pulled in the largest audience for an original series premiere in HBO's history.",Cole Delbyck,https://www.huffpost.com/entry/house-of-the-dragon-premiere-10-million-viewers_n_6304de8de4b035629bfe9101,"'House Of The Dragon' Is Already Ratings King After Most-Watched HBO Premiere Ever. The ""Game of Thrones"" spinoff pulled in the largest audience for an original series premiere in HBO's history."
news-2022-0173,8/23/22,2022,"After Delay, Biden Readies Student Loan Help, Payment Pause",The precise details of President Joe Biden’s plan were being kept to an unusually small circle within the Biden administration.,"Seung Min Kim, Michael Balsamo and Chris Megerian, AP",https://www.huffpost.com/entry/after-delay-biden-readies-student-loan-help-payment-pause_n_63054fc1e4b00c150d65c210,"After Delay, Biden Readies Student Loan Help, Payment Pause. The precise details of President Joe Biden’s plan were being kept to an unusually small circle within the Biden administration."
news-2022-0174,8/23/22,2022,Andrew Garfield Confirms Method Acting Is Possible Without 'Being An Asshole',The actor revealed he abstained from sex for months and starved himself to prepare for a role.,Cole Delbyck,https://www.huffpost.com/entry/andrew-garfield-method-acting_n_6304fcd2e4b0e323a2594a04,Andrew Garfield Confirms Method Acting Is Possible Without 'Being An Asshole'. The actor revealed he abstained from sex for months and starved himself to prepare for a role.
news-2022-0175,8/23/22,2022,Former Louisville Cop Pleads Guilty In Breonna Taylor Case,A former Louisville police detective who helped falsify the warrant that led to the deadly police raid at Taylor’s apartment has pleaded guilty to a federal charge.,"DYLAN LOVAN, AP",https://www.huffpost.com/entry/breonna-taylor-kelly-goodlett-federal-charges_n_63052e67e4b052615d75b77e,Former Louisville Cop Pleads Guilty In Breonna Taylor Case. A former Louisville police detective who helped falsify the warrant that led to the deadly police raid at Taylor’s apartment has pleaded guilty to a federal charge.
news-2022-0176,8/23/22,2022,"Jerry Allison, Buddy Holly's Drummer, Dead At 82",The Rock & Roll Hall of Fame member also co-wrote classic songs like “That’ll Be the Day” and “Peggy Sue.”,David Moye,https://www.huffpost.com/entry/jerry-allison-buddy-holly-drummer-dead-at-82_n_6304ff3ae4b00c150d65387e,"Jerry Allison, Buddy Holly's Drummer, Dead At 82. The Rock & Roll Hall of Fame member also co-wrote classic songs like “That’ll Be the Day” and “Peggy Sue.”"
news-2022-0177,8/23/22,2022,Rusty Bowers Rips 'Fascism' Of GOP And Trump's Strong-Arm Tactics To Trash Vote,"""I haven’t been hanged yet,"" the Arizona GOP leader told The Guardian in a powerful interview. ""But holy moly, this is just crazy. The place has lost its mind.”",Mary Papenfuss,https://www.huffpost.com/entry/rusty-bowers-trump-giuiani-gop-election-coup-arizona_n_630405b8e4b0e323a257fcd2,"Rusty Bowers Rips 'Fascism' Of GOP And Trump's Strong-Arm Tactics To Trash Vote. ""I haven’t been hanged yet,"" the Arizona GOP leader told The Guardian in a powerful interview. ""But holy moly, this is just crazy. The place has lost its mind.”"
news-2022-0178,8/22/22,2022,"Gas Prices Are Falling, But Global Events Could Cause Increase, Energy Secretary Warns",Jennifer Granholm said the U.S. will produce a record amount of oil next year.,Marita Vlachou,https://www.huffpost.com/entry/jennifer-granholm-gas-prices_n_630370e2e4b035629bfca7ed,"Gas Prices Are Falling, But Global Events Could Cause Increase, Energy Secretary Warns. Jennifer Granholm said the U.S. will produce a record amount of oil next year."
news-2022-0179,8/22/22,2022,Police File Terrorism Charges Against Pakistan's Ex-Premier Imran Khan,The charges accuse Khan of threatening police officers and a judge under the country’s sedition act.,"Munir Ahmed, AP",https://www.huffpost.com/entry/police-file-terrorism-charges-against-pakistans-ex-premier-imran-khan_n_63034c88e4b052615d730757,Police File Terrorism Charges Against Pakistan's Ex-Premier Imran Khan. The charges accuse Khan of threatening police officers and a judge under the country’s sedition act.
news-2022-0180,8/22/22,2022,Teachers In Ohio's Largest School District Go On Strike,Classes are scheduled to resume in just two days.,,https://www.huffpost.com/entry/columbus-teachers-union-on-strike_n_6303c25ce4b052615d73b2bd,Teachers In Ohio's Largest School District Go On Strike. Classes are scheduled to resume in just two days.
news-2022-0181,8/22/22,2022,This Is The Bittersweet Part Of Democrats' Sweet Legislative Victory,"Democrats were on the cusp of transforming paid leave, child care and home care. Now they're figuring out where they came up short — and when they might get the opportunity to try again.",Jonathan Cohn,https://www.huffpost.com/entry/child-care-paid-leave-inflation-reduction-act_n_630197cae4b0f7df9bb1045e,"This Is The Bittersweet Part Of Democrats' Sweet Legislative Victory. Democrats were on the cusp of transforming paid leave, child care and home care. Now they're figuring out where they came up short — and when they might get the opportunity to try again."
news-2022-0182,8/22/22,2022,UK Broadcaster To Air Satirical Musical On Prince Andrew,The 60-minute program described as a “satirical send-up of the life and times” of the duke set to a musical score.,,https://www.huffpost.com/entry/prince-andrew-satirical-musical_n_63037be8e4b035629bfcbe26,UK Broadcaster To Air Satirical Musical On Prince Andrew. The 60-minute program described as a “satirical send-up of the life and times” of the duke set to a musical score.
news-2022-0183,8/22/22,2022,"Ukraine: 9,000 Of Its Troops Killed Since Russia Began War",The Russian invasion of Ukraine began on Feb. 24.,"HANNA ARHIROVA, AP",https://www.huffpost.com/entry/russia-ukraine-war-deaths_n_6303a700e4b0e323a2578a86,"Ukraine: 9,000 Of Its Troops Killed Since Russia Began War. The Russian invasion of Ukraine began on Feb. 24."
news-2022-0184,8/21/22,2022,Defense In Parkland School Shooter’s Trial Set To Present Its Case,Nikolas Cruz's attorneys on Monday will present why the 23-year-old carried out the attack and make a case for life in prison instead of death.,,https://www.huffpost.com/entry/parkland-school-nikolas-cruz-defense-case_n_630264c1e4b0f72c09d8626e,Defense In Parkland School Shooter’s Trial Set To Present Its Case. Nikolas Cruz's attorneys on Monday will present why the 23-year-old carried out the attack and make a case for life in prison instead of death.
news-2022-0185,8/21/22,2022,Hawaii Seeking End To Conflict Over Astronomy On Sacred Mountain,Native Hawaiians will now have more say over use of sacred Mauna Kea summit by scientists.,"AUDREY McAVOY, AP",https://www.huffpost.com/entry/native-hawaiians-sacred-mauna-kea-summit-astronomers_n_6301aa27e4b0e323a25633e6,Hawaii Seeking End To Conflict Over Astronomy On Sacred Mountain. Native Hawaiians will now have more say over use of sacred Mauna Kea summit by scientists.
news-2022-0186,8/21/22,2022,"Leon Vitali, Stanley Kubrick’s Right-Hand Man, Dies At 74","Leon Vitali, the “Barry Lyndon” actor who became one of Stanley Kubrick’s closest associates, has died.","Lindsey Bahr, AP",https://www.huffpost.com/entry/leon-vitali-stanley-kubricks-right-hand-man-dies-at-74_n_6302933fe4b0f72c09d87216,"Leon Vitali, Stanley Kubrick’s Right-Hand Man, Dies At 74. Leon Vitali, the “Barry Lyndon” actor who became one of Stanley Kubrick’s closest associates, has died."
news-2022-0187,8/21/22,2022,Metal-Detecting Stranger Retrieves Woman’s Ring Lost In Sea,"Francesca Teal's plea for help on Facebook got the attention of a local man who spent more than two days searching the water with a wetsuit, headlamp and metal detector.",,https://www.huffpost.com/entry/lost-wedding-ring-found-new-hampshire-beach_n_63025fc6e4b035629bfbeba5,"Metal-Detecting Stranger Retrieves Woman’s Ring Lost In Sea. Francesca Teal's plea for help on Facebook got the attention of a local man who spent more than two days searching the water with a wetsuit, headlamp and metal detector."
news-2022-0188,8/21/22,2022,Minneapolis Teacher Contract Race Language Ignites Firestorm,"When Minneapolis teachers settled a 14-day strike earlier this year, they celebrated a groundbreaking provision in their new contract that was meant to shield teachers of color from traditional seniority-based layoffs.","Steve Karnowski, AP",https://www.huffpost.com/entry/united-states-minneapolis-teacher-layoff-policy_n_63027570e4b0f7df9bb15459,"Minneapolis Teacher Contract Race Language Ignites Firestorm. When Minneapolis teachers settled a 14-day strike earlier this year, they celebrated a groundbreaking provision in their new contract that was meant to shield teachers of color from traditional seniority-based layoffs."
news-2022-0189,8/21/22,2022,‘Dragon Ball Super’ Bests ‘Beast’ At Box Office With $20.1M,"Idris Elba may go head-to-head with a lion in “Beast,” but the action flick was no match for the latest “Dragon Ball” movie.","Lindsey Bahr, AP",https://www.huffpost.com/entry/dragon-ball-super-bests-beast-at-box-office-with-201m_n_63026acfe4b052615d72825f,"‘Dragon Ball Super’ Bests ‘Beast’ At Box Office With $20.1M. Idris Elba may go head-to-head with a lion in “Beast,” but the action flick was no match for the latest “Dragon Ball” movie."
news-2022-0190,8/20/22,2022,"Dorli Rainey, Symbol Of Occupy Movement, Dies At 95","The Seattle activist turned out for racial justice, affordable housing and anti-war demonstrations over the years.",,https://www.huffpost.com/entry/dorli-rainey-symbol-of-occupy-movement-dies-at-95_n_63015837e4b00c150d620b37,"Dorli Rainey, Symbol Of Occupy Movement, Dies At 95. The Seattle activist turned out for racial justice, affordable housing and anti-war demonstrations over the years."
news-2022-0191,8/20/22,2022,"Judge Won't Block Georgia Ban On Bringing Food, Water To Voters In Line",Voting rights groups are dismayed about a ruling that upholds a ban on giving drinks and snacks to people waiting to vote.,"Kate Brumback, AP",https://www.huffpost.com/entry/bc-us-voting-rights-georgia_n_6300ef0ae4b052615d720564,"Judge Won't Block Georgia Ban On Bringing Food, Water To Voters In Line. Voting rights groups are dismayed about a ruling that upholds a ban on giving drinks and snacks to people waiting to vote."
news-2022-0192,8/20/22,2022,Mike Pence Says He Did Not Take Classified Documents When He Left Office,The former vice president made the disclosure after FBI agents seized classified and top secret documents from Donald Trump's Florida home.,"Thomas Beaumont, AP",https://www.huffpost.com/entry/pence-says-did-not-take-classified-material_n_6300e9ece4b0f7df9bb0d29a,Mike Pence Says He Did Not Take Classified Documents When He Left Office. The former vice president made the disclosure after FBI agents seized classified and top secret documents from Donald Trump's Florida home.
news-2022-0193,8/20/22,2022,"Trans Woman Can't Be Considered Parent Of Her Own Child, Rules Tokyo Court",The court said the woman is the legal parent of a daughter born before her transition but not one who was born afterward.,Mary Papenfuss,https://www.huffpost.com/entry/trans-woman-parent-japanese-court_n_630066e2e4b00c150d61b12d,"Trans Woman Can't Be Considered Parent Of Her Own Child, Rules Tokyo Court. The court said the woman is the legal parent of a daughter born before her transition but not one who was born afterward."
news-2022-0194,8/20/22,2022,Wendy's Pulls Lettuce From Sandwiches After Dozens Fall Sick From E. Coli,"The fast-food chain Wendy’s says it is pulling lettuce from sandwiches in its restaurants in Michigan, Ohio and Pennsylvania after people eating them there reported falling ill.",,https://www.huffpost.com/entry/wendys-lettuce-e-coli_n_6300e701e4b0f72c09d7e594,"Wendy's Pulls Lettuce From Sandwiches After Dozens Fall Sick From E. Coli. The fast-food chain Wendy’s says it is pulling lettuce from sandwiches in its restaurants in Michigan, Ohio and Pennsylvania after people eating them there reported falling ill."
news-2022-0195,8/19/22,2022,How To Tell If Your Chest Pain Is A Heart Problem,Concerned your chest pain might be heart-related? Look for these signs to know what you're dealing with — and whether you need reach out to your doctor ASAP.,Ashley Broadwater,https://www.huffpost.com/entry/chest-pain-heart-signs-symptoms_l_6283e7aee4b003ed29678afa,How To Tell If Your Chest Pain Is A Heart Problem. Concerned your chest pain might be heart-related? Look for these signs to know what you're dealing with — and whether you need reach out to your doctor ASAP.
news-2022-0196,8/19/22,2022,Mitch McConnell Gives Downbeat Forecast On GOP Winning Senate,"The Senate GOP leader cited ""candidate quality"" as a factor in whether Republicans can win control in the November election.",Marita Vlachou,https://www.huffpost.com/entry/mitch-mcconnell-gop-senate-midterms_n_62ff545de4b071ea958ebfd3,"Mitch McConnell Gives Downbeat Forecast On GOP Winning Senate. The Senate GOP leader cited ""candidate quality"" as a factor in whether Republicans can win control in the November election."
news-2022-0197,8/19/22,2022,Rapper Young Thug Again Denied Bond In Racketeering And Gang Case,"Young Thug, along with rapper Gunna, are one of dozens of men charged in a Georgia racketeering and gang case.",,https://www.huffpost.com/entry/young-thug-denied-bond-gunna-gang-case_n_62ff15eae4b071ea958e5cee,"Rapper Young Thug Again Denied Bond In Racketeering And Gang Case. Young Thug, along with rapper Gunna, are one of dozens of men charged in a Georgia racketeering and gang case."
news-2022-0198,8/19/22,2022,Shocking Drone Video Shows Alligator Attacking Florida Man,The gator's bite was enough to crush a portion of the man's skull and break his jaw.,Ben Blanchet,https://www.huffpost.com/entry/video-alligator-attacking-florida-man-lake_n_62ff02cae4b071ea958e4f55,Shocking Drone Video Shows Alligator Attacking Florida Man. The gator's bite was enough to crush a portion of the man's skull and break his jaw.
news-2022-0199,8/19/22,2022,Vanessa Bryant Says Kobe Bryant Crash Photos Turned Grief To Horror,"Bryant's widow testified that she ""lives in fear every day"" that the photos of her husband's death will pop up on social media.","Andrew Dalton, AP",https://www.huffpost.com/entry/vanessa-bryant-testimony-kobe-bryant-crash-photos_n_62fff99be4b00c150d617da3,"Vanessa Bryant Says Kobe Bryant Crash Photos Turned Grief To Horror. Bryant's widow testified that she ""lives in fear every day"" that the photos of her husband's death will pop up on social media."
news-2022-0200,8/18/22,2022,'Mike' And The Flawed Allure Of Authorized Biopics,Celebrity-endorsed biographies have long been considered the gold standard — but that doesn’t take into consideration how curated they can be.,Candice Frederick,https://www.huffpost.com/entry/mike-tyson-hulu-authorized-biopics_n_62fbb417e4b077bb77a63183,'Mike' And The Flawed Allure Of Authorized Biopics. Celebrity-endorsed biographies have long been considered the gold standard — but that doesn’t take into consideration how curated they can be.
news-2022-0201,8/18/22,2022,Deshaun Watson Settles With NFL For 11-Game Suspension,The Cleveland Browns quarterback was accused of sexual misconduct by two dozen women while he played for the Houston Texans.,"Rob Maadi and Tom Withers, AP",https://www.huffpost.com/entry/bc-fbn-browns-watson-settlement_n_62fe63d1e4b0f48a020547b2,Deshaun Watson Settles With NFL For 11-Game Suspension. The Cleveland Browns quarterback was accused of sexual misconduct by two dozen women while he played for the Houston Texans.
news-2022-0202,8/18/22,2022,"LGBTQ Pride Events Will Have Priority Access To Monkeypox Vaccines, Health Officials Say","An extra 50,000 vaccine doses will be made available in cities like Atlanta and New Orleans, where Pride celebrations are scheduled later this year.","Mike Stobbe, AP",https://www.huffpost.com/entry/monkeybox-lgbtq-pride-events_n_62fea739e4b0c8c57f5a4cc8,"LGBTQ Pride Events Will Have Priority Access To Monkeypox Vaccines, Health Officials Say. An extra 50,000 vaccine doses will be made available in cities like Atlanta and New Orleans, where Pride celebrations are scheduled later this year."
news-2022-0203,8/18/22,2022,Media To Ask Judge To Release Trump Search Warrant Affidavit,"""The matter is one of utmost public interest, involving the actions of current and former government officials,” wrote an attorney some of the media companies.","Terry Spencer, AP",https://www.huffpost.com/entry/media-to-ask-judge-to-release-trump-search-warrant-affidavit_n_62fdf830e4b0638948305107,"Media To Ask Judge To Release Trump Search Warrant Affidavit. ""The matter is one of utmost public interest, involving the actions of current and former government officials,” wrote an attorney some of the media companies."
news-2022-0204,8/18/22,2022,State Dept. 'Studying' 34-Year Sentence Of Saudi Woman Over Twitter Use,Salma al-Shehab received the lengthy prison sentence for following accounts and retweeting posts critical of the Kingdom on Twitter.,Marita Vlachou,https://www.huffpost.com/entry/state-dept-saudi-woman-sentence-twitter_n_62fe1273e4b0a85a819925e6,State Dept. 'Studying' 34-Year Sentence Of Saudi Woman Over Twitter Use. Salma al-Shehab received the lengthy prison sentence for following accounts and retweeting posts critical of the Kingdom on Twitter.
news-2022-0205,8/18/22,2022,"Trump Org. CFO To Plead Guilty, Testify Against Company",Allen Weisselberg is charged with taking more than $1.7 million in off-the-books compensation from the Trump Organization over several years.,"Michael R. Sisak, AP",https://www.huffpost.com/entry/trump-org-cfo-to-plead-guilty-testify-against-company_n_62fd866ce4b0a85a8198706b,"Trump Org. CFO To Plead Guilty, Testify Against Company. Allen Weisselberg is charged with taking more than $1.7 million in off-the-books compensation from the Trump Organization over several years."
news-2022-0206,8/17/22,2022,CDC Director To Overhaul Agency With COVID Shortcomings In Mind,"Rochelle Walensky announced a ""reset"" for the organization amid public criticisms over its response to the coronavirus and monkeypox.","Mike Stobbe, AP",https://www.huffpost.com/entry/cdc-rochelle-walensky-reset_n_62fd1241e4b0f48a02037714,"CDC Director To Overhaul Agency With COVID Shortcomings In Mind. Rochelle Walensky announced a ""reset"" for the organization amid public criticisms over its response to the coronavirus and monkeypox."
news-2022-0207,8/17/22,2022,"Former California Congressman Charged After 'Multiple Fraud Schemes,' Feds Say","Terrance ""T.J."" Cox, a Democrat, represented the 21st Congressional District from January 2019 to January 2021.",,https://www.huffpost.com/entry/former-congressman-arrested-fraud-charges_n_62fc4a8ee4b0c8c57f56fc2d,"Former California Congressman Charged After 'Multiple Fraud Schemes,' Feds Say. Terrance ""T.J."" Cox, a Democrat, represented the 21st Congressional District from January 2019 to January 2021."
news-2022-0208,8/17/22,2022,"General Motors Recalls Over 484,000 Vehicles Over 'Improperly'-Formed Seat Belts",The automaker said it isn't aware of any crashes or injuries as a result of the seat belts.,,https://www.huffpost.com/entry/general-motors-seatbelt-issue-recall_n_62fc7a97e4b0f48a02027959,"General Motors Recalls Over 484,000 Vehicles Over 'Improperly'-Formed Seat Belts. The automaker said it isn't aware of any crashes or injuries as a result of the seat belts."
news-2022-0209,8/17/22,2022,Planned Parenthood To Spend Record $50 Million For Midterms,The nation's leading reproductive health care provider is pouring money into contests where access to abortion will be on the ballot.,"Brian Slodysko, AP",https://www.huffpost.com/entry/2022-election-planned-parenthood_n_62fcb4c9e4b071ea958b347c,Planned Parenthood To Spend Record $50 Million For Midterms. The nation's leading reproductive health care provider is pouring money into contests where access to abortion will be on the ballot.
news-2022-0210,8/17/22,2022,Syria Denies It Is Holding American Journalist Austin Tice,"President Joe Biden accused the Syrian government of detaining Austin Tice, who has been missing for 10 years.",,https://www.huffpost.com/entry/syria-denies-it-is-holding-american-journalist-austin-tice_n_62fcb9dae4b06389482ea692,"Syria Denies It Is Holding American Journalist Austin Tice. President Joe Biden accused the Syrian government of detaining Austin Tice, who has been missing for 10 years."
news-2022-0211,8/17/22,2022,Talks On Possible Watson Settlement Progress,Two people familiar with the negotiations tell the AP that talks between the NFL and NFL Players Association on a discipline settlement for Cleveland Browns quarterback Deshaun Watson have progressed.,"Rob Maaddi and Tom Withers, AP",https://www.huffpost.com/entry/deshaun-watson-browns-nfl_n_62fd2a47e4b0a85a81981a14,Talks On Possible Watson Settlement Progress. Two people familiar with the negotiations tell the AP that talks between the NFL and NFL Players Association on a discipline settlement for Cleveland Browns quarterback Deshaun Watson have progressed.
news-2022-0212,8/16/22,2022,Afghanistan Marks One-Year Anniversary Since Taliban Takeover,Poverty is spiking and women's rights have been decimated.,"Rahim Faiez and Ebrahim Noroozi, AP",https://www.huffpost.com/entry/afghanistan-taliban-year-anniversary-poverty-womens-no-rights_n_62fb0efbe4b077bb77a53c99,Afghanistan Marks One-Year Anniversary Since Taliban Takeover. Poverty is spiking and women's rights have been decimated.
news-2022-0213,8/16/22,2022,Dog Catches Monkeypox In France In First Suspected Human-To-Pet Transmission,"“Our findings should prompt debate on the need to isolate pets from monkeypox virus-positive individuals,” researchers wrote.",Nick Visser,https://www.huffpost.com/entry/monkeypox-dog-france_n_62fb405ee4b0a85a8195999e,"Dog Catches Monkeypox In France In First Suspected Human-To-Pet Transmission. “Our findings should prompt debate on the need to isolate pets from monkeypox virus-positive individuals,” researchers wrote."
news-2022-0214,8/16/22,2022,NBA Won't Host Election Day Games In Effort To Increase Voter Turnout,"For many Americans living in states with strict voter suppression laws, Election Day is their only chance to cast a ballot.",Lydia O'Connor,https://www.huffpost.com/entry/nba-election-day-games_n_62fbd822e4b0a85a81969b0b,"NBA Won't Host Election Day Games In Effort To Increase Voter Turnout. For many Americans living in states with strict voter suppression laws, Election Day is their only chance to cast a ballot."
news-2022-0215,8/16/22,2022,New Law Makes Period Products Free For All In Scotland,"The Period Products Act says that schools, universities and government buildings must make tampons and pads available for free in bathrooms.",,https://www.huffpost.com/entry/bc-eu-britain-scotland-period-products_n_62fbd14de4b077bb77a6591d,"New Law Makes Period Products Free For All In Scotland. The Period Products Act says that schools, universities and government buildings must make tampons and pads available for free in bathrooms."
news-2022-0216,8/16/22,2022,The Denver Broncos’ Historic Purchase Could Increase Number Of Minority-Owned NFL Teams,"Broncos quarterback Russell Wilson said the new ownership group, which includes two Black women, was a major move for diversity in the NFL.",Andre Ellington,https://www.huffpost.com/entry/denver-broncos-diversity-nfl_n_62fae8f7e4b0f48a0200e812,"The Denver Broncos’ Historic Purchase Could Increase Number Of Minority-Owned NFL Teams. Broncos quarterback Russell Wilson said the new ownership group, which includes two Black women, was a major move for diversity in the NFL."
news-2022-0217,8/16/22,2022,Tiger To Meet With Top Players Against LIV Golf,The PGA Tour is in Delaware for the first time and so is Tiger Woods.,"Doug Ferguson, AP",https://www.huffpost.com/entry/tiger-woods-golf-player-meeting_n_62fbeafae4b077bb77a6703c,Tiger To Meet With Top Players Against LIV Golf. The PGA Tour is in Delaware for the first time and so is Tiger Woods.
news-2022-0218,8/15/22,2022,'Another World' Soap Star Robyn Griggs Dies At 49,"The actor, known for her roles in “Another World” and “One Life to Live,” had previously revealed a cervical cancer diagnosis.",Josephine Harvey,https://www.huffpost.com/entry/robyn-griggs-dead-actor_n_62f9a1c5e4b0da517ef9a053,"'Another World' Soap Star Robyn Griggs Dies At 49. The actor, known for her roles in “Another World” and “One Life to Live,” had previously revealed a cervical cancer diagnosis."
news-2022-0219,8/15/22,2022,3 Injured In Shooting At Six Flags Great America Park Near Chicago,"Three people were hurt in a parking lot outside Six Flags Great America in Gurnee, Illinois when shots were fired from a vehicle,",,https://www.huffpost.com/entry/six-flags-great-america-shooting-chicago_n_62f9e04ae4b0ab35e0b4353a,"3 Injured In Shooting At Six Flags Great America Park Near Chicago. Three people were hurt in a parking lot outside Six Flags Great America in Gurnee, Illinois when shots were fired from a vehicle,"
news-2022-0220,8/15/22,2022,Iran Denies Involvement But Justifies Salman Rushdie Attack,"While Iran hasn’t focused on the writer in recent years, a decades-old fatwa demanding his killing still stands.","Jon Gambrell, AP",https://www.huffpost.com/entry/iran-denies-involvement-but-justifies-salman-rushdie-attack_n_62fa275ee4b095e78881df24,"Iran Denies Involvement But Justifies Salman Rushdie Attack. While Iran hasn’t focused on the writer in recent years, a decades-old fatwa demanding his killing still stands."
news-2022-0221,8/15/22,2022,Jury Selection In R. Kelly Federal Trial To Begin In Chicago,The R&B singer faces charges that he rigged his 2008 state child pornography trial.,"Michael Tarm, AP",https://www.huffpost.com/entry/r-kelly-federal-trial-chicago_n_62fa152ae4b0526eaeec1a87,Jury Selection In R. Kelly Federal Trial To Begin In Chicago. The R&B singer faces charges that he rigged his 2008 state child pornography trial.
news-2022-0222,8/15/22,2022,Lawyers Appeal Brittney Griner's Russian Prison Sentence,Lawyers for the American basketball star said after Griner's conviction that the sentence was excessive.,"Jim Heintz, AP",https://www.huffpost.com/entry/lawyers-appeal-brittney-griners-russian-prison-sentence_n_62fa1bb7e4b045e6f6aef6fb,Lawyers Appeal Brittney Griner's Russian Prison Sentence. Lawyers for the American basketball star said after Griner's conviction that the sentence was excessive.
news-2022-0223,8/15/22,2022,"Lindsey Graham Must Testify In Georgia Election Probe, Judge Says",Graham had argued that a provision of the Constitution provides absolute protection against a senator being questioned about legislative acts.,"KATE BRUMBACK, AP",https://www.huffpost.com/entry/georgia-election-investigation-lindsey-graham_n_62fa5353e4b0da517efa33cc,"Lindsey Graham Must Testify In Georgia Election Probe, Judge Says. Graham had argued that a provision of the Constitution provides absolute protection against a senator being questioned about legislative acts."
news-2022-0224,8/14/22,2022,Don't Look Up! A Possible Meteor Causes Loud 'Boom' Sound In Utah,The National Weather Service's Salt Lake City office wrote that it likely picked up the meteor's trail.,,https://www.huffpost.com/entry/possible-meteor-explosive-boom-utah_n_62f85394e4b0da517ef92777,Don't Look Up! A Possible Meteor Causes Loud 'Boom' Sound In Utah. The National Weather Service's Salt Lake City office wrote that it likely picked up the meteor's trail.
news-2022-0225,8/14/22,2022,Officials: Fire At Coptic Church In Cairo Kills 41,It was one of the worst fire tragedies in Egypt in recent years.,"Samy Magdy, AP",https://www.huffpost.com/entry/egypt-cairo-coptic-church-fire_n_62f8deade4b045e6f6ae64b6,Officials: Fire At Coptic Church In Cairo Kills 41. It was one of the worst fire tragedies in Egypt in recent years.
news-2022-0226,8/14/22,2022,Palestinian Gunman Wounds 8 In Late-Night Jerusalem Shooting,The attack in Jerusalem followed a tense week between Israel and Palestinians in Gaza and the West Bank.,"Ilan Ben Zion, AP",https://www.huffpost.com/entry/israel-palestinian-gunman-jerusalem-shooting_n_62f8e0a5e4b0288b61a569f9,Palestinian Gunman Wounds 8 In Late-Night Jerusalem Shooting. The attack in Jerusalem followed a tense week between Israel and Palestinians in Gaza and the West Bank.
news-2022-0227,8/14/22,2022,"Salman Rushdie 'On The Road To Recovery,' Agent Says",The author's agent said he is “on the road to recovery” two days after suffering serious injuries in a stabbing at a lecture in upstate New York.,"HILLEL ITALIE and CAROLYN THOMPSON, AP",https://www.huffpost.com/entry/salman-rushdie-recover_n_62f90817e4b0288b61a57374,"Salman Rushdie 'On The Road To Recovery,' Agent Says. The author's agent said he is “on the road to recovery” two days after suffering serious injuries in a stabbing at a lecture in upstate New York."
news-2022-0228,8/14/22,2022,‘Bullet Train’ Repeats No. 1; ‘Top Gun’ Flies Back Up Ranks,The Brad Pitt action film “Bullet Train” led all movies in ticket sales for a second straight weekend.,"Jake Coyle, AP",https://www.huffpost.com/entry/bullet-train-repeats-no-1-top-gun-flies-back-up-ranks_n_62f93c87e4b045e6f6ae80ea,‘Bullet Train’ Repeats No. 1; ‘Top Gun’ Flies Back Up Ranks. The Brad Pitt action film “Bullet Train” led all movies in ticket sales for a second straight weekend.
news-2022-0229,8/13/22,2022,"'Catastrophic Failure' At Research Center Kills About 21,000 Fish","University of California, Davis is investigating what led to the deaths of tens of thousands of fish, including chinook salmon.",Hilary Hanson,https://www.huffpost.com/entry/fish-dead-uc-california-davis_n_62f81d09e4b095e78880f0e5,"'Catastrophic Failure' At Research Center Kills About 21,000 Fish. University of California, Davis is investigating what led to the deaths of tens of thousands of fish, including chinook salmon."
news-2022-0230,8/13/22,2022,'Shocking' Fish Die-Off Sends Poland Scrambling To Determine Source,"Polish Prime Minister Mateusz Morawiecki suspects ""“huge amounts of chemical waste"" were dumped into the country's second largest river.",,https://www.huffpost.com/entry/bc-eu-poland-germany-polluted-river_n_62f7bbdce4b0ab35e0b36f5a,"'Shocking' Fish Die-Off Sends Poland Scrambling To Determine Source. Polish Prime Minister Mateusz Morawiecki suspects ""“huge amounts of chemical waste"" were dumped into the country's second largest river."
news-2022-0231,8/13/22,2022,Parents Arrested After Attempting To Grab Their Children During School Lockdown,Police reportedly used stun guns on at least two parents who arrived for their kids after reports of an armed man on a school campus.,Ben Blanchet,https://www.huffpost.com/entry/parents-arrested-arizona-school-lockdown_n_62f71988e4b0ab35e0b338e8,Parents Arrested After Attempting To Grab Their Children During School Lockdown. Police reportedly used stun guns on at least two parents who arrived for their kids after reports of an armed man on a school campus.
news-2022-0232,8/13/22,2022,Sinema Took Wall Street Money While Killing Tax On Investors,"Democratic Sen. Kyrsten Sinema of Arizona has received nearly $1 million in campaign contributions over the past year from private equity professionals, hedge fund managers and venture capitalists whose interests she has staunchly defended in Congress.","Brian Slodysko, AP",https://www.huffpost.com/entry/kyrsten-sinema-campaign-donations_n_62f7c515e4b0526eaeeb1df9,"Sinema Took Wall Street Money While Killing Tax On Investors. Democratic Sen. Kyrsten Sinema of Arizona has received nearly $1 million in campaign contributions over the past year from private equity professionals, hedge fund managers and venture capitalists whose interests she has staunchly defended in Congress."
news-2022-0233,8/13/22,2022,Suspect In Rushdie Stabbing Pleads Not Guilty As Author Remains Hospitalized,The suspect has been identified as 24-year-old New Jersey man Hadi Matar.,"Carolyn Thompson and Hillel Italie, AP",https://www.huffpost.com/entry/police-seek-motive-in-salman-rushdie-stabbing-as-author-remains-hospitalized_n_62f7ac8fe4b0288b61a4ee98,Suspect In Rushdie Stabbing Pleads Not Guilty As Author Remains Hospitalized. The suspect has been identified as 24-year-old New Jersey man Hadi Matar.
news-2022-0234,8/13/22,2022,Video Shows NFL Player Hopping Into Stands To Stop Fighting Fans,"D.J. Moore's cameo took place during ""Fan Fest,"" an event organized by the Carolina Panthers.",Ben Blanchet,https://www.huffpost.com/entry/nfl-player-panthers-stops-fight_n_62f749dde4b0ab35e0b34afc,"Video Shows NFL Player Hopping Into Stands To Stop Fighting Fans. D.J. Moore's cameo took place during ""Fan Fest,"" an event organized by the Carolina Panthers."
news-2022-0235,8/12/22,2022,Cleveland Browns QB Deshaun Watson Apologizes ‘To All The Women I Have Impacted’,The QB has been accused by two dozen women of sexual misconduct during massage therapy sessions.,"Tom Withers, AP",https://www.huffpost.com/entry/deshuan-watson-apologize-to-women-ive-impacted_n_62f6e154e4b0da517ef8ae9c,Cleveland Browns QB Deshaun Watson Apologizes ‘To All The Women I Have Impacted’. The QB has been accused by two dozen women of sexual misconduct during massage therapy sessions.
news-2022-0236,8/12/22,2022,Democrats’ Inflation Reduction Act Expected To Do Little To Reduce Inflation,"The bill was also touted as lowering the deficit, but by how much is uncertain.",Jonathan Nicholson,https://www.huffpost.com/entry/inflation-reduction-act-analysis_n_62f5bdcbe4b0288b61a325d0,"Democrats’ Inflation Reduction Act Expected To Do Little To Reduce Inflation. The bill was also touted as lowering the deficit, but by how much is uncertain."
news-2022-0237,8/12/22,2022,"Over $2 Billion Announced For Roads, Bridges, Bike Lanes Across U.S.",Numerous transportation projects across the U.S. will be getting a slice of $2.2 billion of new federal funding.,"Terry Tang and David A. Lieb, AP",https://www.huffpost.com/entry/over-2-billion-announced-for-roads-bridges-bike-lanes-across-us_n_62f6140be4b0da517ef78267,"Over $2 Billion Announced For Roads, Bridges, Bike Lanes Across U.S.. Numerous transportation projects across the U.S. will be getting a slice of $2.2 billion of new federal funding."
news-2022-0238,8/12/22,2022,"Polio Detected In NYC's Sewage, Suggesting Virus Circulating",Health officials say the virus that causes polio has been detected in New York City’s wastewater weeks after a case of polio was identified north of the city.,,https://www.huffpost.com/entry/polio-detected-in-nyc-sewage-suggesting-virus-circulating_n_62f66a1be4b0526eaeea4348,"Polio Detected In NYC's Sewage, Suggesting Virus Circulating. Health officials say the virus that causes polio has been detected in New York City’s wastewater weeks after a case of polio was identified north of the city."
news-2022-0239,8/11/22,2022,"CDC Drops Some Quarantine, Screening Recommendations For COVID-19","So long, social distancing.","MIKE STOBBE and COLLIN BINKLEY, AP",https://www.huffpost.com/entry/cdc-covid-19-quarantine-social-distancing-rules_n_62f55ed7e4b0526eaee8fe8c,"CDC Drops Some Quarantine, Screening Recommendations For COVID-19. So long, social distancing."
news-2022-0240,8/11/22,2022,Feathers Fly As Wild Turkey Dodges Cops In Slapstick Apartment Chase,One officer used a net in an attempt to nab the turkey as it shuffled around an apartment on Friday.,Ben Blanchet,https://www.huffpost.com/entry/wisconsin-police-wild-turkey-chase_n_62f4951ee4b0288b61a18acc,Feathers Fly As Wild Turkey Dodges Cops In Slapstick Apartment Chase. One officer used a net in an attempt to nab the turkey as it shuffled around an apartment on Friday.
news-2022-0241,8/11/22,2022,Gas Prices Dip Just Below $4 For The First Time In 5 Months,"Falling prices for gas, airline tickets and clothes are giving consumers a bit of relief, although inflation is still close to a four-decade high.",,https://www.huffpost.com/entry/gas-prices-dip-just-below-4_n_62f4bcd0e4b0da517ef5bbec,"Gas Prices Dip Just Below $4 For The First Time In 5 Months. Falling prices for gas, airline tickets and clothes are giving consumers a bit of relief, although inflation is still close to a four-decade high."
news-2022-0242,8/11/22,2022,Officials: NH Missing Girl Case Shifts To Homicide Probe,Authorities say the search for a New Hampshire girl who disappeared at age 5 in 2019 but was not reported missing until late last year is now considered a homicide investigation.,"Holly Ramer, AP",https://www.huffpost.com/entry/united-states-missing-girl-new-hampshire_n_62f55349e4b045e6f6abcc27,Officials: NH Missing Girl Case Shifts To Homicide Probe. Authorities say the search for a New Hampshire girl who disappeared at age 5 in 2019 but was not reported missing until late last year is now considered a homicide investigation.
news-2022-0243,8/11/22,2022,Steve Martin Says ‘Only Murders In The Building’ Could Be His Final Role,The legendary comedian and actor's latest TV show is up for multiple Emmys this year.,Ben Blanchet,https://www.huffpost.com/entry/steve-martin-retirement-hints_n_62f49db3e4b0526eaee7b22b,Steve Martin Says ‘Only Murders In The Building’ Could Be His Final Role. The legendary comedian and actor's latest TV show is up for multiple Emmys this year.
news-2022-0244,8/11/22,2022,U.S. Unemployment Claims Rise To Highest Level Since November,"Applications for jobless aid climbed by 14,000 to 262,000 and now have risen five out of the last six weeks, the Labor Department reported.","Paul Wiseman, AP",https://www.huffpost.com/entry/us-unemployment-claims-rise_n_62f506ace4b045e6f6ab402c,"U.S. Unemployment Claims Rise To Highest Level Since November. Applications for jobless aid climbed by 14,000 to 262,000 and now have risen five out of the last six weeks, the Labor Department reported."
news-2022-0245,8/10/22,2022,"As Joe Biden Wins Mount, 2024 Doubts Ease For Top House Dems",Two veteran New York Democrats previously dodged a question on whether the president should run for reelection.,Marita Vlachou,https://www.huffpost.com/entry/carolyn-maloney-jerry-nadler-biden-2024_n_62f381ede4b001e175d911cc,"As Joe Biden Wins Mount, 2024 Doubts Ease For Top House Dems. Two veteran New York Democrats previously dodged a question on whether the president should run for reelection."
news-2022-0246,8/10/22,2022,Ex-Twitter Staffer Convicted For Sharing Private Information On Dissidents With Saudis,Ahmad Abouammo received cash payments and gifts in return for providing information to the Saudis about accounts that were critical of the kingdom.,Marita Vlachou,https://www.huffpost.com/entry/ex-twitter-staffer-charged-saudi-arabia_n_62f3a8cee4b0acf9d003b368,Ex-Twitter Staffer Convicted For Sharing Private Information On Dissidents With Saudis. Ahmad Abouammo received cash payments and gifts in return for providing information to the Saudis about accounts that were critical of the kingdom.
news-2022-0247,8/10/22,2022,FX's 'Justified' Set Faces Violent Interruption For Second Time In 3 Weeks,Chicago Police said a person threw an “incendiary device” toward the set in the city’s South Loop neighborhood.,Ben Blanchet,https://www.huffpost.com/entry/fx-justified-set-incendiary-device_n_62f33cf5e4b0db71d8cd4350,FX's 'Justified' Set Faces Violent Interruption For Second Time In 3 Weeks. Chicago Police said a person threw an “incendiary device” toward the set in the city’s South Loop neighborhood.
news-2022-0248,8/10/22,2022,Kobe Bryant Crash Photos Lawsuit To Be Heard By LA Jury,"Vanessa Bryant ""lives in fear that she or her children will one day confront horrific images of their loved ones online,"" the lawsuit says.",,https://www.huffpost.com/entry/kobe-bryant-crash-photos-lawsuit_n_62f3ad8de4b0acf9d003ba5b,"Kobe Bryant Crash Photos Lawsuit To Be Heard By LA Jury. Vanessa Bryant ""lives in fear that she or her children will one day confront horrific images of their loved ones online,"" the lawsuit says."
news-2022-0249,8/10/22,2022,Sesame Place To Train Workers On Diversity After Lawsuit,A Sesame Street-themed park has announced the implementation of diversity and inclusion training for its employees.,,https://www.huffpost.com/entry/united-states-sesame-place-training_n_62f41d20e4b045e6f6aa47eb,Sesame Place To Train Workers On Diversity After Lawsuit. A Sesame Street-themed park has announced the implementation of diversity and inclusion training for its employees.
news-2022-0250,8/10/22,2022,Stranded Whale Euthanized After Removal From French River,"A veterinarian said that during the rescue operation, the dangerously thin white mammal began to have breathing difficulties.",,https://www.huffpost.com/entry/stranded-whale-out-of-seine-river-to-be-moved-to-saltwater_n_62f37113e4b0acf9d0033e8e,"Stranded Whale Euthanized After Removal From French River. A veterinarian said that during the rescue operation, the dangerously thin white mammal began to have breathing difficulties."
news-2022-0251,8/9/22,2022,3 Dead In Shooting At Florida Narcotics Anonymous Meeting,"A man went into the meeting and killed his ex-girlfriend and her friend before shooting himself, police say.",,https://www.huffpost.com/entry/bc-us-narcotics-anonymous-shooting_n_62f2955ce4b0db71d8ccb4e9,"3 Dead In Shooting At Florida Narcotics Anonymous Meeting. A man went into the meeting and killed his ex-girlfriend and her friend before shooting himself, police say."
news-2022-0252,8/9/22,2022,Broncos Make History After Being Sold For Record $4.65 Billion,The record $4.65 billion sale of the Denver Broncos to Walmart heir Rob Walton and his daughter and son-in-law has been unanimously approved by NFL owners.,"Dave Campbell, AP",https://www.huffpost.com/entry/nfl-owners-denver-broncos_n_62f2b71fe4b0133dd5b3a77d,Broncos Make History After Being Sold For Record $4.65 Billion. The record $4.65 billion sale of the Denver Broncos to Walmart heir Rob Walton and his daughter and son-in-law has been unanimously approved by NFL owners.
news-2022-0253,8/9/22,2022,Idris Elba Reveals How He 'Hustled' His Way Onto Jay-Z's 'American Gangster' Album,"The ""American Gangster"" actor told Jimmy Fallon he wrote Jay-Z a poem that ended up on the film's companion album.",Marco Margaritoff,https://www.huffpost.com/entry/idris-elba-on-jay-z-american-gangster_n_62f25360e4b0db71d8cc34e2,"Idris Elba Reveals How He 'Hustled' His Way Onto Jay-Z's 'American Gangster' Album. The ""American Gangster"" actor told Jimmy Fallon he wrote Jay-Z a poem that ended up on the film's companion album."
news-2022-0254,8/9/22,2022,Judge: 3 Players Who Joined Saudi-Backed Golf Tour Can't Compete In PGA Postseason,Three suspended golfers who joined LIV Golf won't be allowed to compete in the PGA Tour's postseason.,"Janie McCauley, AP",https://www.huffpost.com/entry/judge-liv-golf-saudi-pga-tour_n_62f2e9dae4b0acf9d002c583,Judge: 3 Players Who Joined Saudi-Backed Golf Tour Can't Compete In PGA Postseason. Three suspended golfers who joined LIV Golf won't be allowed to compete in the PGA Tour's postseason.
news-2022-0255,8/9/22,2022,Lawyer: Rudy Giuliani Won’t Testify Tuesday In Georgia Election Probe,The special grand jury in Atlanta is investigating whether former President Donald Trump and others illegally tried to interfere in the 2020 general election in the state.,,https://www.huffpost.com/entry/giuliani-not-testifying-atlanta-trump-election-interference_n_62f25cb4e4b0133dd5b30763,Lawyer: Rudy Giuliani Won’t Testify Tuesday In Georgia Election Probe. The special grand jury in Atlanta is investigating whether former President Donald Trump and others illegally tried to interfere in the 2020 general election in the state.
news-2022-0256,8/9/22,2022,Why The Justice Department Can’t Say More About The Mar-A-Lago Raid,And why Donald Trump can.,Kevin Robillard,https://www.huffpost.com/entry/justice-department-cant-say-more-about-mar-a-lago-raid_n_62f2a8ebe4b0f9d8c0213b04,Why The Justice Department Can’t Say More About The Mar-A-Lago Raid. And why Donald Trump can.
news-2022-0257,8/8/22,2022,"57 Votes in the Senate: Enough For Private Equity, Not Enough For Diabetics",The latest example of how Senate rules help the powerful.,Kevin Robillard,https://www.huffpost.com/entry/57-votes-in-the-senate-private-equity-diabetics_n_62f14d26e4b09d09a2c60edb,"57 Votes in the Senate: Enough For Private Equity, Not Enough For Diabetics. The latest example of how Senate rules help the powerful."
news-2022-0258,8/8/22,2022,Albuquerque Police Share Photo Of Car Eyed In Slayings Of Muslim Men,Authorities have said that all four of the killings have several things in common and that they are looking to see if any other crimes could be related.,Nina Golgowski,https://www.huffpost.com/entry/albuquerque-volkswagen-suspect-muslim-shootings_n_62f150bde4b0da5ec0f6c579,Albuquerque Police Share Photo Of Car Eyed In Slayings Of Muslim Men. Authorities have said that all four of the killings have several things in common and that they are looking to see if any other crimes could be related.
news-2022-0259,8/8/22,2022,"How To Hide Even The Worst Tan Lines, According To Makeup Pros","Quick solutions to fix your farmer’s tan, from body makeup to self tanner.",Julie Kendrick,https://www.huffpost.com/entry/how-to-hide-tan-lines_l_62e7edc2e4b09d14dc450969,"How To Hide Even The Worst Tan Lines, According To Makeup Pros. Quick solutions to fix your farmer’s tan, from body makeup to self tanner."
news-2022-0260,8/8/22,2022,Lindsey Graham Scolded For Senate Outburst At Maggie Hassan,Graham directly insulted Hassan and presiding officer Chris Murphy (D-Conn.) stepped in.,Ron Dicker,https://www.huffpost.com/entry/lindsey-graham-marilyn-hassan_n_62f0dc75e4b0ecfe3f722a5e,Lindsey Graham Scolded For Senate Outburst At Maggie Hassan. Graham directly insulted Hassan and presiding officer Chris Murphy (D-Conn.) stepped in.
news-2022-0261,8/8/22,2022,Trump Said Wounded Veterans In Military Parades Didn’t 'Look Good' For Him: Book,"“Those are the heroes,” John Kelly reportedly responded to Trump in the new book “The Divider” by journalists Peter Baker and Susan B. Glasser.",Elyse Wanshel,https://www.huffpost.com/entry/trump-said-wounded-vets-in-military-parades-didnt-look-good-for-him-book_n_62f12ab8e4b0da5ec0f69062,"Trump Said Wounded Veterans In Military Parades Didn’t 'Look Good' For Him: Book. “Those are the heroes,” John Kelly reportedly responded to Trump in the new book “The Divider” by journalists Peter Baker and Susan B. Glasser."
news-2022-0262,8/8/22,2022,"‘Come On, Bernie!’ Why Democrats Left Child Tax Credit Out Of The Inflation Reduction Act",The only hope for restoring the child benefit appears to be bipartisan negotiations with Sen. Mitt Romney (R-Utah).,Arthur Delaney,https://www.huffpost.com/entry/bernie-sanders-child-tax-credit_n_62f14258e4b00f4cf23c8345,"‘Come On, Bernie!’ Why Democrats Left Child Tax Credit Out Of The Inflation Reduction Act. The only hope for restoring the child benefit appears to be bipartisan negotiations with Sen. Mitt Romney (R-Utah)."
news-2022-0263,8/7/22,2022,'The Flash' Movie Still Set For Release Despite Ezra Miller's Controversies,"Warner Bros. Discovery CEO David Zaslav recently teased the film's upcoming release, in spite of Miller's arrests and various allegations against the star.",Ben Blanchet,https://www.huffpost.com/entry/ezra-miller-controversies-the-flash_n_62ef5649e4b09fecea4ead75,"'The Flash' Movie Still Set For Release Despite Ezra Miller's Controversies. Warner Bros. Discovery CEO David Zaslav recently teased the film's upcoming release, in spite of Miller's arrests and various allegations against the star."
news-2022-0264,8/7/22,2022,Biden Expresses Solidarity With Muslim Community After Albuquerque Killings,"President Joe Biden’s response comes two days after a fourth Muslim man was found dead in what New Mexico's governor called a ""targeted"" attack.",Nina Golgowski,https://www.huffpost.com/entry/biden-response-muslim-shootings-new-mexico_n_62f016bae4b0c550161b1f9b,"Biden Expresses Solidarity With Muslim Community After Albuquerque Killings. President Joe Biden’s response comes two days after a fourth Muslim man was found dead in what New Mexico's governor called a ""targeted"" attack."
news-2022-0265,8/7/22,2022,Brad Pitt’s ‘Bullet Train’ Pulls Into Station With $30.1M,The stylized action romp starring Brad Pitt arrived with a $30.1 million opening weekend.,"Jake Coyle, AP",https://www.huffpost.com/entry/brad-pitts-bullet-train-pulls-into-station-with-301m_n_62f00489e4b0c550161b18c5,Brad Pitt’s ‘Bullet Train’ Pulls Into Station With $30.1M. The stylized action romp starring Brad Pitt arrived with a $30.1 million opening weekend.
news-2022-0266,8/7/22,2022,Eastern Kentucky Braces For More Storms While Recovering From Extreme Flooding,The National Weather Service has extended a flood watch for areas of eastern Kentucky and said there’s a threat of thunderstorms in the region for much of the coming week.,,https://www.huffpost.com/entry/eastern-kentucky-more-storms_n_62f00fc2e4b0da5ec0f582ae,Eastern Kentucky Braces For More Storms While Recovering From Extreme Flooding. The National Weather Service has extended a flood watch for areas of eastern Kentucky and said there’s a threat of thunderstorms in the region for much of the coming week.
news-2022-0267,8/7/22,2022,L.A. Man Among 3 Killed In Lightning Strike Near White House,A 29-year-old Los Angeles bank executive was one of three people killed last week when lightning struck in a park across from the White House.,,https://www.huffpost.com/entry/la-man-lightning-strike-white-house_n_62f00c34e4b0c550161b1b06,L.A. Man Among 3 Killed In Lightning Strike Near White House. A 29-year-old Los Angeles bank executive was one of three people killed last week when lightning struck in a park across from the White House.
news-2022-0268,8/7/22,2022,"Over 120 Injured, Several Missing In Massive Cuban Oil Facility Fire",A dense black smoke cloud from the fire has spread about 62 miles west toward Havana.,"Andrea Rodríguez, AP",https://www.huffpost.com/entry/cuba-oil-facility-fire-lightning-strike_n_62ef2a1ee4b0c550161aba3c,"Over 120 Injured, Several Missing In Massive Cuban Oil Facility Fire. A dense black smoke cloud from the fire has spread about 62 miles west toward Havana."
news-2022-0269,8/6/22,2022,Albuquerque Police Tell Muslim Community To Be 'Vigilant' Amid Series Of Murders,"Police are searching for the shooter, or shooters, believed to be responsible for a string of murders around the New Mexico city.",Sara Boboltz,https://www.huffpost.com/entry/albuquerque-new-mexico-muslim-community-murders_n_62eed8a3e4b09d09a2c46755,"Albuquerque Police Tell Muslim Community To Be 'Vigilant' Amid Series Of Murders. Police are searching for the shooter, or shooters, believed to be responsible for a string of murders around the New Mexico city."
news-2022-0270,8/6/22,2022,Canadian Man Uses Giant Billboard To Get Rid Of Leftover Dairy Product In Fridge,A man who recently moved to Toronto wanted to part ways with the item in a big way.,Ben Blanchet,https://www.huffpost.com/entry/canadian-man-billboard-string-cheese_n_62ee0328e4b0da5ec0f4bc1d,Canadian Man Uses Giant Billboard To Get Rid Of Leftover Dairy Product In Fridge. A man who recently moved to Toronto wanted to part ways with the item in a big way.
news-2022-0271,8/6/22,2022,GOP Senators Refuse To Rule Out Supporting Donald Trump Again — Even If He's Indicted,"With the ex-president reportedly under criminal investigation, many Senate Republicans are taking a wait-and-hope-it-doesn’t-happen stance.",Jonathan Nicholson,https://www.huffpost.com/entry/gop-senate-trump_n_62ed7803e4b09fecea4e1124,"GOP Senators Refuse To Rule Out Supporting Donald Trump Again — Even If He's Indicted. With the ex-president reportedly under criminal investigation, many Senate Republicans are taking a wait-and-hope-it-doesn’t-happen stance."
news-2022-0272,8/6/22,2022,New York Couple Turns In 5-Foot Gator 'Zachary' They'd Been Keeping In Home,Zachary will be headed to a sanctuary where a better life is ahead of him.,Hilary Hanson,https://www.huffpost.com/entry/zachary-alligator-new-york_n_62ee9555e4b09fecea4e863b,New York Couple Turns In 5-Foot Gator 'Zachary' They'd Been Keeping In Home. Zachary will be headed to a sanctuary where a better life is ahead of him.
news-2022-0273,8/6/22,2022,This Is The Most Underappreciated Part Of The Democratic Prescription Drug Bill,"Some Medicare recipients spend more than $10,000 a year on lifesaving medication. That could change.",Jonathan Cohn,https://www.huffpost.com/entry/prescription-drug-medicare-part-d-cap_n_62ed95cde4b09fecea4e24d4,"This Is The Most Underappreciated Part Of The Democratic Prescription Drug Bill. Some Medicare recipients spend more than $10,000 a year on lifesaving medication. That could change."
news-2022-0274,8/6/22,2022,Woody Harrelson Reacts To Viral Photo Of Doppelgänger Baby With Sweet Poem,"When Danielle Grier Mulvenna tweeted a photo of her smiling baby girl and noted her eerie resemblance to Woody Harrelson, the actor took notice.",Marco Margaritoff,https://www.huffpost.com/entry/woody-harrelson-baby-poem_n_62ee89f0e4b0da5ec0f4fd20,"Woody Harrelson Reacts To Viral Photo Of Doppelgänger Baby With Sweet Poem. When Danielle Grier Mulvenna tweeted a photo of her smiling baby girl and noted her eerie resemblance to Woody Harrelson, the actor took notice."
news-2022-0275,8/5/22,2022,"5 Dead, 8 Injured In Fiery Los Angeles Crash After Speeding Car Runs Red Light","The multi-vehicle crash, which killed an infant, a pregnant woman and her unborn child, occurred near a gas station in the Windsor Hills neighborhood.",Marco Margaritoff,https://www.huffpost.com/entry/windsor-hills-car-crash_n_62ed3676e4b0da5ec0f444c6,"5 Dead, 8 Injured In Fiery Los Angeles Crash After Speeding Car Runs Red Light. The multi-vehicle crash, which killed an infant, a pregnant woman and her unborn child, occurred near a gas station in the Windsor Hills neighborhood."
news-2022-0276,8/5/22,2022,CPAC Has A Special Exhibit: A Sobbing Jan. 6 Rioter In Jail,"“Instead of dancing, you stand around and watch this guy cry,” said one journalist describing the bizarre scene.",Ryan Grenoble,https://www.huffpost.com/entry/cpac-fake-jail-jan-6-rioter_n_62ed419fe4b0c5501619eace,"CPAC Has A Special Exhibit: A Sobbing Jan. 6 Rioter In Jail. “Instead of dancing, you stand around and watch this guy cry,” said one journalist describing the bizarre scene."
news-2022-0277,8/5/22,2022,Fertility Treatment Puts Many Families In Debt. Here's How To Manage It.,Experts share their advice for easing the financial burden of IVF and other costly procedures.,Caroline Bologna,https://www.huffpost.com/entry/fertility-treatment-debt-ivf-cost_l_62e00b8ae4b000da24053610,Fertility Treatment Puts Many Families In Debt. Here's How To Manage It.. Experts share their advice for easing the financial burden of IVF and other costly procedures.
news-2022-0278,8/5/22,2022,French Scientist Trolls Twitter By Claiming Chorizo Slice Is Actually A Distant Star,You never sausage a star as this.,David Moye,https://www.huffpost.com/entry/french-scientist-star-photo-really-chorizo_n_62ed5d09e4b09d09a2c3c42c,French Scientist Trolls Twitter By Claiming Chorizo Slice Is Actually A Distant Star. You never sausage a star as this.
news-2022-0279,8/5/22,2022,Trevor Noah Busts Putin For 'Another S**tty Thing' He's Doing To Screw With U.S.,"The ""Daily Show"" host calls out Russia's latest strong-arm tactics.",Ed Mazza,https://www.huffpost.com/entry/trevor-noah-vladimir-putin_n_62ec8fbde4b09fecea4ca374,"Trevor Noah Busts Putin For 'Another S**tty Thing' He's Doing To Screw With U.S.. The ""Daily Show"" host calls out Russia's latest strong-arm tactics."
news-2022-0280,8/4/22,2022,'Cafeteria Workers Do A Lot More Than People Realize',Many of these school employees quietly go above and beyond what’s in their job description. Stacey Truman shows what that looks like.,Emily Laurence,https://www.huffpost.com/entry/stacey-truman-cafeteria-worker_l_62e28e7de4b07f83766cc389,'Cafeteria Workers Do A Lot More Than People Realize'. Many of these school employees quietly go above and beyond what’s in their job description. Stacey Truman shows what that looks like.
news-2022-0281,8/4/22,2022,Demi Lovato Appears To Call Out Ex Wilmer Valderrama Over Age Gap In New Song,"""Numbers told you not to, but that didn’t stop you,"" Lovato sings in a snippet from an unreleased new track.",Cole Delbyck,https://www.huffpost.com/entry/demi-lovato-appears-to-call-out-ex-wilmer-valderrama-age-gap-new-song-consent_n_62ebf0e7e4b09d09a2c1f056,"Demi Lovato Appears To Call Out Ex Wilmer Valderrama Over Age Gap In New Song. ""Numbers told you not to, but that didn’t stop you,"" Lovato sings in a snippet from an unreleased new track."
news-2022-0282,8/4/22,2022,FBI Arrests 4 Louisville Cops In Breonna Taylor Shooting Investigation,Officers were accused of using false information to obtain the search warrant that led to Taylor's killing.,Ryan Grenoble,https://www.huffpost.com/entry/fbi-arrests-lousville-cops-breonna-taylor_n_62ebd8abe4b0ecfe3f6e79f7,FBI Arrests 4 Louisville Cops In Breonna Taylor Shooting Investigation. Officers were accused of using false information to obtain the search warrant that led to Taylor's killing.
news-2022-0283,8/4/22,2022,John Legend Says Kanye's Support Of Trump Ruined Their Friendship,"The singer said both the rapper's support of Trump and his presidential run became ""too much for us to sustain our friendship.""",David Moye,https://www.huffpost.com/entry/john-legend-kanye-west-friendship_n_62ebf21de4b0c55016183ba4,"John Legend Says Kanye's Support Of Trump Ruined Their Friendship. The singer said both the rapper's support of Trump and his presidential run became ""too much for us to sustain our friendship."""
news-2022-0284,8/4/22,2022,What’s Going On With HBO Max? Here’s What We Know So Far.,Speculation about potentially drastic cuts at HBO Max has left viewers and subscribers panicking about the future of the streaming platform.,Marina Fang,https://www.huffpost.com/entry/whats-going-on-with-hbo-max-discovery-merger_n_62ec1ae3e4b0c5501618704b,What’s Going On With HBO Max? Here’s What We Know So Far.. Speculation about potentially drastic cuts at HBO Max has left viewers and subscribers panicking about the future of the streaming platform.
news-2022-0285,8/3/22,2022,Brad Pitt Defends Ana De Armas After Marilyn Monroe Accent Backlash,"Come for de Armas, and you'll have to answer to Pitt.",Cole Delbyck,https://www.huffpost.com/entry/ana-de-armas-marilyn-monroe-blonde-brad-pitt_n_62ea9f12e4b00f4cf236a0f0,"Brad Pitt Defends Ana De Armas After Marilyn Monroe Accent Backlash. Come for de Armas, and you'll have to answer to Pitt."
news-2022-0286,8/3/22,2022,Giant Sinkhole Swallows Chilean Land Owned By Canadian Mining Company,The National Service of Geology and Mining first became aware of the 650-foot-deep sinkhole on Saturday.,Marco Margaritoff,https://www.huffpost.com/entry/tierra-amarilla-sinkhole_n_62ea6cd1e4b09d09a2bfb524,Giant Sinkhole Swallows Chilean Land Owned By Canadian Mining Company. The National Service of Geology and Mining first became aware of the 650-foot-deep sinkhole on Saturday.
news-2022-0287,8/3/22,2022,Paul Pelosi Pleads Not Guilty To DUI Charges,The husband of House Speaker Nancy Pelosi was charged with driving under the influence after a May car crash in California.,,https://www.huffpost.com/entry/paul-pelosi-dui-plea_n_62eaac2ce4b09d09a2c02cb0,Paul Pelosi Pleads Not Guilty To DUI Charges. The husband of House Speaker Nancy Pelosi was charged with driving under the influence after a May car crash in California.
news-2022-0288,8/3/22,2022,Selena Gomez Developing Reboot Of '80s Classic 'Working Girl',"The beloved comedy, which starred Melanie Griffith, Harrison Ford and Sigourney Weaver, is getting the reboot treatment.",Cole Delbyck,https://www.huffpost.com/entry/selena-gomez-developing-reboot-of-80s-classic-working-girl_n_62ea8037e4b0da5ec0f086d3,"Selena Gomez Developing Reboot Of '80s Classic 'Working Girl'. The beloved comedy, which starred Melanie Griffith, Harrison Ford and Sigourney Weaver, is getting the reboot treatment."
news-2022-0289,8/3/22,2022,Volcano Near Iceland’s Main Airport Erupts Again,The Icelandic Meteorological Office urged people not to go near the Fagradalsfjall volcano.,,https://www.huffpost.com/entry/iceland-volcano-erupts-airport_n_62eaa5d1e4b0da5ec0f0c8ba,Volcano Near Iceland’s Main Airport Erupts Again. The Icelandic Meteorological Office urged people not to go near the Fagradalsfjall volcano.
news-2022-0290,8/2/22,2022,Bandit The 'Guard Cat' Hailed As Hero After Thwarting Would-Be Robbery,"When at least two people tried to break into a Tupelo, Mississippi, home last week, the cat did everything she could to alert its owner.",,https://www.huffpost.com/entry/guard-cat-hailed-as-hero_n_62e9a515e4b00f4cf2352a6f,"Bandit The 'Guard Cat' Hailed As Hero After Thwarting Would-Be Robbery. When at least two people tried to break into a Tupelo, Mississippi, home last week, the cat did everything she could to alert its owner."
news-2022-0291,8/2/22,2022,Hilary Duff's Husband Calls Out Candace Cameron Bure For Ignorant TikTok,Musician Matthew Koma pointed out how the “Fuller House” star’s July 4 post wasn’t as patriotic as she thought it was.,Elyse Wanshel,https://www.huffpost.com/entry/matthew-koma-calls-out-candace-cameron-bure-tiktok-springsteen_n_62e827d0e4b07f837672082c,Hilary Duff's Husband Calls Out Candace Cameron Bure For Ignorant TikTok. Musician Matthew Koma pointed out how the “Fuller House” star’s July 4 post wasn’t as patriotic as she thought it was.
news-2022-0292,8/2/22,2022,Sandy Hook Parent Testifies: Alex Jones’ Apologies ‘Are Worthless’,"In a defamation trial against Jones, Sandy Hook parent Neil Heslin said the Infowars conspiracist ""lit the match that started the fire.""",Sebastian Murdock,https://www.huffpost.com/entry/sandy-hook-parent-testifies-alex-jones-apologies-are-worthless_n_62e9441ee4b07f83767377c5,"Sandy Hook Parent Testifies: Alex Jones’ Apologies ‘Are Worthless’. In a defamation trial against Jones, Sandy Hook parent Neil Heslin said the Infowars conspiracist ""lit the match that started the fire."""
news-2022-0293,8/2/22,2022,"Senate Republicans Fold, Help Pass Veterans Health Bill After Blocking It","The PACT Act, which will help veterans suffering from illnesses caused by toxic burn pits, now heads to the president’s desk.",Jennifer Bendery,https://www.huffpost.com/entry/senate-republicans-veterans-health-bill-pact-act_n_62e97e2ee4b09d14dc4731d3,"Senate Republicans Fold, Help Pass Veterans Health Bill After Blocking It. The PACT Act, which will help veterans suffering from illnesses caused by toxic burn pits, now heads to the president’s desk."
news-2022-0294,8/2/22,2022,University of West Georgia Professor Charged With Murder Of Incoming Freshman,"Anna Jones, 18, was sitting in a parked car with friends when she was shot.",Elyse Wanshel,https://www.huffpost.com/entry/university-of-west-georgia-professor-charged-with-murder-of-incoming-freshman_n_62e95992e4b09d14dc470a05,"University of West Georgia Professor Charged With Murder Of Incoming Freshman. Anna Jones, 18, was sitting in a parked car with friends when she was shot."
news-2022-0295,8/1/22,2022,4 'Micro-Transitions' In Your Day That May Be Causing You Anxiety,Certain points during your day can spark stress without you even realizing. Here's why and how to deal.,Alexandra Frost,https://www.huffpost.com/entry/micro-transitons-anxiety_l_62ceed69e4b0e6251b37fe91,4 'Micro-Transitions' In Your Day That May Be Causing You Anxiety. Certain points during your day can spark stress without you even realizing. Here's why and how to deal.
news-2022-0296,8/1/22,2022,Arizona's Rusty Bowers Comes Out Against A 2024 Trump Bid,The state House speaker testified before the Jan. 6 committee investigating Trump's efforts to cling to power.,Marita Vlachou,https://www.huffpost.com/entry/rusty-bowers-donald-trump-arizona-gop_n_62e7a6fbe4b00fd8d8411100,Arizona's Rusty Bowers Comes Out Against A 2024 Trump Bid. The state House speaker testified before the Jan. 6 committee investigating Trump's efforts to cling to power.
news-2022-0297,8/1/22,2022,Challenger Suraj Patel’s Poll Shows Tightening Race In Key New York Primary,Patel is taking on Reps. Carolyn Maloney and Jerry Nadler for the Democratic nomination in a Manhattan congressional district.,Daniel Marans,https://www.huffpost.com/entry/suraj-patel-new-york-12-primary-tightening_n_62e6b5a3e4b09d14dc439816,Challenger Suraj Patel’s Poll Shows Tightening Race In Key New York Primary. Patel is taking on Reps. Carolyn Maloney and Jerry Nadler for the Democratic nomination in a Manhattan congressional district.
news-2022-0298,8/1/22,2022,"Chris Rock Has No Real Interest In Talking With Will Smith, Sources Say","“This is clearly something that bothers Will more than Chris. Will needs to deal with his issues. Chris is fine,"" one insider told People.com.",David Moye,https://www.huffpost.com/entry/chris-rock-no-plans-talk-will-smith_n_62e8478ee4b0c60a566b25da,"Chris Rock Has No Real Interest In Talking With Will Smith, Sources Say. “This is clearly something that bothers Will more than Chris. Will needs to deal with his issues. Chris is fine,"" one insider told People.com."
news-2022-0299,8/1/22,2022,"I Cooked For The World's 1%, But I Traded It To Make School Lunches","Dan Giusti is changing the way institutions like schools, prisons and senior centers think about food. Here's what he's learned so far.",Emily Laurence,https://www.huffpost.com/entry/dan-giusti-voices-in-food_l_62d82e4ae4b000da23faf94b,"I Cooked For The World's 1%, But I Traded It To Make School Lunches. Dan Giusti is changing the way institutions like schools, prisons and senior centers think about food. Here's what he's learned so far."
news-2022-0300,8/1/22,2022,"Yolanda Hadid Returns To Social Media After 9-Month Break For Depression, Lyme Relapse","Hadid's last post before her break was from October 2021, the same month that she accused Gigi Hadid’s then-boyfriend, Zayn Malik, of shoving her.",Carly Ledbetter,https://www.huffpost.com/entry/yolanda-hadid-depression-lyme_n_62e7fa39e4b09d14dc452884,"Yolanda Hadid Returns To Social Media After 9-Month Break For Depression, Lyme Relapse. Hadid's last post before her break was from October 2021, the same month that she accused Gigi Hadid’s then-boyfriend, Zayn Malik, of shoving her."
news-2022-0301,7/31/22,2022,Chinese Rocket Debris Makes Out-Of-Control Fall Back To Earth,Video shows people apparently spotting the rocket's burning debris in the night sky over Malaysia.,Ben Blanchet,https://www.huffpost.com/entry/china-rocket-debris-falling-back-earth_n_62e5e68fe4b09d14dc434a52,Chinese Rocket Debris Makes Out-Of-Control Fall Back To Earth. Video shows people apparently spotting the rocket's burning debris in the night sky over Malaysia.
news-2022-0302,7/31/22,2022,Death Toll In Kentucky Hits 28 As Infrastructure Damage Hampers Flood Recovery,The number of deaths from massive flooding in Kentucky has continued to climb amid the threat for more heavy rains.,"BRUCE SCHREINER and JOHN RABY, AP",https://www.huffpost.com/entry/kentucky-flood-threat-renewed_n_62e6c90ee4b0c60a566932c9,Death Toll In Kentucky Hits 28 As Infrastructure Damage Hampers Flood Recovery. The number of deaths from massive flooding in Kentucky has continued to climb amid the threat for more heavy rains.
news-2022-0303,7/31/22,2022,New York City Declares Monkeypox A Public Health Emergency,"As many as 150,000 New York City residents could be at risk of monkeypox infection, according to city officials.",,https://www.huffpost.com/entry/new-york-city-declares-monkeypox-emergency_n_62e5e013e4b0c60a5668d901,"New York City Declares Monkeypox A Public Health Emergency. As many as 150,000 New York City residents could be at risk of monkeypox infection, according to city officials."
news-2022-0304,7/31/22,2022,Report: Prince Charles' Charity Got Donation From Bin Ladens,"The Prince of Wales’s Charitable Fund accepted a 1 million pound ($1.2 million) donation from relatives of Osama bin Laden, a newspaper reported.",,https://www.huffpost.com/entry/prince-charles-charity-donation-from-bin-ladens_n_62e6836ee4b0c60a5669187c,"Report: Prince Charles' Charity Got Donation From Bin Ladens. The Prince of Wales’s Charitable Fund accepted a 1 million pound ($1.2 million) donation from relatives of Osama bin Laden, a newspaper reported."
news-2022-0305,7/31/22,2022,Vulnerable House Dems See Abortion As Winning Campaign Theme,"The Supreme Court decision on abortion has scrambled the political dynamics heading into the November elections, when control of Congress is at stake.","Thomas Beaumont, AP",https://www.huffpost.com/entry/vulnerable-house-dems-see-abortion-as-winning-campaign-theme_n_62e6847ee4b006483a9e59ea,"Vulnerable House Dems See Abortion As Winning Campaign Theme. The Supreme Court decision on abortion has scrambled the political dynamics heading into the November elections, when control of Congress is at stake."
news-2022-0306,7/31/22,2022,‘DC League Of Super-Pets’ Takes No. 1 With $23 Million,The superhero spinoff about Superman’s dog knocked Jordan Peele’s “Nope” into second place.,"Lindsey Bahr, AP",https://www.huffpost.com/entry/dc-league-of-super-pets-takes-no-1-with-23-million_n_62e6acd4e4b07f8376702fd3,‘DC League Of Super-Pets’ Takes No. 1 With $23 Million. The superhero spinoff about Superman’s dog knocked Jordan Peele’s “Nope” into second place.
news-2022-0307,7/30/22,2022,Ex-DHS Aide Suggests She 'Went Very Public' Because She Didn't Trust Inspector General,"Olivia Troye, who quit the administration in 2020, appeared to call out the same Trump official now embroiled in the Secret Service text-deletion scandal.",Marco Margaritoff,https://www.huffpost.com/entry/olivia-troye-secret-service-texts-inspector-general_n_62e55c06e4b07f83766fc1ae,"Ex-DHS Aide Suggests She 'Went Very Public' Because She Didn't Trust Inspector General. Olivia Troye, who quit the administration in 2020, appeared to call out the same Trump official now embroiled in the Secret Service text-deletion scandal."
news-2022-0308,7/30/22,2022,Man Arrested For Alleged Bomb Threat Against Arizona Election Official After Jan. 6,"James W. Clark allegedly researched ""how to kill"" Katie Hobbs before threatening Arizona's Democratic secretary of state with an explosive device.",Marco Margaritoff,https://www.huffpost.com/entry/james-w-clark-bomb-threat_n_62e531ebe4b00fd8d83fb126,"Man Arrested For Alleged Bomb Threat Against Arizona Election Official After Jan. 6. James W. Clark allegedly researched ""how to kill"" Katie Hobbs before threatening Arizona's Democratic secretary of state with an explosive device."
news-2022-0309,7/30/22,2022,Photos Reveal Ivana Trump's Final Resting Place At Bedminster Golf Course,"Her plot is near the first tee and clubhouse, The New York Post reports.",Mary Papenfuss,https://www.huffpost.com/entry/burial-plot-ivana-trump-bedminster-new-jersey-golf-course_n_62e4a731e4b006483a9da670,"Photos Reveal Ivana Trump's Final Resting Place At Bedminster Golf Course. Her plot is near the first tee and clubhouse, The New York Post reports."
news-2022-0310,7/30/22,2022,Rain Cascades From Vegas Casino Ceilings As Thunderstorms Flood Desert,"Parts of the parched southwest are now being hit with floods, with multiple people needing rescue in Nevada and Arizona.","Ken Ritter and Felicia Fonsetta, AP",https://www.huffpost.com/entry/bc-us-southwest-thunderstorms-flooding_n_62e53cf4e4b006483a9deb97,"Rain Cascades From Vegas Casino Ceilings As Thunderstorms Flood Desert. Parts of the parched southwest are now being hit with floods, with multiple people needing rescue in Nevada and Arizona."
news-2022-0311,7/29/22,2022,'Covington Kid' Nicholas Sandmann Loses Defamation Suits Against Major Media Outlets,"Sandmann, who was 16 when footage of him and a Native American elder went viral, lost against several outlets including The New York Times and ABC News.",Marco Margaritoff,https://www.huffpost.com/entry/nicholas-sandmann-loses-defamation-lawsuits_n_62e414bfe4b0c60a5667fb1e,"'Covington Kid' Nicholas Sandmann Loses Defamation Suits Against Major Media Outlets. Sandmann, who was 16 when footage of him and a Native American elder went viral, lost against several outlets including The New York Times and ABC News."
news-2022-0312,7/29/22,2022,Alabama Official Told Reporter Her Skirt Was Too Short To Witness An Execution,"Ivana Hrynkiw was ultimately allowed to witness the killing of Joe Nathan James Jr., who was executed against the wishes of his victim’s family members.",Jessica Schulberg,https://www.huffpost.com/entry/alabama-joe-nathan-james-jr-witness-skirt_n_62e41fcae4b07f83766f12fe,"Alabama Official Told Reporter Her Skirt Was Too Short To Witness An Execution. Ivana Hrynkiw was ultimately allowed to witness the killing of Joe Nathan James Jr., who was executed against the wishes of his victim’s family members."
news-2022-0313,7/29/22,2022,DHS Watchdog Fails To Notify Congress Over Missing Jan. 6 Texts Of 2 Trump Officials,"The phones of Homeland Security leaders Chad Wolf and Ken Cuccinelli reportedly were wiped, much like those of Trump's Secret Service agents.",Marita Vlachou,https://www.huffpost.com/entry/dhs-jan-6-missing-texts_n_62e3a22ce4b07f83766e534f,"DHS Watchdog Fails To Notify Congress Over Missing Jan. 6 Texts Of 2 Trump Officials. The phones of Homeland Security leaders Chad Wolf and Ken Cuccinelli reportedly were wiped, much like those of Trump's Secret Service agents."
news-2022-0314,7/29/22,2022,Kenan Thompson: Ending 'SNL' After 50th Season 'Might Not Be A Bad Idea',The longest-running cast member said Lorne Michaels' rumored departure could affect the quality of the show.,David Moye,https://www.huffpost.com/entry/kenan-thompson-snl-50-seasons_n_62e42dbde4b07f83766f2450,Kenan Thompson: Ending 'SNL' After 50th Season 'Might Not Be A Bad Idea'. The longest-running cast member said Lorne Michaels' rumored departure could affect the quality of the show.
news-2022-0315,7/29/22,2022,Principal Of Texas School Where Shooting Happened Reinstated,The reinstatement came after Mandy Gutierrez disputed findings that a “culture of complacency” had developed at the Uvalde school.,,https://www.huffpost.com/entry/bc-us-texas-school-shooting-principal_n_62e3bceae4b07f83766e8452,Principal Of Texas School Where Shooting Happened Reinstated. The reinstatement came after Mandy Gutierrez disputed findings that a “culture of complacency” had developed at the Uvalde school.
news-2022-0316,7/28/22,2022,Beyoncé Shares Rare Glimpse Of All 3 Kids In Never-Before-Seen Photo,"The music superstar gave fans an adorable look at Blue, Rumi and Sir Carter ahead of the release of her new album, ""Renaissance.""",Cole Delbyck,https://www.huffpost.com/entry/beyonc%C3%A9-kids-photo_n_62e2df1ce4b006483a9bacf0,"Beyoncé Shares Rare Glimpse Of All 3 Kids In Never-Before-Seen Photo. The music superstar gave fans an adorable look at Blue, Rumi and Sir Carter ahead of the release of her new album, ""Renaissance."""
news-2022-0317,7/28/22,2022,Democrats' Reconciliation Package The 'Biggest Climate Action In Human History',"The deal Democrats struck late Thursday includes a historic $369 billion in clean energy and climate investments, but also requires new oil and gas leasing.",Chris D'Angelo,https://www.huffpost.com/entry/democrats-reconciliation-package-climate-provisions_n_62e2cecfe4b006483a9b8f8d,"Democrats' Reconciliation Package The 'Biggest Climate Action In Human History'. The deal Democrats struck late Thursday includes a historic $369 billion in clean energy and climate investments, but also requires new oil and gas leasing."
news-2022-0318,7/28/22,2022,Infowars Sidekick Owen Shroyer Testifies In Alex Jones' Sandy Hook Defamation Trial,Shroyer peddled a false story on Infowars that Neil Heslin didn't hold his dead child after the massacre at Sandy Hook Elementary.,Sebastian Murdock and Ryan Grenoble,https://www.huffpost.com/entry/infowars-sidekick-owen-shroyer-testifies-2nd-day-sandy-hook-trial_n_62e1803ae4b006483a99af74,Infowars Sidekick Owen Shroyer Testifies In Alex Jones' Sandy Hook Defamation Trial. Shroyer peddled a false story on Infowars that Neil Heslin didn't hold his dead child after the massacre at Sandy Hook Elementary.
news-2022-0319,7/27/22,2022,2 Cops Sentenced For Violating George Floyd's Rights,"The federal government brought the civil rights charges against all four officers in May 2021, a month after Chauvin was convicted of murder and manslaughter in state court.","Amy Forliti, AP",https://www.huffpost.com/entry/cops-face-sentencing-for-violating-george-floyds-rights_n_62e11ff7e4b0aad58d219565,"2 Cops Sentenced For Violating George Floyd's Rights. The federal government brought the civil rights charges against all four officers in May 2021, a month after Chauvin was convicted of murder and manslaughter in state court."
news-2022-0320,7/27/22,2022,Chris Cuomo Returning To Cable News After CNN Ouster,The former head of his own CNN show has taken a job as a prime-time host on NewsNation.,Josephine Harvey,https://www.huffpost.com/entry/chris-cuomo-newsnation-host_n_62e0a01de4b081f3a9052a45,Chris Cuomo Returning To Cable News After CNN Ouster. The former head of his own CNN show has taken a job as a prime-time host on NewsNation.
news-2022-0321,7/27/22,2022,Deputy Kills Unarmed Black Man After Alleged Shoplifting From Houston Dollar General,"Footage shows a Harris County Sheriff’s Office deputy chasing the man, pinning him down and hitting him with a stun gun before shooting him in the back.",Phillip Jackson,https://www.huffpost.com/entry/roderick-brooks-shooting-fatal-houston_n_62e18fb0e4b09d14dc3ef013,"Deputy Kills Unarmed Black Man After Alleged Shoplifting From Houston Dollar General. Footage shows a Harris County Sheriff’s Office deputy chasing the man, pinning him down and hitting him with a stun gun before shooting him in the back."
news-2022-0322,7/27/22,2022,GOP Sen. Joni Ernst Blocks Bill Protecting Right To Birth Control,Republican lawmakers are celebrating the end of nationwide abortion rights while blocking federal protections for birth control.,Igor Bobic,https://www.huffpost.com/entry/contraception-abortion-roe_n_62e18598e4b07f83766b7e06,GOP Sen. Joni Ernst Blocks Bill Protecting Right To Birth Control. Republican lawmakers are celebrating the end of nationwide abortion rights while blocking federal protections for birth control.
news-2022-0323,7/27/22,2022,Should I Take My Cat Out In This Heat?,Certain temperatures are too dangerous for pets. Experts share precautions and tips for how to take care of your feline friends in a heat wave.,Caroline Bologna,https://www.huffpost.com/entry/can-i-let-cat-out-heat_l_62df0934e4b000da240339c6,Should I Take My Cat Out In This Heat?. Certain temperatures are too dangerous for pets. Experts share precautions and tips for how to take care of your feline friends in a heat wave.
news-2022-0324,7/26/22,2022,'Stranger Things' Star Joseph Quinn Detained By Customs Agent Demanding Season 5 Return,"The British actor who plays Eddie Munson said he was snared on his way to ""The Tonight Show with Jimmy Fallon.""",Marco Margaritoff,https://www.huffpost.com/entry/joseph-quinn-stranger-things-tonight-show_n_62dfc04ae4b0a6852c3c2d1f,"'Stranger Things' Star Joseph Quinn Detained By Customs Agent Demanding Season 5 Return. The British actor who plays Eddie Munson said he was snared on his way to ""The Tonight Show with Jimmy Fallon."""
news-2022-0325,7/26/22,2022,Jackie Robinson Museum Opens After 14 Years Of Planning,The Jackie Robinson Museum has opened in Manhattan with a gala ceremony attended by the 100-year-old wife of the barrier-breaking ballplayer and two of his children.,"RONALD BLUM, AP",https://www.huffpost.com/entry/jackie-robinson-museum_n_62e02a4fe4b06e213fc46a31,Jackie Robinson Museum Opens After 14 Years Of Planning. The Jackie Robinson Museum has opened in Manhattan with a gala ceremony attended by the 100-year-old wife of the barrier-breaking ballplayer and two of his children.
news-2022-0326,7/26/22,2022,Medical Students Walk Out On Ceremony Over Keynote Speaker Who Opposes Abortion Rights,"Video shows dozens of students at the University of Michigan protesting ​​Dr. Kristin Collier, who has referred to abortion care as ""violence.""",Elyse Wanshel,https://www.huffpost.com/entry/medical-students-walk-out-abortion_n_62e0150fe4b03dbb991e0d2f,"Medical Students Walk Out On Ceremony Over Keynote Speaker Who Opposes Abortion Rights. Video shows dozens of students at the University of Michigan protesting ​​Dr. Kristin Collier, who has referred to abortion care as ""violence."""
news-2022-0327,7/26/22,2022,Rep. Marjorie Taylor Greene Is Eligible To Run For Reelection: Judge,"Five voters from Greene’s district sought to have her removed from the ballot, saying that she played a significant role in the Jan. 6 attack on the U.S. Capitol.","Kate Brumback, AP",https://www.huffpost.com/entry/marjorie-taylor-greene-reelection-judge_n_62e0371ee4b000da2405775a,"Rep. Marjorie Taylor Greene Is Eligible To Run For Reelection: Judge. Five voters from Greene’s district sought to have her removed from the ballot, saying that she played a significant role in the Jan. 6 attack on the U.S. Capitol."
news-2022-0328,7/26/22,2022,"Steve Bannon Calls On '4,000 Shock Troops' To 'Deconstruct' The Government 'Brick By Brick'",He's back with more  incendiary rhetoric against the nation just days after his contempt of Congress conviction.,Mary Papenfuss,https://www.huffpost.com/entry/steve-bannon-shock-troops-deconstructing-government-brick-by-brick_n_62df1131e4b0aad58d1e13ca,"Steve Bannon Calls On '4,000 Shock Troops' To 'Deconstruct' The Government 'Brick By Brick'. He's back with more incendiary rhetoric against the nation just days after his contempt of Congress conviction."
news-2022-0329,7/25/22,2022,"Armand Duplantis Breaks Pole Vault World Record, Reignites Comparison To Timothee Chalamet",The Swedish pole vaulter known as Mondo has a famous lookalike.,Ron Dicker,https://www.huffpost.com/entry/armand-duplantis-timothee-chalamet-world-championships-record_n_62de850de4b000da2402422f,"Armand Duplantis Breaks Pole Vault World Record, Reignites Comparison To Timothee Chalamet. The Swedish pole vaulter known as Mondo has a famous lookalike."
news-2022-0330,7/25/22,2022,Mira Sorvino Offers Sweet Tribute To Actor Dad Paul Sorvino,"The Oscar-winning actor said on social media that “He was the most wonderful father.""",David Moye,https://www.huffpost.com/entry/mira-sorvino-paul-sorvino-twitter-tribute_n_62def5c2e4b000da2403243a,"Mira Sorvino Offers Sweet Tribute To Actor Dad Paul Sorvino. The Oscar-winning actor said on social media that “He was the most wonderful father."""
news-2022-0331,7/25/22,2022,"NFL Rookie John Metchie III Diagnosed With Leukemia, Will 'Likely' Miss Season","""I cannot wait to come back stronger than ever,"" the Houston Texans receiver said.",,https://www.huffpost.com/entry/john-metchie-leukemia_n_62dea05fe4b03dbb991b4d83,"NFL Rookie John Metchie III Diagnosed With Leukemia, Will 'Likely' Miss Season. ""I cannot wait to come back stronger than ever,"" the Houston Texans receiver said."
news-2022-0332,7/25/22,2022,"Paul Duncan, Former Notre Dame Star And NFL Player, Dead at 35",Duncan was an offensive lineman for Notre Dame and briefly joined the Denver Broncos as an undrafted free agent.,Elyse Wanshel,https://www.huffpost.com/entry/paul-duncan-notre-dame-star-nfl-player-dead-at-35_n_62def315e4b0a6852c3aeebb,"Paul Duncan, Former Notre Dame Star And NFL Player, Dead at 35. Duncan was an offensive lineman for Notre Dame and briefly joined the Denver Broncos as an undrafted free agent."
news-2022-0333,7/25/22,2022,"Paul Sorvino, ‘Goodfellas’ And ‘Law & Order’ Actor, Dies At 83","In his over 50 years in the entertainment business, Sorvino was a mainstay in films and television.","Lindsey Bahr, AP",https://www.huffpost.com/entry/paul-sorvino-dead-dies_n_62dedf7be4b081f3a9025dd1,"Paul Sorvino, ‘Goodfellas’ And ‘Law & Order’ Actor, Dies At 83. In his over 50 years in the entertainment business, Sorvino was a mainstay in films and television."
news-2022-0334,7/25/22,2022,Political Ad Shows Doctor Asking Texas Gov. Greg Abbott If He'll Allow An Abortion,"After a brief conversation, the doctor hangs up the phone and tells the parents, “Yeah, that’s gonna be a no. Best of luck to you.”",David Moye,https://www.huffpost.com/entry/texas-gop-gov-greg-abbott-abortion-ad_n_62df1e1de4b0aad58d1e1df0,"Political Ad Shows Doctor Asking Texas Gov. Greg Abbott If He'll Allow An Abortion. After a brief conversation, the doctor hangs up the phone and tells the parents, “Yeah, that’s gonna be a no. Best of luck to you.”"
news-2022-0335,7/24/22,2022,Alex Jones' Sandy Hook Defamation Trial Is Set To Begin. Here's How It Got To This Point.,"For years, Jones and Infowars have falsely claimed the Sandy Hook shooting was fake. Jones will now face the consequences of those lies.",Sebastian Murdock,https://www.huffpost.com/entry/alex-jones-sandy-hook-defamation-trial-is-set-to-begin-heres-what-you-need-to-know_n_62d96cf0e4b0a6852c352e97,"Alex Jones' Sandy Hook Defamation Trial Is Set To Begin. Here's How It Got To This Point.. For years, Jones and Infowars have falsely claimed the Sandy Hook shooting was fake. Jones will now face the consequences of those lies."
news-2022-0336,7/24/22,2022,"Biden Improves 'Significantly,' Throat Still Sore From COVID","President Joe Biden's physician, Dr. Kevin O'Connor, says Biden continues to “improve significantly” despite a lingering sore throat.","CHRIS MEGERIAN, AP",https://www.huffpost.com/entry/biden-covid-improves_n_62dda60ae4b0a6852c38f22d,"Biden Improves 'Significantly,' Throat Still Sore From COVID. President Joe Biden's physician, Dr. Kevin O'Connor, says Biden continues to “improve significantly” despite a lingering sore throat."
news-2022-0337,7/24/22,2022,Josh Hawley's Home State Newspaper Chides Him As 'Laughingstock',Hawley's been widely ridiculed since video showed him fleeing Capitol rioters not long after saluting them.,Mary Papenfuss,https://www.huffpost.com/entry/josh-hawley-national-laughingstock_n_62dc9f81e4b0aad58d1b7c9b,Josh Hawley's Home State Newspaper Chides Him As 'Laughingstock'. Hawley's been widely ridiculed since video showed him fleeing Capitol rioters not long after saluting them.
news-2022-0338,7/24/22,2022,Muhammad Ali's 'Rumble In The Jungle' Belt Sells For $6.1M,Muhammad Ali’s championship belt from his 1974 “Rumble in the Jungle” heavyweight title fight has sold at auction for $6.18 million.,,https://www.huffpost.com/entry/muhammad-ali-belt-auction_n_62ddbbafe4b081f3a9008cb6,Muhammad Ali's 'Rumble In The Jungle' Belt Sells For $6.1M. Muhammad Ali’s championship belt from his 1974 “Rumble in the Jungle” heavyweight title fight has sold at auction for $6.18 million.
news-2022-0339,7/23/22,2022,6-Year-Old Girl Among 3 Family Members Shot In Tent At Iowa State Park,A 9-year-old boy who was camping at an Iowa state park with his parents and 6-year-old sister survived a shooting that killed the rest of his family.,"Amy Forliti, AP",https://www.huffpost.com/entry/ap-us-iowa-state-park-shooting_n_62dc0039e4b081f3a8ffd9bc,6-Year-Old Girl Among 3 Family Members Shot In Tent At Iowa State Park. A 9-year-old boy who was camping at an Iowa state park with his parents and 6-year-old sister survived a shooting that killed the rest of his family.
news-2022-0340,7/23/22,2022,Kid Cudi Storms Offstage At Rolling Loud Before Surprise Kanye West Appearance,"Cudi, who replaced West as a festival headliner on short notice, was repeatedly pelted by water bottles from a disrespectful crowd.",Marco Margaritoff,https://www.huffpost.com/entry/kid-cudi-rolling-loud-kanye-west_n_62dc0d62e4b0a6852c384fb0,"Kid Cudi Storms Offstage At Rolling Loud Before Surprise Kanye West Appearance. Cudi, who replaced West as a festival headliner on short notice, was repeatedly pelted by water bottles from a disrespectful crowd."
news-2022-0341,7/23/22,2022,"New York Post, Wall Street Journal Editorial Boards Condemn Trump","Both publications, owned by Rupert Murdoch, slammed Trump's inaction during the Capitol riot.",Sebastian Murdock,https://www.huffpost.com/entry/new-york-post-editorial-board-slams-trump-on-damning-jan-6-silence_n_62dc41fae4b03dbb991962c2,"New York Post, Wall Street Journal Editorial Boards Condemn Trump. Both publications, owned by Rupert Murdoch, slammed Trump's inaction during the Capitol riot."
news-2022-0342,7/23/22,2022,Spirituality Has A New Face — And It’s Queer As Hell,Meet three spiritual leaders working hard for queer people to have a safe space in the religious community.,Tracey Anne Duncan,https://www.huffpost.com/entry/queer-spirituality-revolution_n_62dacdc9e4b03dbb991890b6,Spirituality Has A New Face — And It’s Queer As Hell. Meet three spiritual leaders working hard for queer people to have a safe space in the religious community.
news-2022-0343,7/22/22,2022,23 Of The Funniest Tweets About Cats And Dogs This Week (July 16-22),"“you ever bring ur pet up to a mirror and ur like ‘that's you’""",Elyse Wanshel,https://www.huffpost.com/entry/funniest-tweets-cats-dogs-july-16-22_n_62d5913fe4b092a3f6bf2772,"23 Of The Funniest Tweets About Cats And Dogs This Week (July 16-22). “you ever bring ur pet up to a mirror and ur like ‘that's you’"""
news-2022-0344,7/22/22,2022,Chelsea Handler On Ending Relationship With Jo Koy: 'I Have To Choose Myself',"The comedy star confessed she and Koy had been experiencing issues for ""some time.""",Carly Ledbetter,https://www.huffpost.com/entry/chelsea-handler-joy-koy-split_n_62daac93e4b06e213fbe7d1b,"Chelsea Handler On Ending Relationship With Jo Koy: 'I Have To Choose Myself'. The comedy star confessed she and Koy had been experiencing issues for ""some time."""
news-2022-0345,7/22/22,2022,Kari Lake Walked Away From A Career In Journalism. Now She's Running For Governor By Bashing The Media.,"To curry favor with Arizona’s far right, the former TV anchor is leveraging her unique background and using the media as a punching bag. It just might work.",Liz Skalka,https://www.huffpost.com/entry/kari-lake-donald-trump-arizona-governor_n_62d6e010e4b092a3f6c19b2a,"Kari Lake Walked Away From A Career In Journalism. Now She's Running For Governor By Bashing The Media.. To curry favor with Arizona’s far right, the former TV anchor is leveraging her unique background and using the media as a punching bag. It just might work."
news-2022-0346,7/21/22,2022,195 House Republicans Voted Against Birth Control Protections,"The House passed the Right to Contraception Act, which would codify the right to birth control amid fears that conservatives are coming for that next.",Alanna Vagianos,https://www.huffpost.com/entry/house-republicans-voted-against-birth-control-protections_n_62d84d4be4b03dbb9913f86d,"195 House Republicans Voted Against Birth Control Protections. The House passed the Right to Contraception Act, which would codify the right to birth control amid fears that conservatives are coming for that next."
news-2022-0347,7/21/22,2022,"Herschel Walker Is A Messy Candidate, But The Georgia Senate Race Is Still A Toss-Up","Despite his many scandals and gaffes, polls show the former football star trailing only slightly behind Democratic Sen. Raphael Warnock.",Nathalie Baptiste,https://www.huffpost.com/entry/herschel-walker-georgia_n_62d96194e4b0a6852c3512ef,"Herschel Walker Is A Messy Candidate, But The Georgia Senate Race Is Still A Toss-Up. Despite his many scandals and gaffes, polls show the former football star trailing only slightly behind Democratic Sen. Raphael Warnock."
news-2022-0348,7/21/22,2022,Kate McKinnon Breaks Silence On Reason Behind 'SNL' Exit: 'My Body Was Tired',The comedian decided to step away from the late-night sketch series after an 11-season run.,Cole Delbyck,https://www.huffpost.com/entry/kate-mckinnon-breaks-silence-on-snl-exit_n_62d976c3e4b06e213fbc94ba,Kate McKinnon Breaks Silence On Reason Behind 'SNL' Exit: 'My Body Was Tired'. The comedian decided to step away from the late-night sketch series after an 11-season run.
news-2022-0349,7/21/22,2022,Prince George Is All Smiles On The Sand In Adorable 9th Birthday Photo,The portrait of Kate Middleton and Prince William's eldest was taken by the Duchess of Cambridge herself.,Hilary Hanson,https://www.huffpost.com/entry/prince-george-9th-birthday-photo_n_62d9c8c0e4b081f3a8fd75f8,Prince George Is All Smiles On The Sand In Adorable 9th Birthday Photo. The portrait of Kate Middleton and Prince William's eldest was taken by the Duchess of Cambridge herself.
news-2022-0350,7/21/22,2022,The Race To Replace Boris Johnson As Prime Minister Is Down To These 2 Candidates,"On Sept. 5, either Rishi Sunak or Liz Truss will be announced as the U.K.'s new prime minister.",Ned Simons,https://www.huffpost.com/entry/uk-prime-minister-rishi-sunak-liz-truss_n_62d90ec8e4b03dbb9914fefa,"The Race To Replace Boris Johnson As Prime Minister Is Down To These 2 Candidates. On Sept. 5, either Rishi Sunak or Liz Truss will be announced as the U.K.'s new prime minister."
news-2022-0351,7/20/22,2022,$5K Reward For Suspect In Shooting Of Lady Gaga’s Dog Walker,One of the men involved in the violent robbery was mistakenly released from custody in April and remains missing.,"STEFANIE DAZIO, AP",https://www.huffpost.com/entry/lady-gaga-dog-walker-reward_n_62d82efee4b000da23fafad7,$5K Reward For Suspect In Shooting Of Lady Gaga’s Dog Walker. One of the men involved in the violent robbery was mistakenly released from custody in April and remains missing.
news-2022-0352,7/20/22,2022,Appeals Court Allows Georgia Abortion Law To Take Effect,The Georgia law bans most abortions once a “detectable human heartbeat” is present.,"KATE BRUMBACK and JEFF AMY, AP",https://www.huffpost.com/entry/us-abortion-georgia_n_62d86965e4b000da23fb589e,Appeals Court Allows Georgia Abortion Law To Take Effect. The Georgia law bans most abortions once a “detectable human heartbeat” is present.
news-2022-0353,7/20/22,2022,Biden Takes Modest Executive Action After Climate Agenda Stalls In Congress,The executive push includes $2.3 billion in climate resilience funding and a first step toward opening the Gulf of Mexico to offshore wind development.,Chris D'Angelo,https://www.huffpost.com/entry/biden-climate-executive-orders-agenda-stalls_n_62d75058e4b0a6852c30c61b,Biden Takes Modest Executive Action After Climate Agenda Stalls In Congress. The executive push includes $2.3 billion in climate resilience funding and a first step toward opening the Gulf of Mexico to offshore wind development.
news-2022-0354,7/20/22,2022,"Chronic Starvation Remains Threat To Florida Manatees, Officials Say","Last year, a record number of manatees died mainly from a lack of seagrass food, which was decimated by water pollution.","CURT ANDERSON, AP",https://www.huffpost.com/entry/bc-us-dying-manatees-florida_n_62d85465e4b0aad58d160915,"Chronic Starvation Remains Threat To Florida Manatees, Officials Say. Last year, a record number of manatees died mainly from a lack of seagrass food, which was decimated by water pollution."
news-2022-0355,7/20/22,2022,Twitter Lawyer Calls Elon Musk 'Committed Enemy' As Judge Sets October Trial,Delaware Chancery Judge Kathaleen McCormick dealt the world's richest person a setback in ordering a speedy trial on his abandoned deal to buy Twitter.,Marita Vlachou,https://www.huffpost.com/entry/twitter-elon-musk-trial-october_n_62d7c115e4b000da23f9c7df,Twitter Lawyer Calls Elon Musk 'Committed Enemy' As Judge Sets October Trial. Delaware Chancery Judge Kathaleen McCormick dealt the world's richest person a setback in ordering a speedy trial on his abandoned deal to buy Twitter.
news-2022-0356,7/19/22,2022,Chrissy Teigen Says She Feels 'Really Good' Celebrating 1 Year Sober,"The ""Cravings"" cookbook author was candid with followers, saying she didn’t know if she’d be sober forever.",Carly Ledbetter,https://www.huffpost.com/entry/chrissy-teigen-why-she-quit-drinking_n_62d6b9b5e4b0e6fc1a9bfcbf,"Chrissy Teigen Says She Feels 'Really Good' Celebrating 1 Year Sober. The ""Cravings"" cookbook author was candid with followers, saying she didn’t know if she’d be sober forever."
news-2022-0357,7/19/22,2022,Michael Baltimore Of '90 Day Fiancé' Added To Most Wanted List For Murder,"Baltimore allegedly fatally shot his former boss, Kendell Jerome Cook, at his Pennsylvania barbershop last year. He now graces the U.S. Marshals Service's Most Wanted list.",Marco Margaritoff,https://www.huffpost.com/entry/michael-baltimore-most-wanted-marshals_n_62d6cb77e4b008a2d03f29da,"Michael Baltimore Of '90 Day Fiancé' Added To Most Wanted List For Murder. Baltimore allegedly fatally shot his former boss, Kendell Jerome Cook, at his Pennsylvania barbershop last year. He now graces the U.S. Marshals Service's Most Wanted list."
news-2022-0358,7/19/22,2022,"Secret Service Can't Recover Jan. 6 Texts, National Archives Wants Probe",The House committee investigating the violent insurrection subpoenaed the texts last Friday.,Ryan Grenoble,https://www.huffpost.com/entry/national-archives-deleted-secret-service-texts_n_62d6c6bbe4b008a2d03f1ac4,"Secret Service Can't Recover Jan. 6 Texts, National Archives Wants Probe. The House committee investigating the violent insurrection subpoenaed the texts last Friday."
news-2022-0359,7/18/22,2022,'The Idol' Trailer Stars Lily-Rose Depp In 'Sleaziest Love Story' With The Weeknd,"The new HBO series from the “sick and twisted minds” of ""Euphoria"" creator Sam Levinson and the music superstar is coming soon.",Cole Delbyck,https://www.huffpost.com/entry/the-idol-trailer-stars-lily-rose-depp-the-weeknd_n_62d56c52e4b0f691303277bd,"'The Idol' Trailer Stars Lily-Rose Depp In 'Sleaziest Love Story' With The Weeknd. The new HBO series from the “sick and twisted minds” of ""Euphoria"" creator Sam Levinson and the music superstar is coming soon."
news-2022-0360,7/18/22,2022,4 Killed After Gunman Opens Fire In Indiana Mall Food Court,Police said a man with a rifle opened fire in a food court and an armed civilian shot him. 2 others were injured.,"Associated Press, AP",https://www.huffpost.com/entry/indiana-mall-shooting-food-court_n_62d4af0be4b0116f21bd36e7,4 Killed After Gunman Opens Fire In Indiana Mall Food Court. Police said a man with a rifle opened fire in a food court and an armed civilian shot him. 2 others were injured.
news-2022-0361,7/18/22,2022,Former FDA Commissioner: U.S. Has Probably ‘Failed To Contain’ Monkeypox,"""I think the window for getting control of this and containing it probably has closed,"" Scott Gottlieb told ""Face the Nation.""",Nick Visser,https://www.huffpost.com/entry/scott-gottlieb-monkeypox_n_62d4d7b4e4b0f691303159eb,"Former FDA Commissioner: U.S. Has Probably ‘Failed To Contain’ Monkeypox. ""I think the window for getting control of this and containing it probably has closed,"" Scott Gottlieb told ""Face the Nation."""
news-2022-0362,7/18/22,2022,Jury Selection Begins In Trial Of Ex-Trump Adviser Steve Bannon,Bannon is charged in Washington’s federal court with defying a subpoena from the Jan. 6 committee that sought his records and testimony.,"Gary Fields, Ashraf Khalil, AP",https://www.huffpost.com/entry/trial-expected-to-begin-for-ex-trump-adviser-steve-bannon_n_62d51ff6e4b0116f21bdb3ab,Jury Selection Begins In Trial Of Ex-Trump Adviser Steve Bannon. Bannon is charged in Washington’s federal court with defying a subpoena from the Jan. 6 committee that sought his records and testimony.
news-2022-0363,7/18/22,2022,Republican Senate Candidate Charged With Making False Child Trafficking Allegations,"Ryan Dark White, a U.S. Senate candidate in Maryland running as Jon McGreevey, concocted the story for ""his own political agenda,"" the sheriff said.",Marita Vlachou,https://www.huffpost.com/entry/republican-senate-candidate-maryland-false-child-trafficking_n_62d55189e4b0f69130322be3,"Republican Senate Candidate Charged With Making False Child Trafficking Allegations. Ryan Dark White, a U.S. Senate candidate in Maryland running as Jon McGreevey, concocted the story for ""his own political agenda,"" the sheriff said."
news-2022-0364,7/18/22,2022,Republicans Begin To Sour On Aid To Ukraine,"Initially a bipartisan priority, helping Ukraine stop Russia is becoming a harder sell for Republicans.",Jonathan Nicholson,https://www.huffpost.com/entry/gop-ukraine-aid_n_62d5cc17e4b0f69130331d50,"Republicans Begin To Sour On Aid To Ukraine. Initially a bipartisan priority, helping Ukraine stop Russia is becoming a harder sell for Republicans."
news-2022-0365,7/17/22,2022,Gunman Opens Fire Inside Comedy Club Moments Before Craig Robinson Set,"The gunman entered the North Carolina venue brandishing a firearm before opening fire, Charlotte police said. Robinson said he was in a greenroom when told to flee.",Nina Golgowski,https://www.huffpost.com/entry/shooting-craig-robinson-comedy-show-charlotte-north-carolina_n_62d405afe4b0f6913030e55c,"Gunman Opens Fire Inside Comedy Club Moments Before Craig Robinson Set. The gunman entered the North Carolina venue brandishing a firearm before opening fire, Charlotte police said. Robinson said he was in a greenroom when told to flee."
news-2022-0366,7/17/22,2022,"Jak Knight, Stand-Up Comedian And 'Big Mouth' Writer And Actor, Dies At 28","The comedian, who recently co-created and starred in Peacock's ""Bust Down,"" died on Thursday.",Cole Delbyck,https://www.huffpost.com/entry/jak-knight-comedian-big-mouth-writer-actor-dies_n_62d43aade4b0f6913031025c,"Jak Knight, Stand-Up Comedian And 'Big Mouth' Writer And Actor, Dies At 28. The comedian, who recently co-created and starred in Peacock's ""Bust Down,"" died on Thursday."
news-2022-0367,7/17/22,2022,Ohio Girl's Abortion Doctor Once Targeted In Vicious Kidnapping Threat: Report,Dr. Caitlin Bernard is also currently listed on the website of a militant anti-abortion group with ties to Supreme Court Justice Amy Coney Barrett.,Mary Papenfuss,https://www.huffpost.com/entry/caitlin-bernard-amy-coney-barrett-kidnapping-abortion-threat-organization_n_62d33382e4b0116f21bc80c4,Ohio Girl's Abortion Doctor Once Targeted In Vicious Kidnapping Threat: Report. Dr. Caitlin Bernard is also currently listed on the website of a militant anti-abortion group with ties to Supreme Court Justice Amy Coney Barrett.
news-2022-0368,7/17/22,2022,School Board Member Says Black Principal's Activism 'Got Him Fired' From School,"A letter about racism by James Whitfield, the first Black principal at a mostly white Texas high school, led to him being placed on leave.",Ben Blanchet,https://www.huffpost.com/entry/school-board-black-principal-texas-activism_n_62d3be34e4b0e6fc1a97dfeb,"School Board Member Says Black Principal's Activism 'Got Him Fired' From School. A letter about racism by James Whitfield, the first Black principal at a mostly white Texas high school, led to him being placed on leave."
news-2022-0369,7/17/22,2022,Senator Ted Cruz Says Supreme Court Was Wrong In Same-Sex Marriage Ruling,"The Republican said the 2015 Obergefell v. Hodges ruling, which legalized same-sex marriage across the country, ""was clearly wrong"" and ""overreaching.”",Nina Golgowski,https://www.huffpost.com/entry/ted-cruz-obergefell-decision-wrong-roe-wade_n_62d42765e4b0116f21bcf44c,"Senator Ted Cruz Says Supreme Court Was Wrong In Same-Sex Marriage Ruling. The Republican said the 2015 Obergefell v. Hodges ruling, which legalized same-sex marriage across the country, ""was clearly wrong"" and ""overreaching.”"
news-2022-0370,7/17/22,2022,Trump-Supporting GOP Congressman Faces Election Fraud Accusations,"Rep. Lee Zeldin (R-N.Y.), who is running for governor in the fall, is accused of submitting photocopied signatures to get a line on the ballot.",Ben Blanchet,https://www.huffpost.com/entry/lee-zeldin-election-fraud-accusations_n_62d3a3dce4b0ed8ba4901eb9,"Trump-Supporting GOP Congressman Faces Election Fraud Accusations. Rep. Lee Zeldin (R-N.Y.), who is running for governor in the fall, is accused of submitting photocopied signatures to get a line on the ballot."
news-2022-0371,7/16/22,2022,Celebrate Barbra Streisand's Milestone Year With This Epic Musical Tribute,"Don't rain on Steven Brinberg's parade! The performer will take the stage July for his acclaimed concert, ""Simply Barbra,"" in New York.",Curtis M. Wong,https://www.huffpost.com/entry/simply-barbra-streisand-steven-brinberg-concert_n_62cee123e4b007c97c85e916,"Celebrate Barbra Streisand's Milestone Year With This Epic Musical Tribute. Don't rain on Steven Brinberg's parade! The performer will take the stage July for his acclaimed concert, ""Simply Barbra,"" in New York."
news-2022-0372,7/16/22,2022,"Charles Barkley: 'If You're Gay Or Transgender, I Love You!'","""If anybody gives you s**t, you tell 'em Charles said f**k you!'""",Hilary Hanson,https://www.huffpost.com/entry/charles-barkley-gay-transgender-speech_n_62d2fbe5e4b0f69130306cf2,"Charles Barkley: 'If You're Gay Or Transgender, I Love You!'. ""If anybody gives you s**t, you tell 'em Charles said f**k you!'"""
news-2022-0373,7/16/22,2022,Florida Official Tells Highway Trooper He Runs The County During Traffic Stop,Flagler County Commission Chairman Joe Mullins was pulled over twice for speeding last month.,Ben Blanchet,https://www.huffpost.com/entry/florida-official-run-county-traffic-stop_n_62d26895e4b0e6fc1a974521,Florida Official Tells Highway Trooper He Runs The County During Traffic Stop. Flagler County Commission Chairman Joe Mullins was pulled over twice for speeding last month.
news-2022-0374,7/16/22,2022,Woman Allegedly Posed As Nurse In Attempt To Steal Newborn Baby,"Jesenea Miron, 23, is accused of posing as a newly hired nurse and attempted to kidnap a newborn baby.",Sebastian Murdock,https://www.huffpost.com/entry/woman-allegedly-posed-as-nurse-to-steal-baby_n_62d32264e4b0e6fc1a97a435,"Woman Allegedly Posed As Nurse In Attempt To Steal Newborn Baby. Jesenea Miron, 23, is accused of posing as a newly hired nurse and attempted to kidnap a newborn baby."
news-2022-0375,7/15/22,2022,'Oh No': Dave Coulier Recalls Hearing Alanis Morissette's 'You Oughta Know' For First Time,"The ""Full House"" star revealed one big clue that the musician was singing about him on her ""Jagged Little Pill"" album.",Hilary Hanson,https://www.huffpost.com/entry/dave-coulier-you-oughta-know-alanis-morissette_n_62d17eb5e4b04aa0fe672fe9,"'Oh No': Dave Coulier Recalls Hearing Alanis Morissette's 'You Oughta Know' For First Time. The ""Full House"" star revealed one big clue that the musician was singing about him on her ""Jagged Little Pill"" album."
news-2022-0376,7/15/22,2022,GOP No Longer Cares About The Deficit If It Means Women Having More Babies,"More than 4 in 10 U.S. births are paid for by Medicaid, the state-federal health insurance program for the poor — and fewer abortions will mean more births.",Jonathan Nicholson,https://www.huffpost.com/entry/medicaid-dobbs_n_62d093d4e4b0be7955b1a16a,"GOP No Longer Cares About The Deficit If It Means Women Having More Babies. More than 4 in 10 U.S. births are paid for by Medicaid, the state-federal health insurance program for the poor — and fewer abortions will mean more births."
news-2022-0377,7/15/22,2022,John Fetterman Recruits Snooki To Take Some 'Jersey Shore' Shots At Dr. Oz,The Democratic Pennsylvania Senate nominee found a clever way to mock his GOP rival's New Jersey roots.,Ben Blanchet,https://www.huffpost.com/entry/snooki-dr-oz-new-jersey-video_n_62d0fd09e4b02d3ecf31f242,John Fetterman Recruits Snooki To Take Some 'Jersey Shore' Shots At Dr. Oz. The Democratic Pennsylvania Senate nominee found a clever way to mock his GOP rival's New Jersey roots.
news-2022-0378,7/15/22,2022,Rep. Marjorie Taylor Greene Says Rep. Alexandria Ocasio-Cortez Should Thank Her Sexual Harasser,"Greene featured the harasser on her podcast and called his lewd shouts ""quite the compliment.""",Ed Mazza,https://www.huffpost.com/entry/ocasio-cortez-taylor-greene-harassment_n_62d113bbe4b04aa0fe660bab,"Rep. Marjorie Taylor Greene Says Rep. Alexandria Ocasio-Cortez Should Thank Her Sexual Harasser. Greene featured the harasser on her podcast and called his lewd shouts ""quite the compliment."""
news-2022-0379,7/15/22,2022,Watchdog Says Secret Service Deleted Jan. 6 Text Messages,The erasure of the messages is sure to raise new questions for the House panel investigating the Jan. 6 attack.,"FARNOUSH AMIRI, AP",https://www.huffpost.com/entry/secret-service-deleted-text-messages-capitol-riot-investigation_n_62d0c289e4b04aa0fe659edf,Watchdog Says Secret Service Deleted Jan. 6 Text Messages. The erasure of the messages is sure to raise new questions for the House panel investigating the Jan. 6 attack.
news-2022-0380,7/14/22,2022,'Kimmel' Host Anthony Anderson Turns One Of Trump's Favorite Words Against Him,Turns out the former president has used this one a lot.,Ed Mazza,https://www.huffpost.com/entry/anthony-anderson-trump-beg_n_62cf9817e4b02074ac92188d,'Kimmel' Host Anthony Anderson Turns One Of Trump's Favorite Words Against Him. Turns out the former president has used this one a lot.
news-2022-0381,7/14/22,2022,Texas Sues Biden Administration For Right To Deny Life-Saving Abortions,"The White House called it ""unthinkable"" that Texas' attorney general ""would sue to block women from receiving life-saving care in emergency rooms.""",Lydia O'Connor,https://www.huffpost.com/entry/texas-lawsuit-emergency-abortions_n_62d06c51e4b007c97c8862fd,"Texas Sues Biden Administration For Right To Deny Life-Saving Abortions. The White House called it ""unthinkable"" that Texas' attorney general ""would sue to block women from receiving life-saving care in emergency rooms."""
news-2022-0382,7/14/22,2022,Trump Tried To Call White House Support Staffer Who Was Talking To Jan. 6 Panel: Report,CNN first reported the former president called the person shortly after Cassidy Hutchinson's bombshell testimony last month.,Nick Visser,https://www.huffpost.com/entry/trump-called-white-house-support-staff-jan-6-panel_n_62cf76dfe4b094232783edca,Trump Tried To Call White House Support Staffer Who Was Talking To Jan. 6 Panel: Report. CNN first reported the former president called the person shortly after Cassidy Hutchinson's bombshell testimony last month.
news-2022-0383,7/14/22,2022,Uber Sued By Women Alleging Sexual Assault By Drivers,The ride-hailing company is accused of knowing about the incidents since at least 2014 but failing to take adequate safety actions.,Nina Golgowski,https://www.huffpost.com/entry/uber-lawsuit-passengers-sexual-assaulted_n_62d01df1e4b0eef119c31dd3,Uber Sued By Women Alleging Sexual Assault By Drivers. The ride-hailing company is accused of knowing about the incidents since at least 2014 but failing to take adequate safety actions.
news-2022-0384,7/13/22,2022,Ancient Tomb Linked By Legend To King Arthur To Be Excavated For First Time,Experts already believe the site served as more than just a tomb.,Ed Mazza,https://www.huffpost.com/entry/arthurs-stone-excavation_n_62cd0843e4b02e0ac9186325,Ancient Tomb Linked By Legend To King Arthur To Be Excavated For First Time. Experts already believe the site served as more than just a tomb.
news-2022-0385,7/13/22,2022,Biden Admin: Pharmacists Cannot Refuse Prescriptions Similar To Medication Abortion,"Since the fall of Roe, some pharmacies have refused to fill certain prescriptions that are the same as or similar to the drugs used in medication abortion.",Alanna Vagianos,https://www.huffpost.com/entry/biden-admin-pharmacists-cannot-refuse-prescriptions-similar-to-medication-abortion_n_62cefd0de4b0e6251b381293,"Biden Admin: Pharmacists Cannot Refuse Prescriptions Similar To Medication Abortion. Since the fall of Roe, some pharmacies have refused to fill certain prescriptions that are the same as or similar to the drugs used in medication abortion."
news-2022-0386,7/13/22,2022,"FBI Arrests Baltimore Police Officer For Allegedly Selling Ghost Gun, Drugs","Steven Umberto Angelini, a 16-year veteran of the force, gave a man oxycodone and a gun in exchange for cocaine and cash, according to an affidavit.",Phillip Jackson,https://www.huffpost.com/entry/ghost-gun-baltimore-cop-narcotics-fbi-arrest_n_62cf4e51e4b007c97c86776e,"FBI Arrests Baltimore Police Officer For Allegedly Selling Ghost Gun, Drugs. Steven Umberto Angelini, a 16-year veteran of the force, gave a man oxycodone and a gun in exchange for cocaine and cash, according to an affidavit."
news-2022-0387,7/13/22,2022,Punk Band Responds After Former Oath Keeper Wears Its Shirt At Jan. 6 Hearing,"The shirt featured ""Milo,"" a cartoon on a number of album covers for the influential punk rock band The Descendents.",Ben Blanchet,https://www.huffpost.com/entry/punk-band-responds-oath-keeper-shirt_n_62ce22e1e4b0aa392d4598dd,"Punk Band Responds After Former Oath Keeper Wears Its Shirt At Jan. 6 Hearing. The shirt featured ""Milo,"" a cartoon on a number of album covers for the influential punk rock band The Descendents."
news-2022-0388,7/12/22,2022,American Tourist Miraculously Survives Fall Into Mount Vesuvius,Philip Carroll was taking a precarious selfie when he dropped his phone and fell into the volcano crater trying to retrieve it.,Marco Margaritoff,https://www.huffpost.com/entry/mount-vesuvius-selfie_n_62cd8ba0e4b0359fa4816515,American Tourist Miraculously Survives Fall Into Mount Vesuvius. Philip Carroll was taking a precarious selfie when he dropped his phone and fell into the volcano crater trying to retrieve it.
news-2022-0389,7/12/22,2022,Ex-Trump Adviser Peter Navarro Accuses Mike Pence Of Treason In Bonkers Rant,"The former trade adviser also accused Trump's vice president of ""traitorous activity.""",Ed Mazza,https://www.huffpost.com/entry/peter-navarro-mike-pence-treason_n_62cce1e7e4b02e0ac91844f8,"Ex-Trump Adviser Peter Navarro Accuses Mike Pence Of Treason In Bonkers Rant. The former trade adviser also accused Trump's vice president of ""traitorous activity."""
news-2022-0390,7/12/22,2022,NASA Releases More Images From Powerful Webb Space Telescope,Stars are born and stars die in a cosmic dance revealed in stunning images by the James Webb Space Telescope.,Liza Hearon,https://www.huffpost.com/entry/nasa-james-webb-space-telescope-images_n_62cd82d7e4b0aa392d449dbd,NASA Releases More Images From Powerful Webb Space Telescope. Stars are born and stars die in a cosmic dance revealed in stunning images by the James Webb Space Telescope.
news-2022-0391,7/12/22,2022,The Snubs And Surprises Of The 2022 Emmy Nominations,"From a huge showing for ""Abbott Elementary"" to the complete shut-out of ""Pachinko,"" HuffPost breaks down this year's Emmy nominations.","Marina Fang, Elyse Wanshel, Erin E. Evans, and Candice Frederick",https://www.huffpost.com/entry/emmy-nominations-2022-snubs-surprises_n_62cdb4d9e4b02e0ac91a6cce,"The Snubs And Surprises Of The 2022 Emmy Nominations. From a huge showing for ""Abbott Elementary"" to the complete shut-out of ""Pachinko,"" HuffPost breaks down this year's Emmy nominations."
news-2022-0392,7/12/22,2022,‘Galaxy Gazing Is The New Stargazing’: Cosmologists Awed By First Webb Image,"""It's going to be fun, this telescope.""",Nick Visser,https://www.huffpost.com/entry/james-webb-space-telescope-first-image_n_62ccdce8e4b06e3d9bb97540,"‘Galaxy Gazing Is The New Stargazing’: Cosmologists Awed By First Webb Image. ""It's going to be fun, this telescope."""
news-2022-0393,7/11/22,2022,Eddie Munson Of 'Stranger Things' Finally Gets Some Justice In Ultimate Tribute,The fan-favorite character just got high honors from some actual metal gods.,Ed Mazza,https://www.huffpost.com/entry/metallica-eddie-munson-video_n_62cb8cbde4b06e3d9bb6f672,Eddie Munson Of 'Stranger Things' Finally Gets Some Justice In Ultimate Tribute. The fan-favorite character just got high honors from some actual metal gods.
news-2022-0394,7/11/22,2022,Mehmet Oz Mocked By Senate Foe John Fetterman With Sassy Plane Banner,"""Aerial trolling!!!!"" goofs Pennsylvania Lt. Gov. Fetterman, who underscores confusion about where Trump-endorsed Oz actually resides.",Mary Papenfuss,https://www.huffpost.com/entry/john-fetterman-memet-oz-trump-airplane-banner-nj-home_n_62cba01ee4b02e0ac915d57a,"Mehmet Oz Mocked By Senate Foe John Fetterman With Sassy Plane Banner. ""Aerial trolling!!!!"" goofs Pennsylvania Lt. Gov. Fetterman, who underscores confusion about where Trump-endorsed Oz actually resides."
news-2022-0395,7/11/22,2022,Orange Wine: Everything You Need To Know And Probably Didn't,"No, it's not made from oranges.",Beth Krietsch,https://www.huffpost.com/entry/orange-wine_l_62bf26ace4b014f50a31afec,"Orange Wine: Everything You Need To Know And Probably Didn't. No, it's not made from oranges."
news-2022-0396,7/11/22,2022,Prince George Shows Off A Wide Variety Of Expressions At Wimbledon Debut,"The future heir to the throne watched Sunday's match from the Royal Box with his parents, Prince William and Kate Middleton.",Carly Ledbetter,https://www.huffpost.com/entry/prince-george-wimbledon-debut_n_62c8830ee4b02e0ac913f3b7,"Prince George Shows Off A Wide Variety Of Expressions At Wimbledon Debut. The future heir to the throne watched Sunday's match from the Royal Box with his parents, Prince William and Kate Middleton."
news-2022-0397,7/11/22,2022,The Most Popular Movies On Netflix Right Now Besides 'Girl In The Picture',A new animated film and action comedy are also trending on the streaming service.,Caroline Bologna,https://www.huffpost.com/entry/girl-in-the-picture-popular-netflix-movies_l_62cc4232e4b06e3d9bb8ae44,The Most Popular Movies On Netflix Right Now Besides 'Girl In The Picture'. A new animated film and action comedy are also trending on the streaming service.
news-2022-0398,7/11/22,2022,‘Stranger Things’ Fans Who Call The Surfer Boy Pizza Number Will Get Gnarly Surprise,People who call the number featured on the side of Argyle’s truck are getting something way sweeter than a pineapple pizza topping.,Elyse Wanshel,https://www.huffpost.com/entry/stranger-things-surfer-boy-pizza-number-surprise_n_62cc65dae4b02e0ac917b846,‘Stranger Things’ Fans Who Call The Surfer Boy Pizza Number Will Get Gnarly Surprise. People who call the number featured on the side of Argyle’s truck are getting something way sweeter than a pineapple pizza topping.
news-2022-0399,7/10/22,2022,At Least 15 Killed In South Africa Bar Shooting,Police say they are investigating reports that a group of men arrived in a minibus taxi and opened fire on some of the patrons at the bar shortly after midnight Sunday.,"Mogomotsi Magome, AP",https://www.huffpost.com/entry/south-africa-bar-shooting-soweto_n_62ca8df7e4b04516846385a5,At Least 15 Killed In South Africa Bar Shooting. Police say they are investigating reports that a group of men arrived in a minibus taxi and opened fire on some of the patrons at the bar shortly after midnight Sunday.
news-2022-0400,7/10/22,2022,Novak Djokovic Beats Nick Kyrgios For 7th Wimbledon Title,Djokovic extended his unbeaten run at the grass-court Grand Slam tournament to 28 matches and raised his career haul to 21 major trophies.,"Howard Fendrich, AP",https://www.huffpost.com/entry/novak-djokovic-wimbledon-title_n_62cb000be4b02e0ac9158adf,Novak Djokovic Beats Nick Kyrgios For 7th Wimbledon Title. Djokovic extended his unbeaten run at the grass-court Grand Slam tournament to 28 matches and raised his career haul to 21 major trophies.
news-2022-0401,7/10/22,2022,"Steve Bannon Will Testify Before Jan. 6 Committee, Says Rep. Zoe Lofgren",The ex-White House strategist had refused to appear for a deposition and was charged with criminal contempt. Trump has reportedly now given him a green light.,Nina Golgowski,https://www.huffpost.com/entry/steve-bannon-to-testify-jan-6-committee_n_62cae20fe4b0d7401984dc32,"Steve Bannon Will Testify Before Jan. 6 Committee, Says Rep. Zoe Lofgren. The ex-White House strategist had refused to appear for a deposition and was charged with criminal contempt. Trump has reportedly now given him a green light."
news-2022-0402,7/10/22,2022,The Resurgence of American Girl Doll-Core,The women behind viral American Girl-themed meme pages say the dolls have become a rallying cry for the series of unfortunate historical events we’ve been living through.,Ruth Etiesit Samuel,https://www.huffpost.com/entry/resurgence-american-girl-doll-core_n_62c50476e4b0aa392d37abcd,The Resurgence of American Girl Doll-Core. The women behind viral American Girl-themed meme pages say the dolls have become a rallying cry for the series of unfortunate historical events we’ve been living through.
news-2022-0403,7/9/22,2022,How A Crowded GOP Field Could Bolster A Trump 2024 Campaign,"As Donald Trump considers another White House run, polls show he's the most popular figure in the Republican Party.","Jill Colvin, AP",https://www.huffpost.com/entry/election-2024-trump-desantis_n_62c96edee4b0aa392d3f52aa,"How A Crowded GOP Field Could Bolster A Trump 2024 Campaign. As Donald Trump considers another White House run, polls show he's the most popular figure in the Republican Party."
news-2022-0404,7/9/22,2022,Police Swarm Steve Bannon's D.C. Home In Frightening 'Swatting' Attack: Report,"Officials determined that Bannon's row house was targeted in a fake call to police about a man with a gun, meant to trigger a shocking law enforcement response.",Mary Papenfuss,https://www.huffpost.com/entry/steve-bannon-swatting-attack-indictment-trump_n_62c8cd5be4b06e3d9bb5546f,"Police Swarm Steve Bannon's D.C. Home In Frightening 'Swatting' Attack: Report. Officials determined that Bannon's row house was targeted in a fake call to police about a man with a gun, meant to trigger a shocking law enforcement response."
news-2022-0405,7/9/22,2022,Political Violence Is The New American Normal,"Hours after Roe's demise, a truck driver rammed a group of women protesting in Iowa and highlighted an urgent national crisis: Violence is now a feature of American civic life.",Andy Campbell,https://www.huffpost.com/entry/political-violence-the-new-american-normal_n_62c07c37e4b0ffe00a1260a6,"Political Violence Is The New American Normal. Hours after Roe's demise, a truck driver rammed a group of women protesting in Iowa and highlighted an urgent national crisis: Violence is now a feature of American civic life."
news-2022-0406,7/9/22,2022,"Sri Lanka President, Prime Minister To Resign Amid Civil Unrest",President Gotabaya Rajapaksa has agreed to resign as of Wednesday.,"Krishan Francis, AP",https://www.huffpost.com/entry/prime-minister-ranil-wickremesinghe-sri-lanka-quit_n_62c98ef3e4b02e0ac914b425,"Sri Lanka President, Prime Minister To Resign Amid Civil Unrest. President Gotabaya Rajapaksa has agreed to resign as of Wednesday."
news-2022-0407,7/9/22,2022,Trump Now Claims He Won Wisconsin Since State Court Has Restricted Ballot Drop Boxes,"“This means I won the very closely contested (not actually) Wisconsin presidential race,"" the former president insisted on Truth Social.",Mary Papenfuss,https://www.huffpost.com/entry/trump-says-won-in-wisconsin-absentee-ballot-drop-boxes_n_62c8b035e4b0d74019838932,"Trump Now Claims He Won Wisconsin Since State Court Has Restricted Ballot Drop Boxes. “This means I won the very closely contested (not actually) Wisconsin presidential race,"" the former president insisted on Truth Social."
news-2022-0408,7/8/22,2022,"How To Make A Dirty Shirley, The Unofficial Drink Of Summer","The classic “kiddie cocktail” has a new lease on life with fresher, upscale ingredients — and a shot of booze.",Julie Kendrick,https://www.huffpost.com/entry/how-to-make-a-dirty-shirley_l_62bb173be4b080fb670ab73f,"How To Make A Dirty Shirley, The Unofficial Drink Of Summer. The classic “kiddie cocktail” has a new lease on life with fresher, upscale ingredients — and a shot of booze."
news-2022-0409,7/8/22,2022,NY Gun Applicants Will Soon Have Social Media Accounts Screened,New York state is rolling out a novel strategy to screen applicants for gun permits.,"Marina Villenueve and Maysoon Khan, AP",https://www.huffpost.com/entry/gun-control-social-media_n_62c81c21e4b0d74019828968,NY Gun Applicants Will Soon Have Social Media Accounts Screened. New York state is rolling out a novel strategy to screen applicants for gun permits.
news-2022-0410,7/8/22,2022,Noah Schnapp Reveals Doja Cat's Been Thirsting After His 'Stranger Things' Co-Star,"Schnapp advised the singer to ""slide into his DMs.""",Josephine Harvey,https://www.huffpost.com/entry/doja-cat-stranger-things-joseph-quinn_n_62c76acce4b0359fa4793d19,"Noah Schnapp Reveals Doja Cat's Been Thirsting After His 'Stranger Things' Co-Star. Schnapp advised the singer to ""slide into his DMs."""
news-2022-0411,7/8/22,2022,The Problem With The AAP's New Breastfeeding Guidelines,"The American Academy Of Pediatrics is calling for support for breastfeeding for two years or more. Some are applauding the change, but many moms feel defeated and dismayed.",Kelsey Borresen,https://www.huffpost.com/entry/aap-new-breastfeeding-guidelines-two-years_l_62c5f760e4b06e3d9bb064dd,"The Problem With The AAP's New Breastfeeding Guidelines. The American Academy Of Pediatrics is calling for support for breastfeeding for two years or more. Some are applauding the change, but many moms feel defeated and dismayed."
news-2022-0412,7/8/22,2022,Why You Feel Hungover After An Anxiety Or Panic Attack,This physical component of the mental health issue doesn't get enough attention. Here's why it happens and how to deal.,Julia Ries,https://www.huffpost.com/entry/anxiety-panic-attack-hungover_l_62bde9d7e4b00a9334e5ac5e,Why You Feel Hungover After An Anxiety Or Panic Attack. This physical component of the mental health issue doesn't get enough attention. Here's why it happens and how to deal.
news-2022-0413,7/7/22,2022,'The Godfather' Star James Caan Dead At 82,"The actor was best known for his role as Sonny Corleone in ""The Godfather.""",Mollie Reilly,https://www.huffpost.com/entry/james-caan-dead-the-godfather_n_62c71309e4b0aa392d3c3a1b,"'The Godfather' Star James Caan Dead At 82. The actor was best known for his role as Sonny Corleone in ""The Godfather."""
news-2022-0414,7/7/22,2022,Elon Musk Reportedly Had Twins Last Year With One Of His Company Execs,"It brings his total of known children to nine: triplets, two sets of twins and his two kids with musician Grimes.",Josephine Harvey,https://www.huffpost.com/entry/elon-musk-twins-shivon-zilis_n_62c62ad5e4b0aa392d3a2145,"Elon Musk Reportedly Had Twins Last Year With One Of His Company Execs. It brings his total of known children to nine: triplets, two sets of twins and his two kids with musician Grimes."
news-2022-0415,7/7/22,2022,Is It Safe To Swim Right After Eating? Experts Have (Mostly) Good News.,"We've all been told to wait 30 minutes after eating before jumping in the pool. Let's dig into this, once and for all.",Taylor Tobin,https://www.huffpost.com/entry/is-it-safe-to-swim-after-eating_l_62bf2110e4b065b10ad43bcd,"Is It Safe To Swim Right After Eating? Experts Have (Mostly) Good News.. We've all been told to wait 30 minutes after eating before jumping in the pool. Let's dig into this, once and for all."
news-2022-0416,7/7/22,2022,"James Caan's Death Inspires Tribute Tweets From Friends, Admirers",Former co-stars like Barbra Streisand and Billy Dee Williams offered their condolences to the actor's family.,David Moye,https://www.huffpost.com/entry/james-caan-death-twitter-tributes_n_62c729f0e4b0aa392d3c593d,"James Caan's Death Inspires Tribute Tweets From Friends, Admirers. Former co-stars like Barbra Streisand and Billy Dee Williams offered their condolences to the actor's family."
news-2022-0417,7/7/22,2022,No One Gored In First Pamplona Running Of The Bulls In 3 Years,"Animal rights activists have campaigned against the slaughter of the animals, but bullfights are still a part of the San Fermín festival.","Irene Yagüe and Joseph Wilson, AP",https://www.huffpost.com/entry/first-pamplona-running-of-the-bulls-in-3-years_n_62c6efc6e4b06e3d9bb25067,"No One Gored In First Pamplona Running Of The Bulls In 3 Years. Animal rights activists have campaigned against the slaughter of the animals, but bullfights are still a part of the San Fermín festival."
news-2022-0418,7/7/22,2022,"Ohio Tornado Displaces Hundreds Of Families, Leaves Thousands Without Power","The tornado wrought winds of up to 135 mph. Police and fire departments, as well as schools and hundreds of homes were damaged.",Marco Margaritoff,https://www.huffpost.com/entry/ohio-tornado_n_62c6eee7e4b04516845f8900,"Ohio Tornado Displaces Hundreds Of Families, Leaves Thousands Without Power. The tornado wrought winds of up to 135 mph. Police and fire departments, as well as schools and hundreds of homes were damaged."
news-2022-0419,7/6/22,2022,"Bradford Freeman, Last Survivor Of Famed 'Band Of Brothers' Army Unit, Dead At 97","Freeman parachuted into Normandy on D-Day, fought in Operation Market-Garden and was wounded in the Battle of the Bulge during World War II.",,https://www.huffpost.com/entry/bradford-freeman-band-of-brothers-dead_n_62c53ee8e4b06e3d9bae83c9,"Bradford Freeman, Last Survivor Of Famed 'Band Of Brothers' Army Unit, Dead At 97. Freeman parachuted into Normandy on D-Day, fought in Operation Market-Garden and was wounded in the Battle of the Bulge during World War II."
news-2022-0420,7/6/22,2022,Britney Spears Shares Sun-Soaked Honeymoon Updates With Fans,"The pop star gushed on Instagram about her tropical getaway with Sam Asghari, ""jumping from island to island"" and enjoying her conservatorship-free life.",Marco Margaritoff,https://www.huffpost.com/entry/britney-spears-honeymoon-updates_n_62c5a6f0e4b04516845cf5a2,"Britney Spears Shares Sun-Soaked Honeymoon Updates With Fans. The pop star gushed on Instagram about her tropical getaway with Sam Asghari, ""jumping from island to island"" and enjoying her conservatorship-free life."
news-2022-0421,7/6/22,2022,John Oliver Reveals Super-Freaky Nightmare Turning Up At The Beach This Summer,This is like stepping onto the sand and into a nightmare.,Ed Mazza,https://www.huffpost.com/entry/john-oliver-beach-dolls_n_62c52f3fe4b0aa392d37e2b6,John Oliver Reveals Super-Freaky Nightmare Turning Up At The Beach This Summer. This is like stepping onto the sand and into a nightmare.
news-2022-0422,7/6/22,2022,Rock Legend Carlos Santana Collapses On Stage,Audience members at the Detroit-area theater were asked to pray for the Rock and Roll Hall of Famer.,Ed Mazza,https://www.huffpost.com/entry/carlos-santana-collapse-michigan_n_62c4f0d4e4b04516845b4117,Rock Legend Carlos Santana Collapses On Stage. Audience members at the Detroit-area theater were asked to pray for the Rock and Roll Hall of Famer.
news-2022-0423,7/6/22,2022,Tucker Carlson Points Finger At Women And Weed For Latest Mass Shooting,The Fox News host responded to the Highland Park shooting with a bizarre set of reasons why it isn't about guns.,Ben Blanchet,https://www.huffpost.com/entry/tucker-carlson-women-weed-highland-park-shooting_n_62c50239e4b06e3d9bae1a77,Tucker Carlson Points Finger At Women And Weed For Latest Mass Shooting. The Fox News host responded to the Highland Park shooting with a bizarre set of reasons why it isn't about guns.
news-2022-0424,7/5/22,2022,Jello Skin: The Latest TikTok Skin Care Trend And How To Achieve It,"Jell-O is bouncy, jiggly and always snaps back after the slightest movement. According to the latest TikTok trend, your skin should be the same way.",Rebecca Rovenstine,https://www.huffpost.com/entry/jello-skin-tiktok_l_62b5bc22e4b04a6173695b03,"Jello Skin: The Latest TikTok Skin Care Trend And How To Achieve It. Jell-O is bouncy, jiggly and always snaps back after the slightest movement. According to the latest TikTok trend, your skin should be the same way."
news-2022-0425,7/5/22,2022,Patrick Lyoya’s Death Casts A Light On How Police Mishandle Traffic Stops,Police reform advocates say the case shows why cops should stop pulling people over for minor infractions.,Phillip Jackson,https://www.huffpost.com/entry/christopher-schurr-patrick-lyoya-traffic-stops-shooting_n_62c46ad3e4b0a21d842c5c75,Patrick Lyoya’s Death Casts A Light On How Police Mishandle Traffic Stops. Police reform advocates say the case shows why cops should stop pulling people over for minor infractions.
news-2022-0426,7/5/22,2022,Rep. Lauren Boebert's Terrible Take On Denmark Shooting Slammed As 'Deadly' Stupid,The U.S. has had more mass shootings in the past weekend than Denmark has had in a decade.,Josephine Harvey,https://www.huffpost.com/entry/lauren-boebert-denmark-shooting_n_62c3ba15e4b065b10ad87837,Rep. Lauren Boebert's Terrible Take On Denmark Shooting Slammed As 'Deadly' Stupid. The U.S. has had more mass shootings in the past weekend than Denmark has had in a decade.
news-2022-0427,7/4/22,2022,Abortion Clinic Staff Grapple With Trauma Following The End Of Roe v. Wade,"Nationwide, workers at clinics that shuttered abortion services are feeling fear and stress following the Supreme Court's decision to overturn Roe v. Wade.","Leah Willingham, AP",https://www.huffpost.com/entry/abortion-clinic-west-virginia_n_62c284a0e4b0f6125728f1ad,"Abortion Clinic Staff Grapple With Trauma Following The End Of Roe v. Wade. Nationwide, workers at clinics that shuttered abortion services are feeling fear and stress following the Supreme Court's decision to overturn Roe v. Wade."
news-2022-0428,7/4/22,2022,Adele Defends Decision To Postpone Las Vegas Residency Despite 'Brutal' Backlash,"“I thought I could pull it together and make it work and I couldn’t, and I stand by that decision,” Adele told BBC Radio 4.",Marita Vlachou,https://www.huffpost.com/entry/adele-interview-las-vegas-residency_n_62c2ed4ee4b0f612572a149e,"Adele Defends Decision To Postpone Las Vegas Residency Despite 'Brutal' Backlash. “I thought I could pull it together and make it work and I couldn’t, and I stand by that decision,” Adele told BBC Radio 4."
news-2022-0429,7/4/22,2022,"Pope Francis Condemns Abortions Again, Compares Them To 'Hiring A Hit Man'",This isn’t the first time the Bishop of Rome has compared the medical procedure to employing a professional assassin.,Jazmin Tolliver,https://www.huffpost.com/entry/pope-francis-condemns-abortions-hit-man_n_62c312d7e4b014f50a355cff,"Pope Francis Condemns Abortions Again, Compares Them To 'Hiring A Hit Man'. This isn’t the first time the Bishop of Rome has compared the medical procedure to employing a professional assassin."
news-2022-0430,7/3/22,2022,Alleged Stalker Reportedly Threatened Taylor Swift At Her Building,"The man, who allegedly entered two buildings linked to Swift, is accused of trespassing and stalking charges.",,https://www.huffpost.com/entry/alleged-stalker-taylor-swift-home_n_62c12023e4b00a9334e907e0,"Alleged Stalker Reportedly Threatened Taylor Swift At Her Building. The man, who allegedly entered two buildings linked to Swift, is accused of trespassing and stalking charges."
news-2022-0431,7/3/22,2022,"Crosby, Stills & Nash's Music Returns To Spotify After Joe Rogan Protest",The band members asked that Spotify remove their music in February following Neil Young's protest of podcaster Joe Rogan.,Ben Blanchet,https://www.huffpost.com/entry/crosby-stills-nash-spotify-joe-rogan_n_62c1379ee4b0ffe00a12cb32,"Crosby, Stills & Nash's Music Returns To Spotify After Joe Rogan Protest. The band members asked that Spotify remove their music in February following Neil Young's protest of podcaster Joe Rogan."
news-2022-0432,7/3/22,2022,"Girl, 10, Reportedly Forced To Travel Out Of State For Abortion","The young rape victim was denied the procedure in her home state of Ohio, where abortion is banned after about six weeks.",Mary Papenfuss,https://www.huffpost.com/entry/pregnant-ohio-10-year-old-girl-abortion-indiana_n_62c0e06be4b065b10ad54d9f,"Girl, 10, Reportedly Forced To Travel Out Of State For Abortion. The young rape victim was denied the procedure in her home state of Ohio, where abortion is banned after about six weeks."
news-2022-0433,7/3/22,2022,"There's 'Ample Probable Cause To Charge Trump,' Says Ex-Cop Wounded In Insurrection","The rule of law should mean something, says former officer Michael Fanone, who was viciously attacked by Trump supporters at the Capitol.",Mary Papenfuss,https://www.huffpost.com/entry/michael-fanone-insurrection-beaten-ample-crime-evidence-trump-merrick-garland_n_62c10912e4b014f50a32da68,"There's 'Ample Probable Cause To Charge Trump,' Says Ex-Cop Wounded In Insurrection. The rule of law should mean something, says former officer Michael Fanone, who was viciously attacked by Trump supporters at the Capitol."
news-2022-0434,7/2/22,2022,2nd Tourist In 3 Days Gored By Bison At Yellowstone National Park,"In an earlier terrifying attack, a man intervened after a massive animal knocked down his child.",Mary Papenfuss,https://www.huffpost.com/entry/second-bison-goring-three-days-yellowstone_n_62bfb298e4b014f50a321c72,"2nd Tourist In 3 Days Gored By Bison At Yellowstone National Park. In an earlier terrifying attack, a man intervened after a massive animal knocked down his child."
news-2022-0435,7/2/22,2022,Florida Pediatrician Axed From State Board For Pro-Vaccine Comments,Dr. Lisa Gwynn's assertion that parents of children under 5 should have easy access to COVID-19 vaccines landed her in hot water.,Sara Boboltz,https://www.huffpost.com/entry/florida-pediatrician-gwynn-vaccine_n_62c0989ce4b0a21d842766ab,Florida Pediatrician Axed From State Board For Pro-Vaccine Comments. Dr. Lisa Gwynn's assertion that parents of children under 5 should have easy access to COVID-19 vaccines landed her in hot water.
news-2022-0436,7/2/22,2022,Perfectly Preserved Fast-Food Restaurant Sparks New Interest After Viral Photo,"The restaurant had opened at a Wilmington, Delaware, mall in 1987.",Ben Blanchet,https://www.huffpost.com/entry/burger-king-found-delaware-mall_n_62bfa394e4b0ffe00a11dd23,"Perfectly Preserved Fast-Food Restaurant Sparks New Interest After Viral Photo. The restaurant had opened at a Wilmington, Delaware, mall in 1987."
news-2022-0437,7/2/22,2022,"Supreme Court Shakes Nation To Core, Has No Plans To Ease Up","“This has been a revolutionary term,” said University of Texas Law Professor Tara Leigh Grove. “The court has massively changed constitutional law in really big ways,""","By Mark Sherman, AP",https://www.huffpost.com/entry/revolutionary-conservative-supreme-court-more-to-come_n_62bfceede4b065b10ad4bc61,"Supreme Court Shakes Nation To Core, Has No Plans To Ease Up. “This has been a revolutionary term,” said University of Texas Law Professor Tara Leigh Grove. “The court has massively changed constitutional law in really big ways,"""
news-2022-0438,7/2/22,2022,Uvalde School Police Chief Pete Arredondo Resigns From City Council,Arredondo's resignation follows widespread condemnation over the police's fatally botched response to the mass shooting at Robb Elementary School,,https://www.huffpost.com/entry/pete-arredondo-resigns-uvalde-city-council_n_62c087f9e4b0a21d84275dc8,Uvalde School Police Chief Pete Arredondo Resigns From City Council. Arredondo's resignation follows widespread condemnation over the police's fatally botched response to the mass shooting at Robb Elementary School
news-2022-0439,7/1/22,2022,"'Tiger King' Star Charged With Animal Trafficking, Money Laundering","Animal trainer Bhagavan ""Doc"" Antle was the focus of a Netflix documentary spin-off to ""Tiger King"" in 2021.",Ben Blanchet,https://www.huffpost.com/entry/tiger-king-animal-endangerment-charge_n_62be8ad0e4b065b10ad2a3e8,"'Tiger King' Star Charged With Animal Trafficking, Money Laundering. Animal trainer Bhagavan ""Doc"" Antle was the focus of a Netflix documentary spin-off to ""Tiger King"" in 2021."
news-2022-0440,7/1/22,2022,The Funniest Tweets From Parents This Week (June 25-July 1),"""Spend $250 on your kid playing soccer so they can tell you the only thing they enjoyed is the popsicle at the end of the game.""",Brittany Wong,https://www.huffpost.com/entry/funniest-tweets-from-parents-june-25-july-1_l_62bf4bc1e4b0f6125726e16d,"The Funniest Tweets From Parents This Week (June 25-July 1). ""Spend $250 on your kid playing soccer so they can tell you the only thing they enjoyed is the popsicle at the end of the game."""
news-2022-0441,7/1/22,2022,The Funniest Tweets From Women This Week (June 25-July 1),"""Sending friends tweets I think they might like is the same thing as those crows that leave little gifts of bottle caps and string""",Brittany Wong,https://www.huffpost.com/entry/funniest-tweets-from-women-this-week-june-4-july-1_n_62bf4f5ce4b00a9334e80462,"The Funniest Tweets From Women This Week (June 25-July 1). ""Sending friends tweets I think they might like is the same thing as those crows that leave little gifts of bottle caps and string"""
news-2022-0442,7/1/22,2022,What Is Compassion Fatigue? Here Are The Signs You're Experiencing It.,The onslaught of bad news — from the abortion rights ruling to mass shootings to COVID — can lead to a unique type of burnout.,Julia Ries,https://www.huffpost.com/entry/compassion-fatigue-signs_l_62bca565e4b065b10acfcceb,What Is Compassion Fatigue? Here Are The Signs You're Experiencing It.. The onslaught of bad news — from the abortion rights ruling to mass shootings to COVID — can lead to a unique type of burnout.
news-2022-0443,6/30/22,2022,"Gabby Petito's Family Can Sue Brian Laundrie's Parents, Judge Rules",The slain woman's parents accuse the Laundrie family of inflicting emotional distress by saying they didn't know their son had killed their daughter on a road trip.,Lydia O'Connor,https://www.huffpost.com/entry/gabby-petito-brian-laundrie-lawsuit_n_62be0af6e4b065b10ad257b0,"Gabby Petito's Family Can Sue Brian Laundrie's Parents, Judge Rules. The slain woman's parents accuse the Laundrie family of inflicting emotional distress by saying they didn't know their son had killed their daughter on a road trip."
news-2022-0444,6/30/22,2022,Supreme Court Rules Biden Properly Ended Trump's 'Remain In Mexico' Policy,President Joe Biden suspended the program on his first day in office in January 2021.,"Jessica Gresko, AP",https://www.huffpost.com/entry/supreme-court-remain-in-mexico-biden_n_62bdb229e4b0f6125723fc97,Supreme Court Rules Biden Properly Ended Trump's 'Remain In Mexico' Policy. President Joe Biden suspended the program on his first day in office in January 2021.
news-2022-0445,6/30/22,2022,"UK Royals’ Spending Up 17%, Mostly For Palace Overhaul Costs","The most expensive official royal tour in the past year was the trip taken by Prince William and his wife, Kate Middleton, to the Caribbean in March.","SYLVIA HUI, AP",https://www.huffpost.com/entry/uk-royals-spending-costs_n_62bdbc43e4b0ffe00a0ee84b,"UK Royals’ Spending Up 17%, Mostly For Palace Overhaul Costs. The most expensive official royal tour in the past year was the trip taken by Prince William and his wife, Kate Middleton, to the Caribbean in March."
news-2022-0446,6/30/22,2022,‘Kimmel’ Host Chelsea Handler Names & Shames ‘Biggest MAGA Moron Ever Elected’,The comic/actor tore into one lawmaker over a basic U.S. civics fail.,Ed Mazza,https://www.huffpost.com/entry/chelsea-handler-lauren-boebert_n_62bd0f2de4b014f50a2d8e64,‘Kimmel’ Host Chelsea Handler Names & Shames ‘Biggest MAGA Moron Ever Elected’. The comic/actor tore into one lawmaker over a basic U.S. civics fail.
news-2022-0447,6/29/22,2022,Ex-Aide Releases Melania Trump's Revealing 1-Word Text Message From Jan. 6,"This says a lot, despite being only one word.",Ed Mazza,https://www.huffpost.com/entry/melania-trump-jam-6-message_n_62bbf484e4b0adb8aa4e2b7d,"Ex-Aide Releases Melania Trump's Revealing 1-Word Text Message From Jan. 6. This says a lot, despite being only one word."
news-2022-0448,6/29/22,2022,Meghan Markle Weighs In On Supreme Court's Decision To Overturn Roe,"""The consequences impact all of us,"" Meghan said. ""My husband and I talked about that a lot over the past few days. He’s a feminist, too.""",Carly Ledbetter,https://www.huffpost.com/entry/meghan-markle-supreme-court-roe-v-wade_n_62b5c890e4b06169caa5e656,"Meghan Markle Weighs In On Supreme Court's Decision To Overturn Roe. ""The consequences impact all of us,"" Meghan said. ""My husband and I talked about that a lot over the past few days. He’s a feminist, too."""
news-2022-0449,6/29/22,2022,"Police Are Harassing Mom Who Pulled Kids From Uvalde School Shooting, Lawyer Says",Angeli Rose Gomez criticized officers for not immediately entering Robb Elementary School as a gunman killed children and teachers.,Nina Golgowski,https://www.huffpost.com/entry/angeli-rose-gomez-attorney-uvalde-police-harassment_n_62b9ce27e4b06594c1e7c72a,"Police Are Harassing Mom Who Pulled Kids From Uvalde School Shooting, Lawyer Says. Angeli Rose Gomez criticized officers for not immediately entering Robb Elementary School as a gunman killed children and teachers."
news-2022-0450,6/28/22,2022,'Menudo: Forever Young' Looks At The Exploitative Nature Of Boy Bands,"The new docuseries tells the story of the iconic pop group, and examines how the music industry helped create an obsession with male youth and talent.",Candice Frederick,https://www.huffpost.com/entry/menudo-forever-young-exploitation-boy-bands_n_62b9cfc4e4b0cf43c86835f8,"'Menudo: Forever Young' Looks At The Exploitative Nature Of Boy Bands. The new docuseries tells the story of the iconic pop group, and examines how the music industry helped create an obsession with male youth and talent."
news-2022-0451,6/28/22,2022,"Former Nazi Guard, 101, Jailed In Germany For Aiding Murder","The man, only publicly identified as Josef S., was convicted of more than 3,500 counts of accessory to murder and sentenced to five years in prison Tuesday.",,https://www.huffpost.com/entry/josef-s-nazi-concentration-guard-sentenced_n_62baf56fe4b080fb670a5c6e,"Former Nazi Guard, 101, Jailed In Germany For Aiding Murder. The man, only publicly identified as Josef S., was convicted of more than 3,500 counts of accessory to murder and sentenced to five years in prison Tuesday."
news-2022-0452,6/28/22,2022,Instagram And Facebook Remove Posts Offering Abortion Pills,"Facebook and Instagram began removing some of these posts, just as millions across the U.S. were searching for clarity around abortion access.","Amanda Seitz, AP",https://www.huffpost.com/entry/instagram-facebook-remove-posts-offering-abortion-pills_n_62bac62fe4b080fb6709dfbe,"Instagram And Facebook Remove Posts Offering Abortion Pills. Facebook and Instagram began removing some of these posts, just as millions across the U.S. were searching for clarity around abortion access."
news-2022-0453,6/28/22,2022,MSNBC Names Rachel Maddow's Successor: Alex Wagner,"“I’m honored to be anchoring a key hour of television in such a critical time for American democracy,"" Wagner said.",Josephine Harvey,https://www.huffpost.com/entry/alex-wagner-msnbc-maddow_n_62ba89d5e4b0355d9bbb712f,"MSNBC Names Rachel Maddow's Successor: Alex Wagner. “I’m honored to be anchoring a key hour of television in such a critical time for American democracy,"" Wagner said."
news-2022-0454,6/28/22,2022,The GOP’s Anti-LGBTQ Hysteria Is Spreading To Family Drag Shows,"As an ultra-regressive movement aims to send gender norms back to the 1950s, previously uncontroversial events are suddenly facing intense harassment.",Nathalie Baptiste,https://www.huffpost.com/entry/gop-hysteria-drag-queens_n_62b5c3d7e4b0cf43c863cac6,"The GOP’s Anti-LGBTQ Hysteria Is Spreading To Family Drag Shows. As an ultra-regressive movement aims to send gender norms back to the 1950s, previously uncontroversial events are suddenly facing intense harassment."
news-2022-0455,6/27/22,2022,'Truth Hurts': Arizona's Republican AG Tells Hecklers To 'Shut The Hell Up',Trump has attacked Arizona attorney general Mark Brnovich for not doing more to support his efforts to overturn the 2020 election.,Josephine Harvey,https://www.huffpost.com/entry/mark-brnovich-arizona-ag-truth-hurts_n_62b92416e4b0cf43c866c638,'Truth Hurts': Arizona's Republican AG Tells Hecklers To 'Shut The Hell Up'. Trump has attacked Arizona attorney general Mark Brnovich for not doing more to support his efforts to overturn the 2020 election.
news-2022-0456,6/27/22,2022,Ben Affleck's 10-Year-Old Son Drives Lamborghini Rental Into Parked Car,"No harm done, said the dealer after viral video showed young Samuel Affleck, his famous father and Jennifer Lopez in their misadventure.",Ron Dicker,https://www.huffpost.com/entry/ben-affleck-son-lamborghini_n_62b9aa89e4b06169caa9e6f3,"Ben Affleck's 10-Year-Old Son Drives Lamborghini Rental Into Parked Car. No harm done, said the dealer after viral video showed young Samuel Affleck, his famous father and Jennifer Lopez in their misadventure."
news-2022-0457,6/27/22,2022,"Diddy Honored With Lifetime Achievement, Star-Studded Tribute At 2022 BET Awards","The music mogul was presented the highest honor of the night with an iconic performance that included Jodeci, Mary J. Blige, Lil Kim, and more.",Taryn Finley,https://www.huffpost.com/entry/diddy-bet-awards-lifetime-achievement_n_62b8e9b4e4b06169caa8aae6,"Diddy Honored With Lifetime Achievement, Star-Studded Tribute At 2022 BET Awards. The music mogul was presented the highest honor of the night with an iconic performance that included Jodeci, Mary J. Blige, Lil Kim, and more."
news-2022-0458,6/27/22,2022,How '90s Teen Movies Reflected The Real-Life Homophobia Throughout The Decade,"Films like ""Can't Hardly Wait,"" ""Clueless"" and ""Cruel Intentions"" held up an unflinching mirror to the roles young people were socialized to play in a heteronormative society.",Candice Frederick,https://www.huffpost.com/entry/homophobic-90s-teen-movies_n_62b22b04e4b06594c1dc820c,"How '90s Teen Movies Reflected The Real-Life Homophobia Throughout The Decade. Films like ""Can't Hardly Wait,"" ""Clueless"" and ""Cruel Intentions"" held up an unflinching mirror to the roles young people were socialized to play in a heteronormative society."
news-2022-0459,6/27/22,2022,Kendrick Lamar Closes Glastonbury Festival With Call For Women's Rights,The dramatic protest came two days after the U.S. Supreme Court’s decision to strip away women’s constitutional protection for abortion.,,https://www.huffpost.com/entry/kendrick-lamar-womens-rights_n_62b9b903e4b0cdccbe6eca9c,Kendrick Lamar Closes Glastonbury Festival With Call For Women's Rights. The dramatic protest came two days after the U.S. Supreme Court’s decision to strip away women’s constitutional protection for abortion.
news-2022-0460,6/27/22,2022,"Mariah Carey Brings Big, Big Energy To Latto's 2022 BET Awards Performance","The ""Queen of Christmas"" joined the ""Queen of Da Souf"" on stage at this year's award ceremony.",Ruth Etiesit Samuel,https://www.huffpost.com/entry/mariah-carey-latto-2022-bet-awards-performance_n_62b913bae4b0c77098be0ee2,"Mariah Carey Brings Big, Big Energy To Latto's 2022 BET Awards Performance. The ""Queen of Christmas"" joined the ""Queen of Da Souf"" on stage at this year's award ceremony."
news-2022-0461,6/26/22,2022,BET Awards 2022 Red Carpet: See The Best Looks From 'Culture's Biggest Night',"Drip or drown was the motto on the red carpet, with our favorite Black celebrities dressed to the nines.",Ruth Etiesit Samuel,https://www.huffpost.com/entry/bet-awards-2022-red-carpet-best-looks_n_62b8cc6ce4b0c77098bde01d,"BET Awards 2022 Red Carpet: See The Best Looks From 'Culture's Biggest Night'. Drip or drown was the motto on the red carpet, with our favorite Black celebrities dressed to the nines."
news-2022-0462,6/26/22,2022,Green Day Frontman Says He's Renouncing Citizenship Over Roe: 'F**k America',"“There’s just too much f**king stupid in the world to go back to that miserable f**king excuse for a country,"" Billie Joe Armstrong told a British crowd.",Josephine Harvey,https://www.huffpost.com/entry/green-day-roe-v-wade-billie-joe-armstrong_n_62b8dcb9e4b04a61736c2cee,"Green Day Frontman Says He's Renouncing Citizenship Over Roe: 'F**k America'. “There’s just too much f**king stupid in the world to go back to that miserable f**king excuse for a country,"" Billie Joe Armstrong told a British crowd."
news-2022-0463,6/26/22,2022,Man Killed By 11-Foot Alligator At South Carolina Pond,The giant reptile was captured and euthanized on site.,Mary Papenfuss,https://www.huffpost.com/entry/11-foot-alligator-man-dead-myrtle-beach-south-carolina_n_62b7d7a2e4b04a61736b6c7b,Man Killed By 11-Foot Alligator At South Carolina Pond. The giant reptile was captured and euthanized on site.
news-2022-0464,6/26/22,2022,"The Netherlands, Facing Energy And Climate Crises, Bets On A Nuclear Revival",This isn’t the country's first attempt at an atomic renaissance. Will the Dutch actually make it work this time?,Alexander C. Kaufman,https://www.huffpost.com/entry/netherlands-nuclear-energy_n_62aba4d2e4b04a61735a273a,"The Netherlands, Facing Energy And Climate Crises, Bets On A Nuclear Revival. This isn’t the country's first attempt at an atomic renaissance. Will the Dutch actually make it work this time?"
news-2022-0465,6/25/22,2022,20 Of The Funniest Tweets About Cats And Dogs This Week (June 18-24),"""Petition to stop ringing the doorbell on TV so my dog can lead a less confusing life""",Elyse Wanshel,https://www.huffpost.com/entry/funniest-tweets-cats-dogs-june-18-24_n_62b5d48fe4b0c77098bb5cc6,"20 Of The Funniest Tweets About Cats And Dogs This Week (June 18-24). ""Petition to stop ringing the doorbell on TV so my dog can lead a less confusing life"""
news-2022-0466,6/25/22,2022,Bear Looking For Food Dies Inside Hot Car On Sweltering Day,A black bear's death in Tennessee was a sad reminder of the dangers of both hot cars and leaving food unattended in bear country.,Hilary Hanson,https://www.huffpost.com/entry/bear-dies-hot-car-tennessee_n_62b71e97e4b0cdccbe6c3839,Bear Looking For Food Dies Inside Hot Car On Sweltering Day. A black bear's death in Tennessee was a sad reminder of the dangers of both hot cars and leaving food unattended in bear country.
news-2022-0467,6/25/22,2022,Canada Will Allow Americans To Cross The Border For Abortions: Trudeau,"Canadian Prime Minister Justin Trudeau called the U.S. Supreme Court decision to overturn a constitutional right to abortion ""horrific.""","ROB GILLIES, AP",https://www.huffpost.com/entry/canada-will-allow-americans-to-cross-the-border-for-abortions-trudeau_n_62b76e11e4b04a61736b4169,"Canada Will Allow Americans To Cross The Border For Abortions: Trudeau. Canadian Prime Minister Justin Trudeau called the U.S. Supreme Court decision to overturn a constitutional right to abortion ""horrific."""
news-2022-0468,6/25/22,2022,Olivia Rodrigo Brings Out Lily Allen For 'F**k You' Duet Aimed At Anti-Abortion Justices,"“I wanted to dedicate this next song to the five members of the Supreme Court,"" the pop star told a cheering crowd at the Glastonbury Festival.",Hilary Hanson,https://www.huffpost.com/entry/olivia-rodrigo-lily-allen-duet-abortion_n_62b77110e4b0c77098bcf43b,"Olivia Rodrigo Brings Out Lily Allen For 'F**k You' Duet Aimed At Anti-Abortion Justices. “I wanted to dedicate this next song to the five members of the Supreme Court,"" the pop star told a cheering crowd at the Glastonbury Festival."
news-2022-0469,6/25/22,2022,Truck Driver Rams Into Abortion Rights Demonstrators At Roe Rally In Iowa,A victim told HuffPost that the agitated driver careened into protesters on purpose in downtown Cedar Rapids. At least one person was hospitalized.,Andy Campbell and Alanna Vagianos,https://www.huffpost.com/entry/truck-driver-rams-into-protesters-roe-demonstration-in-iowa_n_62b66490e4b0cdccbe6b9399,Truck Driver Rams Into Abortion Rights Demonstrators At Roe Rally In Iowa. A victim told HuffPost that the agitated driver careened into protesters on purpose in downtown Cedar Rapids. At least one person was hospitalized.
news-2022-0470,6/24/22,2022,"After Bashing 'Woke' Americans, Steve Bannon Hails A Trump-Backing 'Army Of The Awakened'","Wake up, Steve! If they're ""awakened,"" they're ""woke.""",Mary Papenfuss,https://www.huffpost.com/entry/steve-bannon-woke-army-of-awakened-qanon-jan-6-committee_n_62b5d66ae4b06594c1e39ce8,"After Bashing 'Woke' Americans, Steve Bannon Hails A Trump-Backing 'Army Of The Awakened'. Wake up, Steve! If they're ""awakened,"" they're ""woke."""
news-2022-0471,6/24/22,2022,"Clarence Thomas: Supreme Court Could Now Restrict Marriage Equality, Contraception",The justice called out three cases protecting contraception access and same-sex marriage.,Marita Vlachou and Amanda Terkel,https://www.huffpost.com/entry/clarence-thomas-concurring-opinion-abortion_n_62b5c914e4b0cdccbe6aa6d2,"Clarence Thomas: Supreme Court Could Now Restrict Marriage Equality, Contraception. The justice called out three cases protecting contraception access and same-sex marriage."
news-2022-0472,6/24/22,2022,Deborah Birx Says Trump Officials Made Her Change COVID Data Sent To States,"“So I learned to put the things that there were issues with into the second part of a sentence,” Donald Trump's COVID coordinator told House members.",Marita Vlachou,https://www.huffpost.com/entry/deborah-birx-covid-testimony_n_62b57aa7e4b06169caa4fce9,"Deborah Birx Says Trump Officials Made Her Change COVID Data Sent To States. “So I learned to put the things that there were issues with into the second part of a sentence,” Donald Trump's COVID coordinator told House members."
news-2022-0473,6/24/22,2022,Republicans Are Making It Clear They Want To Ban Abortion Nationwide,The GOP realizes its goal isn’t complete.,Kevin Robillard,https://www.huffpost.com/entry/republicans-are-making-it-clear-they-want-to-ban-abortion-nationwide_n_62b5cfaae4b0c77098bb4659,Republicans Are Making It Clear They Want To Ban Abortion Nationwide. The GOP realizes its goal isn’t complete.
news-2022-0474,6/24/22,2022,Roe v. Wade: Supreme Court Overturns Landmark Ruling Protecting Abortion Rights,The conservative-majority court opened the door to state-level abortion bans that could force people to continue with unsafe and unwanted pregnancies.,"Elise Foley, Sara Boboltz, and Paul Blumenthal",https://www.huffpost.com/entry/roe-v-wade-supreme-court-overturns-ruling_n_628b65b9e4b01a50ab5ac869,Roe v. Wade: Supreme Court Overturns Landmark Ruling Protecting Abortion Rights. The conservative-majority court opened the door to state-level abortion bans that could force people to continue with unsafe and unwanted pregnancies.
news-2022-0475,6/23/22,2022,'Jeopardy!' Makes A Spelling Error And Fans Gleefully Pounce On It,The game show clued in viewers that it's not perfect either.,Ron Dicker,https://www.huffpost.com/entry/jeopardy-equally-spelling_n_62b48b6ee4b0c77098b8dfc8,'Jeopardy!' Makes A Spelling Error And Fans Gleefully Pounce On It. The game show clued in viewers that it's not perfect either.
news-2022-0476,6/23/22,2022,"New On Netflix July 2022: 'Persuasion,' 'Virgin River' And More",The streaming service announced the movies and shows arriving soon.,Caroline Bologna,https://www.huffpost.com/entry/new-movies-shows-netflix-july-2022_l_62b35d36e4b0cdccbe65feec,"New On Netflix July 2022: 'Persuasion,' 'Virgin River' And More. The streaming service announced the movies and shows arriving soon."
news-2022-0477,6/23/22,2022,Rep. Marjorie Taylor Greene Tells Reporter To ‘Go Back To Your Country’,"“You have mass stabbings, lady,"" the GOP congresswoman told a reporter who compared U.K. gun statistics to those in the U.S.",Josephine Harvey,https://www.huffpost.com/entry/marjorie-taylor-greene-reporter-go-back-to-your-country_n_62b3db50e4b0cdccbe669351,"Rep. Marjorie Taylor Greene Tells Reporter To ‘Go Back To Your Country’. “You have mass stabbings, lady,"" the GOP congresswoman told a reporter who compared U.K. gun statistics to those in the U.S."
news-2022-0478,6/23/22,2022,"Steve Bannon Blasts Murdoch, Saying His Media Empire Is Dumping Trump For DeSantis","""Fox News, Wall Street Journal, New York Post, Times of London, The Sun etc etc etc"" now ""all lockstep against Trump,"" Bannon insisted.",Mary Papenfuss,https://www.huffpost.com/entry/steve-bannon-rupert-murdoch-media-ditching-trump-ron-desantis_n_62b4b6f3e4b04a61736796fc,"Steve Bannon Blasts Murdoch, Saying His Media Empire Is Dumping Trump For DeSantis. ""Fox News, Wall Street Journal, New York Post, Times of London, The Sun etc etc etc"" now ""all lockstep against Trump,"" Bannon insisted."
news-2022-0479,6/22/22,2022,Herschel Walker Says There Are 52 States,There are 50.,Amanda Terkel,https://www.huffpost.com/entry/herschel-walker-52-states_n_62b35b92e4b0cf43c85f2cd4,Herschel Walker Says There Are 52 States. There are 50.
news-2022-0480,6/22/22,2022,Kim Kardashian Reveals When She Decided To Introduce Pete Davidson To Her Kids,"""I think it’s different for everyone,” the SKKN by Kim founder explained on ""Today.""",Carly Ledbetter,https://www.huffpost.com/entry/kim-kardashian-pete-davidson-meets-kids_n_62b3247ce4b0cdccbe657a15,"Kim Kardashian Reveals When She Decided To Introduce Pete Davidson To Her Kids. ""I think it’s different for everyone,” the SKKN by Kim founder explained on ""Today."""
news-2022-0481,6/22/22,2022,NFL Seeks Arbitration For Flores' Racial Discrimination Suit,The NFL and six of its teams have filed for arbitration in the lawsuit that alleges they engaged in racial discrimination.,"LARRY NEUMEISTER, AP",https://www.huffpost.com/entry/brian-flores-nfl-lawsuit_n_62b3597ee4b0c77098b68001,NFL Seeks Arbitration For Flores' Racial Discrimination Suit. The NFL and six of its teams have filed for arbitration in the lawsuit that alleges they engaged in racial discrimination.
news-2022-0482,6/22/22,2022,Woman Allegedly Being Held Hostage Gets Rescued Thanks To Grubhub Note,"The woman placing the order asked restaurant employees to “call the police” and have them come with the delivery, but “please don’t make it obvious.”",David Moye,https://www.huffpost.com/entry/chipper-truck-cafe-grubhub-hostage_n_62b38196e4b04a617365121e,"Woman Allegedly Being Held Hostage Gets Rescued Thanks To Grubhub Note. The woman placing the order asked restaurant employees to “call the police” and have them come with the delivery, but “please don’t make it obvious.”"
news-2022-0483,6/21/22,2022,7 Major Takeaways From The Jan. 6 Committee's Fourth Hearing,The campaign to keep Donald Trump in power amounted to smoke and mirrors.,Sara Boboltz and Lydia O'Connor,https://www.huffpost.com/entry/takeaways-fourth-hearing-jan-6-committee-bowers-ruby-raffensperger_n_62b215f0e4b06594c1dc5d8c,7 Major Takeaways From The Jan. 6 Committee's Fourth Hearing. The campaign to keep Donald Trump in power amounted to smoke and mirrors.
news-2022-0484,6/21/22,2022,Dave Chappelle Rejects His High School’s Offer To Name Theater After Him Amid Controversy,The comedy star said criticism from Duke Ellington School of Arts students “sincerely hurt me.”,Jazmin Tolliver,https://www.huffpost.com/entry/dave-chappelle-turns-down-his-high-schools-offer-to-name-theater-after-him_n_62b1ee0ee4b0cdccbe635720,Dave Chappelle Rejects His High School’s Offer To Name Theater After Him Amid Controversy. The comedy star said criticism from Duke Ellington School of Arts students “sincerely hurt me.”
news-2022-0485,6/21/22,2022,Ginni Thomas-Linked Group Spread Election Lies At Event 2 Months After Jan. 6 Riot,"The Washington Post reviewed video from the March 2021 meeting, in which the headliner called Donald Trump ""the only legitimate president.”",Marita Vlachou,https://www.huffpost.com/entry/ginni-thomas-conservative-group_n_62b1b617e4b04a61736178a8,"Ginni Thomas-Linked Group Spread Election Lies At Event 2 Months After Jan. 6 Riot. The Washington Post reviewed video from the March 2021 meeting, in which the headliner called Donald Trump ""the only legitimate president.”"
news-2022-0486,6/21/22,2022,Jennifer Lopez Introduces Child Emme With They/Them Pronouns Before Sweet Duet,"""They're my favorite duet partner of all time,"" the music superstar said of the 14-year-old.",Josephine Harvey,https://www.huffpost.com/entry/jennifer-lopez-emme-pronouns_n_62b0f698e4b04a6173607e8f,"Jennifer Lopez Introduces Child Emme With They/Them Pronouns Before Sweet Duet. ""They're my favorite duet partner of all time,"" the music superstar said of the 14-year-old."
news-2022-0487,6/21/22,2022,Rob Kardashian And Blac Chyna Settle Before Trial's Sequel,A settlement agreement has been reached on the eve of a second trial pitting the Kardashian family against former reality TV star Blac Chyna.,"Andrew Dalton, AP",https://www.huffpost.com/entry/rob-kardashian-blac-chyna-settle-trial_n_62b186f8e4b04a6173610c6f,Rob Kardashian And Blac Chyna Settle Before Trial's Sequel. A settlement agreement has been reached on the eve of a second trial pitting the Kardashian family against former reality TV star Blac Chyna.
news-2022-0488,6/21/22,2022,Twitter Erupts With Opinions After Beyoncé Drops ‘Break My Soul’ After Drake’s New Album,"The two iconic artists recently took a leap into the world of house music with new, unexpected tunes.",Jazmin Tolliver,https://www.huffpost.com/entry/twitter-comparisons-new-drake-beyonce-songs_n_62b22c56e4b0c77098b4567c,"Twitter Erupts With Opinions After Beyoncé Drops ‘Break My Soul’ After Drake’s New Album. The two iconic artists recently took a leap into the world of house music with new, unexpected tunes."
news-2022-0489,6/20/22,2022,7 Coffee Alternatives To Try If Caffeine Makes You Jittery,"Are you sensitive to caffeine? Try these options instead, from caffeine-free options to some that just pack less of a punch.",Julie Kendrick,https://www.huffpost.com/entry/coffee-alternatives-caffeine_l_6282573de4b003ed29648820,"7 Coffee Alternatives To Try If Caffeine Makes You Jittery. Are you sensitive to caffeine? Try these options instead, from caffeine-free options to some that just pack less of a punch."
news-2022-0490,6/20/22,2022,Ex-Watergate Prosecutor Says Georgia Probe Is The One That Could 'Send Trump To Jail',"Nick Akerman said Trump has ""zero defense"" against a criminal probe into 2020 election meddling in Georgia.",Josephine Harvey,https://www.huffpost.com/entry/ex-watergate-prosecutor-trump-georgia-probe_n_62afb663e4b06594c1d84f4d,"Ex-Watergate Prosecutor Says Georgia Probe Is The One That Could 'Send Trump To Jail'. Nick Akerman said Trump has ""zero defense"" against a criminal probe into 2020 election meddling in Georgia."
news-2022-0491,6/20/22,2022,Shiloh Jolie-Pitt Dances To Doja Cat In Viral Studio Clip,The daughter of Angelina Jolie and Brad Pitt showed off her moves at Millennium Dance Complex.,Ron Dicker,https://www.huffpost.com/entry/shilo-jolie-pitt-dance_n_62b063c2e4b06169ca9becd8,Shiloh Jolie-Pitt Dances To Doja Cat In Viral Studio Clip. The daughter of Angelina Jolie and Brad Pitt showed off her moves at Millennium Dance Complex.
news-2022-0492,6/20/22,2022,Trump Continues Push To Shut Down Voting Methods 69% of Americans Use,"“Ultimately, we want same-day voting — one day — and only paper ballots,” Trump said.",Mary Papenfuss,https://www.huffpost.com/entry/trump-single-day-voting-mail-early-ballots-gop_n_62b0df2ce4b0c77098b225c8,"Trump Continues Push To Shut Down Voting Methods 69% of Americans Use. “Ultimately, we want same-day voting — one day — and only paper ballots,” Trump said."
news-2022-0493,6/20/22,2022,"When Thinking About Water Safety, Consider Your Kid's Swimsuit Color","It's a little-known factor to take into account when your kids are at the pool, drowning experts say.",Kelsey Borresen,https://www.huffpost.com/entry/swimsuit-color-water-safety_l_62ab57b6e4b04a617359a61e,"When Thinking About Water Safety, Consider Your Kid's Swimsuit Color. It's a little-known factor to take into account when your kids are at the pool, drowning experts say."
news-2022-0494,6/19/22,2022,An Elite Christian College Has Become The Latest Battleground In America’s Culture Wars,The saga that unfolded after a professor officiated a same-sex wedding has exposed deep rifts over how the school treats members of the LGBTQ community -- and how its church interprets the Bible.,Jonathan Cohn,https://www.huffpost.com/entry/calvin-university-professor-joe-kuilema-gay-marriage-lgbtq_n_62aca02de4b06169ca988191,An Elite Christian College Has Become The Latest Battleground In America’s Culture Wars. The saga that unfolded after a professor officiated a same-sex wedding has exposed deep rifts over how the school treats members of the LGBTQ community -- and how its church interprets the Bible.
news-2022-0495,6/19/22,2022,Reports: Paul Haggis Detained In Italy In Sex Assault Case,The film director was detained on Sunday for investigation over allegations that he sexually assaulted a woman in southern Italy.,"The Associated Press, AP",https://www.huffpost.com/entry/reports-paul-haggis-detained-in-italy-in-sex-assault-case_n_62af6d72e4b04a61735e0d6d,Reports: Paul Haggis Detained In Italy In Sex Assault Case. The film director was detained on Sunday for investigation over allegations that he sexually assaulted a woman in southern Italy.
news-2022-0496,6/19/22,2022,So 'Happy': Pharrell Williams Pays Off Student Debt Of NAACP Youth Leaders,"""Pharrell forever changed their lives,"" said an NAACP official, who is now hoping President Biden will take action on student debt.",Mary Papenfuss,https://www.huffpost.com/entry/pharrell-williams-pays-offf-student-debt-naacp_n_62ae576ee4b04a61735d2f08,"So 'Happy': Pharrell Williams Pays Off Student Debt Of NAACP Youth Leaders. ""Pharrell forever changed their lives,"" said an NAACP official, who is now hoping President Biden will take action on student debt."
news-2022-0497,6/19/22,2022,Troop Morale A Concern As NATO Chief Warns Ukraine War Could Last ‘Years’,Britain’s defense ministry said both Russian and Ukrainian combat units are seeing desertions and units refusing to follow orders.,,https://www.huffpost.com/entry/troop-morale-low-ukraine-russia-war_n_62af2dbfe4b0cf43c8580ab9,Troop Morale A Concern As NATO Chief Warns Ukraine War Could Last ‘Years’. Britain’s defense ministry said both Russian and Ukrainian combat units are seeing desertions and units refusing to follow orders.
news-2022-0498,6/19/22,2022,"Uvalde, Texas, Police Didn't Attempt To Open Classroom Door: Report",The police response to the Texas school massacre is being probed in at least three investigations.,Ben Blanchet,https://www.huffpost.com/entry/uvalde-police-enter-door-shooter-report_n_62ae8dffe4b0cf43c8579191,"Uvalde, Texas, Police Didn't Attempt To Open Classroom Door: Report. The police response to the Texas school massacre is being probed in at least three investigations."
news-2022-0499,6/18/22,2022,CDC Recommends COVID-19 Shots For Children Under 5,"The shots will become available next week, expanding the nation’s vaccination campaign to children as young as 6 months.","Mike Stobbe, AP",https://www.huffpost.com/entry/cdc-advisers-recommend-covid-19-shots-under-five_n_62ae1e05e4b0cf43c8576f12,"CDC Recommends COVID-19 Shots For Children Under 5. The shots will become available next week, expanding the nation’s vaccination campaign to children as young as 6 months."
news-2022-0500,6/18/22,2022,"Nerf Reveals Its New Mascot, And Its Monstrous Look Is Turning Heads","The mascot, named Murph, is the first for the foam toy maker.",Ben Blanchet,https://www.huffpost.com/entry/nerf-mascot-interesting-look_n_62ad2f8be4b0c77098ae41f9,"Nerf Reveals Its New Mascot, And Its Monstrous Look Is Turning Heads. The mascot, named Murph, is the first for the foam toy maker."
news-2022-0501,6/18/22,2022,Rants By Herschel Walker's Son On Absent Fathers Go Viral At Awkward Moment,"""Get home and raise your kids!"" Christian Walker lectures men as the public learns his own dad has three other children.",Mary Papenfuss,https://www.huffpost.com/entry/christian-herschel-walker-absent-baby-daddies-viral-video-rants_n_62ad36bce4b06594c1d67750,"Rants By Herschel Walker's Son On Absent Fathers Go Viral At Awkward Moment. ""Get home and raise your kids!"" Christian Walker lectures men as the public learns his own dad has three other children."
news-2022-0502,6/18/22,2022,Rep. Eric Swalwell Would Love To Give Trump Equal Time On Jan. 6 Probe — Under Oath,"""Equal time means sitting your lying ass in a witness chair. We'll wait,"" tweets the California Democrat.",Mary Papenfuss,https://www.huffpost.com/entry/eric-swalwell-supports-trump-equal-time-under-oath_n_62ad489de4b06594c1d681f1,"Rep. Eric Swalwell Would Love To Give Trump Equal Time On Jan. 6 Probe — Under Oath. ""Equal time means sitting your lying ass in a witness chair. We'll wait,"" tweets the California Democrat."
news-2022-0503,6/18/22,2022,The Far-Right’s Assault On An Idaho Pride Event Was Meticulously Planned,Details that emerged after the arrest of 31 white supremacists in Coeur D'Alene show how GOP rhetoric is signaling extremists to attack LGBTQ people.,Christopher Mathias,https://www.huffpost.com/entry/groomer-panic-idaho-white-supremacists-lgbtq_n_62acc960e4b06594c1d6348b,The Far-Right’s Assault On An Idaho Pride Event Was Meticulously Planned. Details that emerged after the arrest of 31 white supremacists in Coeur D'Alene show how GOP rhetoric is signaling extremists to attack LGBTQ people.
news-2022-0504,6/17/22,2022,"10 Foods You Should Never Cook On A Grill, According To Experts","Pork chops, certain types of fish and other foods you shouldn't put on the grill grates.",Taylor Tobin,https://www.huffpost.com/entry/foods-you-should-never-grill_l_62a0b830e4b0c770989ae753,"10 Foods You Should Never Cook On A Grill, According To Experts. Pork chops, certain types of fish and other foods you shouldn't put on the grill grates."
news-2022-0505,6/17/22,2022,The 20 Funniest Tweets From Women This Week (June 11-17),"""Free iced coffee today at Dunkin if you let them swipe your credit card !!!!""",Caroline Bologna,https://www.huffpost.com/entry/funniest-tweets-from-women-june-11-17_n_62abc754e4b0c77098abe3cf,"The 20 Funniest Tweets From Women This Week (June 11-17). ""Free iced coffee today at Dunkin if you let them swipe your credit card !!!!"""
news-2022-0506,6/17/22,2022,The Funniest Tweets From Parents This Week (June 11-17),"""My kid told me he deserved more cheese and who am I to argue with that""",Caroline Bologna,https://www.huffpost.com/entry/funniest-parenting-tweets_l_62abdd4be4b0c77098abed6a,"The Funniest Tweets From Parents This Week (June 11-17). ""My kid told me he deserved more cheese and who am I to argue with that"""
news-2022-0507,6/17/22,2022,Twitter Users Mock Peter Navarro's Desire To Postpone Trial Because Of Book Tour,"One person compared the former Trump aide's antics in court to ""a slow-rolling comedy sketch.""",David Moye,https://www.huffpost.com/entry/peter-navarro-trial-book-tour_n_62aca525e4b06594c1d6058d,"Twitter Users Mock Peter Navarro's Desire To Postpone Trial Because Of Book Tour. One person compared the former Trump aide's antics in court to ""a slow-rolling comedy sketch."""
news-2022-0508,6/17/22,2022,"Without Roe V. Wade, Pregnant Women May Face Arrest For All Kinds Of Behaviors",The criminalization of pregnancy is already an issue in the U.S. Experts warn it's about to get worse.,Caroline Bologna,https://www.huffpost.com/entry/roe-v-wade-pregnancy-criminalization-arrest_l_629f6619e4b0c184bdd5b0df,"Without Roe V. Wade, Pregnant Women May Face Arrest For All Kinds Of Behaviors. The criminalization of pregnancy is already an issue in the U.S. Experts warn it's about to get worse."
news-2022-0509,6/16/22,2022,"Herschel Walker, After Disparaging Absent Dads, Now Says He Has 4 Kids","The Republican Senate nominee has called fatherless homes a “major, major problem.”",Nina Golgowski,https://www.huffpost.com/entry/herschel-walker-four-children_n_62ab1fbee4b0cf43c853450f,"Herschel Walker, After Disparaging Absent Dads, Now Says He Has 4 Kids. The Republican Senate nominee has called fatherless homes a “major, major problem.”"
news-2022-0510,6/16/22,2022,How To Treat Bug Bites The Way Dermatologists Do At Home,Here's what to order now so you'll be itch-free all summer.,Julie Kendrick,https://www.huffpost.com/entry/how-to-treat-bug-bites-dermatologists_l_629e5e54e4b090b53b882a74,How To Treat Bug Bites The Way Dermatologists Do At Home. Here's what to order now so you'll be itch-free all summer.
news-2022-0511,6/16/22,2022,Seth Meyers Has A Field Day With Rudy Giuliani's 'Diet Pepsi' Claim,"“Sorry, buddy. You just gave yourself away. No one’s favorite drink is Diet Pepsi,” the ""Late Night"" host said.",Josephine Harvey,https://www.huffpost.com/entry/seth-meyers-rudy-giuliani-diet-pepsi_n_62aa8553e4b0c77098a98864,"Seth Meyers Has A Field Day With Rudy Giuliani's 'Diet Pepsi' Claim. “Sorry, buddy. You just gave yourself away. No one’s favorite drink is Diet Pepsi,” the ""Late Night"" host said."
news-2022-0512,6/15/22,2022,"After Defying Trump, GOP Rep. Tom Rice Loses Reelection In South Carolina",The congressman was one of 10 House GOP members who voted in favor of impeaching Trump after the U.S. Capitol riot.,Jonathan Nicholson,https://www.huffpost.com/entry/congressman-tom-rice-loses-republican-primary-south-carolina_n_62a795aee4b0cf43c84d2065,"After Defying Trump, GOP Rep. Tom Rice Loses Reelection In South Carolina. The congressman was one of 10 House GOP members who voted in favor of impeaching Trump after the U.S. Capitol riot."
news-2022-0513,6/15/22,2022,Obama Marks DACA’s 10th Anniversary In Conversation With Dreamers,"The former president spoke with DACA recipients on the stage of the musical ""¡Americano!,"" based on the life of Dreamer and political organizer Tony Valdovinos.",Marina Fang,https://www.huffpost.com/entry/obama-daca-anniversary-americano-musical_n_62a7a5dae4b0cdccbe540672,"Obama Marks DACA’s 10th Anniversary In Conversation With Dreamers. The former president spoke with DACA recipients on the stage of the musical ""¡Americano!,"" based on the life of Dreamer and political organizer Tony Valdovinos."
news-2022-0514,6/15/22,2022,Ryan Gosling Gets Ken-ified In First Look At Bleach Blond 'Barbie' Transformation,"Gosling will play Ken opposite Margot Robbie's Barbie in the live-action film, which is set to hit theaters next summer.",Cole Delbyck,https://www.huffpost.com/entry/ryan-gosling-ken-first-look-barbie-transformation_n_62aa0fd1e4b0c77098a909aa,"Ryan Gosling Gets Ken-ified In First Look At Bleach Blond 'Barbie' Transformation. Gosling will play Ken opposite Margot Robbie's Barbie in the live-action film, which is set to hit theaters next summer."
news-2022-0515,6/15/22,2022,Ryan Gosling's Version Of Ken Is Giving Off Serious 'Earring Magic Ken' Vibes,"A photo from the upcoming ""Barbie"" movie reminded fans of the 1993 version of that Ken doll that many people were convinced was a gay icon.",David Moye,https://www.huffpost.com/entry/ryan-gosling-earring-magic-ken-barbie-movie_n_62aa4a97e4b06594c1d1a24a,"Ryan Gosling's Version Of Ken Is Giving Off Serious 'Earring Magic Ken' Vibes. A photo from the upcoming ""Barbie"" movie reminded fans of the 1993 version of that Ken doll that many people were convinced was a gay icon."
news-2022-0516,6/15/22,2022,There Are Millions Of People Who Can't Just 'Move On' From COVID,"Learning to live with the virus is a privilege many don't have. In the rush to go back to normal, it's important to consider their experiences.",Brittany Wong,https://www.huffpost.com/entry/the-people-who-cant-get-back-to-normal-simce-covid_l_62a76959e4b06169ca8eed10,"There Are Millions Of People Who Can't Just 'Move On' From COVID. Learning to live with the virus is a privilege many don't have. In the rush to go back to normal, it's important to consider their experiences."
news-2022-0517,6/14/22,2022,'Jeopardy!' Contestant Makes Monumentally Bad Guess About Michael Caine,One man's answer to a question about the actor left viewers scratching their heads on Monday.,Ben Blanchet,https://www.huffpost.com/entry/jeopardy-michael-caine-answer_n_62a8371ce4b04a6173538fd4,'Jeopardy!' Contestant Makes Monumentally Bad Guess About Michael Caine. One man's answer to a question about the actor left viewers scratching their heads on Monday.
news-2022-0518,6/14/22,2022,Kentucky Shatters Its Fatal Overdose Record; Fentanyl Blamed,The state’s rising death count mirrored the nation’s escalating overdose epidemic.,"Bruce Schreiner, AP",https://www.huffpost.com/entry/kentucky-shatters-fatal-overdose-record-fentanyl_n_62a8609de4b0cdccbe552d98,Kentucky Shatters Its Fatal Overdose Record; Fentanyl Blamed. The state’s rising death count mirrored the nation’s escalating overdose epidemic.
news-2022-0519,6/14/22,2022,Lizzo Changes Lyric In New Song After Criticism Over Ableist Slur,"""Let me make one thing clear: I never want to promote derogatory language,"" the ""Grrrls"" singer said.",Josephine Harvey,https://www.huffpost.com/entry/lizzo-changes-ableist-lyric-grrrls_n_62a7d77be4b0c77098a4c3a5,"Lizzo Changes Lyric In New Song After Criticism Over Ableist Slur. ""Let me make one thing clear: I never want to promote derogatory language,"" the ""Grrrls"" singer said."
news-2022-0520,6/14/22,2022,Mehmet Oz Misspells Pennsylvania Address On Candidacy Form And Twitter Has Jokes,The GOP candidate faces Democrat John Fetterman in a key Senate race in November.,Ron Dicker,https://www.huffpost.com/entry/mehmet-dr-oz-misspells-huntingdon-senate-pennsylvania_n_62a89b73e4b0c77098a65a25,Mehmet Oz Misspells Pennsylvania Address On Candidacy Form And Twitter Has Jokes. The GOP candidate faces Democrat John Fetterman in a key Senate race in November.
news-2022-0521,6/14/22,2022,Tyler Perry Reveals Will Smith's State Of Mind Right After Oscars Slap,"The ""Madea"" filmmaker said he wasn't comforting Smith after he struck Chris Rock for joking about Jada Pinkett Smith.",Ron Dicker,https://www.huffpost.com/entry/tyler-perry-wasnt-comforting-will-smith_n_62a853cbe4b04a617353e6bc,"Tyler Perry Reveals Will Smith's State Of Mind Right After Oscars Slap. The ""Madea"" filmmaker said he wasn't comforting Smith after he struck Chris Rock for joking about Jada Pinkett Smith."
news-2022-0522,6/14/22,2022,"Yellowstone Floods Wipe Out Roads, Bridges, Strand Visitors",Flooding has wiped out roads and bridges and closed off all entrances to Yellowstone National Park at the onset of the busy summer tourist season.,"AMY BETH HANSON, AP",https://www.huffpost.com/entry/yellowstone-national-park-flooding_n_62a7de48e4b04a617353121a,"Yellowstone Floods Wipe Out Roads, Bridges, Strand Visitors. Flooding has wiped out roads and bridges and closed off all entrances to Yellowstone National Park at the onset of the busy summer tourist season."
news-2022-0523,6/13/22,2022,'Degrassi: The Next Generation' Moved The Needle On Abortion Nearly 20 Years Ago,"Screenwriter Shelley Scarrow, who wrote “Accidents Will Happen,” talks about why it’s important to portray teens navigating abortion.",Ruth Etiesit Samuel,https://www.huffpost.com/entry/teen-abortions-tv-still-taboo-degrassi-2004-episodes_n_62a2620ee4b06594c1c62db6,"'Degrassi: The Next Generation' Moved The Needle On Abortion Nearly 20 Years Ago. Screenwriter Shelley Scarrow, who wrote “Accidents Will Happen,” talks about why it’s important to portray teens navigating abortion."
news-2022-0524,6/13/22,2022,Easy Ways To Save Money When You Order An Iced Coffee,"Iced coffee drinks can be a rip-off, in terms of cost and the amount of caffeine you get. Here's how to change that.",Leigh Weingus,https://www.huffpost.com/entry/iced-coffee-hacks_l_629e0c27e4b0c184bdd38c40,"Easy Ways To Save Money When You Order An Iced Coffee. Iced coffee drinks can be a rip-off, in terms of cost and the amount of caffeine you get. Here's how to change that."
news-2022-0525,6/13/22,2022,Jonathan Groff And Lea Michele Lead Epic 'Spring Awakening' Reunion At Tony Awards,"The actors and Broadway besties delivered a chilling performance of ""Touch Me"" with their cast mates from the 2006 musical.",Curtis M. Wong,https://www.huffpost.com/entry/lea-michele-jonathan-groff-spring-awakening-reunion-2022-tony-awards_n_62a69d62e4b06594c1cab0fd,"Jonathan Groff And Lea Michele Lead Epic 'Spring Awakening' Reunion At Tony Awards. The actors and Broadway besties delivered a chilling performance of ""Touch Me"" with their cast mates from the 2006 musical."
news-2022-0526,6/13/22,2022,Michael Jackson's Kids Paris And Prince Pay Tribute To Dad At Tony Awards,The siblings took the stage at the ceremony to show their support for the musical based on their father's life.,Cole Delbyck,https://www.huffpost.com/entry/michael-jackson-kids-paris-and-prince-attend-tony-awards-honor_n_62a687bae4b06594c1caa1cc,Michael Jackson's Kids Paris And Prince Pay Tribute To Dad At Tony Awards. The siblings took the stage at the ceremony to show their support for the musical based on their father's life.
news-2022-0527,6/13/22,2022,Mick Mulvaney Trashes Trump Staffers As 'Garbage' And Twitter Users Pounce,Many Twitter users said that the former chief of staff's trashing of fellow aides was a case of the pot calling the kettle black.,David Moye,https://www.huffpost.com/entry/mick-mulvaney-garbage-tweet-trump-staffers_n_62a7b92de4b04a617352f1ab,Mick Mulvaney Trashes Trump Staffers As 'Garbage' And Twitter Users Pounce. Many Twitter users said that the former chief of staff's trashing of fellow aides was a case of the pot calling the kettle black.
news-2022-0528,6/13/22,2022,The Races Where Democrats Are Rooting For Election Deniers,"The party is hoping to shape GOP primaries to favor beatable candidates, but some fear they’re playing with fire.",Kevin Robillard,https://www.huffpost.com/entry/the-races-where-democrats-are-rooting-for-election-deniers_n_62a4b700e4b06594c1c935ee,"The Races Where Democrats Are Rooting For Election Deniers. The party is hoping to shape GOP primaries to favor beatable candidates, but some fear they’re playing with fire."
news-2022-0529,6/12/22,2022,31 Patriot Front Extremists Aiming To 'Riot' At Idaho Pride Event Arrested: Officials,"The white supremacists, who were dressed in nearly identical uniforms and masks, ""did not come here to engage in peaceful events,"" said the local sheriff.",Mary Papenfuss,https://www.huffpost.com/entry/coeur-dalene-pride-event-riot_n_62a52bc1e4b0cf43c849dd90,"31 Patriot Front Extremists Aiming To 'Riot' At Idaho Pride Event Arrested: Officials. The white supremacists, who were dressed in nearly identical uniforms and masks, ""did not come here to engage in peaceful events,"" said the local sheriff."
news-2022-0530,6/12/22,2022,Google Engineer On Leave After He Claims AI Program Has Gone Sentient,"Artificially intelligent chatbot generator LaMDA wants “to be acknowledged as an employee of Google rather than as property,"" says engineer Blake Lemoine.",Mary Papenfuss,https://www.huffpost.com/entry/blake-lemoine-lamda-sentient-artificial-intelligence-google_n_62a5613ee4b06169ca8c0a2e,"Google Engineer On Leave After He Claims AI Program Has Gone Sentient. Artificially intelligent chatbot generator LaMDA wants “to be acknowledged as an employee of Google rather than as property,"" says engineer Blake Lemoine."
news-2022-0531,6/12/22,2022,Kim Jong Un Rallies Behind North Korea's Weapons Buildup,The leader defended weapons development as an exercise of sovereign rights to self-defense.,"KIM TONG-HYUNG, AP",https://www.huffpost.com/entry/north-korea-weapons-buildup_n_62a559f3e4b04a61734f9b06,Kim Jong Un Rallies Behind North Korea's Weapons Buildup. The leader defended weapons development as an exercise of sovereign rights to self-defense.
news-2022-0532,6/12/22,2022,Trump Reportedly Misusing Presidential Seal To Boost Business At 4th Golf Course,This would not be the first time Trump mixed his office with his private businesses.,Mary Papenfuss,https://www.huffpost.com/entry/trump-presidential-seal-plug-4th-golf-course_n_62a541f8e4b06594c1c97a24,Trump Reportedly Misusing Presidential Seal To Boost Business At 4th Golf Course. This would not be the first time Trump mixed his office with his private businesses.
news-2022-0533,6/11/22,2022,"Ivanka Trump Backed Her Dad Even As She Knew He Lied, Ex-White House Aide Points Out","She shouldn't have stood by Donald Trump's side as he kept pushing  lies that the election he lost was rigged, said former press secretary Stephanie Grisham.",Mary Papenfuss,https://www.huffpost.com/entry/donald-ivanka-trump-jared-kushner-william-barr-rigged-election-lies_n_62a3cac3e4b0cf43c8493267,"Ivanka Trump Backed Her Dad Even As She Knew He Lied, Ex-White House Aide Points Out. She shouldn't have stood by Donald Trump's side as he kept pushing lies that the election he lost was rigged, said former press secretary Stephanie Grisham."
news-2022-0534,6/11/22,2022,Jeff Bridges Shares Powerful Lessons From Cancer And COVID-19 Bouts,"Bridges, who announced his lymphoma diagnosis in October 2020, also revealed he was diagnosed with COVID-19 during chemotherapy.",Ben Blanchet,https://www.huffpost.com/entry/jeff-bridges-cancer-covid-perspective_n_62a44e51e4b04a61734f0821,"Jeff Bridges Shares Powerful Lessons From Cancer And COVID-19 Bouts. Bridges, who announced his lymphoma diagnosis in October 2020, also revealed he was diagnosed with COVID-19 during chemotherapy."
news-2022-0535,6/11/22,2022,Lost 'Giant Dog' Rolls Up To Dollar General Store And Refuses To Leave,"Bentley the dog ""spent a couple of hours browsing"" the aisles after breaking out of the gate at his home.",Hilary Hanson,https://www.huffpost.com/entry/giant-dog-dollar-general_n_62a4ca07e4b04a61734f5798,"Lost 'Giant Dog' Rolls Up To Dollar General Store And Refuses To Leave. Bentley the dog ""spent a couple of hours browsing"" the aisles after breaking out of the gate at his home."
news-2022-0536,6/11/22,2022,"Trump Trapped By 'Ego' In 2020; GOP Should Leave Him There, Slams New York Post","The newspaper controlled by longtime Trump backer Rupert Murdoch called Jan. 6 ""national shame"" and ripped the ""King Lear of Mar-a-Lago"" for his inability to move forward.",Mary Papenfuss,https://www.huffpost.com/entry/gop-donald-trump-stuck-must-abandon-trump-ny-post-murdoch_n_62a4fd90e4b04a61734f73fc,"Trump Trapped By 'Ego' In 2020; GOP Should Leave Him There, Slams New York Post. The newspaper controlled by longtime Trump backer Rupert Murdoch called Jan. 6 ""national shame"" and ripped the ""King Lear of Mar-a-Lago"" for his inability to move forward."
news-2022-0537,6/10/22,2022,25 Of The Funniest Tweets About Cats And Dogs This Week (June 4-10),"""i keep hearing this ad for fresh cat food that says 'your cute kitty is descended from fierce desert cats' and then i look at my cat and say 'this cat??'""",Elyse Wanshel,https://www.huffpost.com/entry/funniest-tweets-cats-dogs-june-4-10_n_62a374bfe4b0c77098a025a2,"25 Of The Funniest Tweets About Cats And Dogs This Week (June 4-10). ""i keep hearing this ad for fresh cat food that says 'your cute kitty is descended from fierce desert cats' and then i look at my cat and say 'this cat??'"""
news-2022-0538,6/10/22,2022,Jared Kushner Dismissed White House Counsel's Threats To Resign As 'Whining',His statement shows how Trump's inner circle failed to take concerns about the rule of law seriously.,Amanda Terkel,https://www.huffpost.com/entry/jared-kushner-white-house-counsel-pat-cipollone-whining_n_62a296afe4b0cdccbe4d9bc2,Jared Kushner Dismissed White House Counsel's Threats To Resign As 'Whining'. His statement shows how Trump's inner circle failed to take concerns about the rule of law seriously.
news-2022-0539,6/10/22,2022,Jennifer Lopez Felt Sharing Super Bowl Stage With Shakira Was 'Worst Idea In The World',"In her Netflix documentary ""Halftime,"" the music superstar talks about her frustrations over the time constraints of 2020's co-headlining performance.",Curtis M. Wong,https://www.huffpost.com/entry/jennifer-lopez-super-bowl-halftime-comments-documentary_n_62a3938ce4b0cdccbe4fc131,"Jennifer Lopez Felt Sharing Super Bowl Stage With Shakira Was 'Worst Idea In The World'. In her Netflix documentary ""Halftime,"" the music superstar talks about her frustrations over the time constraints of 2020's co-headlining performance."
news-2022-0540,6/10/22,2022,Kevin McCarthy Blames 'Everybody In The Country' For Jan. 6 Attack,"The House minority leader said everybody bore ""some responsibility"" for the Capitol attack when asked if it was former President Donald Trump's fault.",Josephine Harvey,https://www.huffpost.com/entry/kevin-mccarthy-everybody-in-the-country-jan-6_n_62a27bf0e4b0cf43c846b727,"Kevin McCarthy Blames 'Everybody In The Country' For Jan. 6 Attack. The House minority leader said everybody bore ""some responsibility"" for the Capitol attack when asked if it was former President Donald Trump's fault."
news-2022-0541,6/10/22,2022,The Funniest Tweets From Parents This Week (June 4-10),"""Parenting classes should focus less on diapers and more on what to do when you’re sad but still have to pretend to be a tugboat""",Caroline Bologna,https://www.huffpost.com/entry/funniest-parenting-tweets_l_62a384cde4b0cdccbe4fb065,"The Funniest Tweets From Parents This Week (June 4-10). ""Parenting classes should focus less on diapers and more on what to do when you’re sad but still have to pretend to be a tugboat"""
news-2022-0542,6/10/22,2022,"The Most Common Questions About The Novavax COVID Vaccine, Answered","How is the shot different from Pfizer, Moderna and J&J? Does it work against new variants? Here's what to know.",Ashley Broadwater,https://www.huffpost.com/entry/novavax-covid-vaccine_l_62a252e7e4b0c770989de2ff,"The Most Common Questions About The Novavax COVID Vaccine, Answered. How is the shot different from Pfizer, Moderna and J&J? Does it work against new variants? Here's what to know."
news-2022-0543,6/9/22,2022,Dwayne 'The Rock' Johnson Reveals Intense Superhero Look In 'Black Adam' Trailer,"""Black Adam"" explores the arch nemesis of Shazam.",Ben Blanchet,https://www.huffpost.com/entry/dwayne-rock-johnson-superhero-black-adam_n_62a19aa5e4b06169ca86bc4b,"Dwayne 'The Rock' Johnson Reveals Intense Superhero Look In 'Black Adam' Trailer. ""Black Adam"" explores the arch nemesis of Shazam."
news-2022-0544,6/9/22,2022,Ezra Miller Accused Of Grooming Teen With 'Cult-Like' Behavior,"The parents of the teenager, now 18, have reportedly filed paperwork asking a judge to issue an order of protection against “The Flash” star.",Elyse Wanshel,https://www.huffpost.com/entry/ezra-miller-accused-grooming-teen-cult-like-behavior_n_62a23289e4b06169ca885e71,"Ezra Miller Accused Of Grooming Teen With 'Cult-Like' Behavior. The parents of the teenager, now 18, have reportedly filed paperwork asking a judge to issue an order of protection against “The Flash” star."
news-2022-0545,6/9/22,2022,Facebook Algorithm May Have Aided GOP Over Democratic Party Groups: Research,"One co-author of the study said he observed a ""weird pattern"" after collecting social media data.",Ben Blanchet,https://www.huffpost.com/entry/facebook-algorithm-gop-engagement-2018_n_62a150efe4b04a61734a072d,"Facebook Algorithm May Have Aided GOP Over Democratic Party Groups: Research. One co-author of the study said he observed a ""weird pattern"" after collecting social media data."
news-2022-0546,6/9/22,2022,The Best Dipping Sauces For French Fries That Aren't Ketchup,Look beyond Heinz and elevate your fry game with these tasty condiments.,Caroline Bologna,https://www.huffpost.com/entry/french-fries-best-dipping-sauces_l_629554dbe4b0cda85dc24d64,The Best Dipping Sauces For French Fries That Aren't Ketchup. Look beyond Heinz and elevate your fry game with these tasty condiments.
news-2022-0547,6/9/22,2022,"Writer Claims 'Fire Island' Fails The Bechdel Test, And Twitter Users Have Thoughts",Many felt Hanna Rosin's critique of Hulu's LGBTQ-inclusive comedy — which features many queer actors of color — was misdirected at best.,Curtis M. Wong,https://www.huffpost.com/entry/fire-island-bechdel-test-backlash_n_62a203f2e4b0cf43c845babe,"Writer Claims 'Fire Island' Fails The Bechdel Test, And Twitter Users Have Thoughts. Many felt Hanna Rosin's critique of Hulu's LGBTQ-inclusive comedy — which features many queer actors of color — was misdirected at best."
news-2022-0548,6/8/22,2022,Cole Sprouse's Naked Butt Is All It's Cracked Up To Be In Goofy Instagram,"The ""Riverdale"" star has millions of fans trying to get to the bottom of his funny post.",Ron Dicker,https://www.huffpost.com/entry/cole-sprouse-butt-instagram_n_62a08acde4b0c770989a6b0c,"Cole Sprouse's Naked Butt Is All It's Cracked Up To Be In Goofy Instagram. The ""Riverdale"" star has millions of fans trying to get to the bottom of his funny post."
news-2022-0549,6/8/22,2022,Harvey Weinstein Facing Criminal Charges For Alleged 1996 Assault In London,The Crown Prosecution Service did not reveal the name of the woman accusing Weinstein of sexual assault.,Sara Boboltz,https://www.huffpost.com/entry/harvey-weinstein-uk-charges_n_62a0af90e4b0c770989ac857,Harvey Weinstein Facing Criminal Charges For Alleged 1996 Assault In London. The Crown Prosecution Service did not reveal the name of the woman accusing Weinstein of sexual assault.
news-2022-0550,6/8/22,2022,"If You're Doing This In Your Sleep, It's Time To See A Doctor",Experts reveal symptoms that strike during nighttime rest and what those signs might mean for your health.,Krissy Brady,https://www.huffpost.com/entry/sleep-signs-health-problem_l_629f7d88e4b07aa9389e9dcd,"If You're Doing This In Your Sleep, It's Time To See A Doctor. Experts reveal symptoms that strike during nighttime rest and what those signs might mean for your health."
news-2022-0551,6/8/22,2022,Phil Mickelson Grilled On If He Cares About Being Seen As A 'Saudi Stooge',"One reporter asked the golf great if he was worried about being ""seen as a tool of sportswashing?""",David Moye,https://www.huffpost.com/entry/phil-mickelson-question-saudi-stooge_n_62a0c6aae4b06594c1c34347,"Phil Mickelson Grilled On If He Cares About Being Seen As A 'Saudi Stooge'. One reporter asked the golf great if he was worried about being ""seen as a tool of sportswashing?"""
news-2022-0552,6/8/22,2022,Snoop Dogg Gives His Full-Time Blunt Roller A Raise Amid Inflation: 'Their Salary Went Up!',"When you’re as busy as Snoop, a personal joint roller is a no-brainer.",Jazmin Tolliver,https://www.huffpost.com/entry/snoop-dogg-gives-blunt-roller-raise-inflation_n_62a0f671e4b04a617349a733,"Snoop Dogg Gives His Full-Time Blunt Roller A Raise Amid Inflation: 'Their Salary Went Up!'. When you’re as busy as Snoop, a personal joint roller is a no-brainer."
news-2022-0553,6/8/22,2022,Trevante Rhodes Is Mike Tyson In Fighting Form On New Hulu Series,"The ""Moonlight"" actor tackles the heavyweight champ's triumphs and troubling controversies in ""Mike,"" an unauthorized bio-series due out Aug. 25.",Curtis M. Wong,https://www.huffpost.com/entry/trevante-rhodes-mike-tyson-hulu-series_n_62a11226e4b04a617349d1f2,"Trevante Rhodes Is Mike Tyson In Fighting Form On New Hulu Series. The ""Moonlight"" actor tackles the heavyweight champ's triumphs and troubling controversies in ""Mike,"" an unauthorized bio-series due out Aug. 25."
news-2022-0554,6/7/22,2022,How To Prevent And Treat Summer Chafing For Men,Ditch the discomfort down there with these dermatologist-recommended tips.,Katie McPherson,https://www.huffpost.com/entry/how-to-prevent-chafing-men_l_629113eae4b05cfc269a1baa,How To Prevent And Treat Summer Chafing For Men. Ditch the discomfort down there with these dermatologist-recommended tips.
news-2022-0555,6/7/22,2022,"Keanu Reeves, The Internet's Boyfriend, Still Going Strong With Girlfriend Alexandra Grant, Pics Show",The two glowed at a red carpet outing more than two years after going public with their relationship.,Ron Dicker,https://www.huffpost.com/entry/keanu-reeves-alexandra-grant-red-carpet_n_629f2887e4b05fe694f8769d,"Keanu Reeves, The Internet's Boyfriend, Still Going Strong With Girlfriend Alexandra Grant, Pics Show. The two glowed at a red carpet outing more than two years after going public with their relationship."
news-2022-0556,6/7/22,2022,Outraged Matthew McConaughey Begs For Commonsense Gun Laws At White House,"""As divided as our country is, this gun responsibility issue is one that we agree on more than we don’t,"" said the actor, who hails from Uvalde, Texas.",Lydia O'Connor,https://www.huffpost.com/entry/matthew-mcconaughey-white-house-uvalde-guns_n_629f9b48e4b0b1100a69bd57,"Outraged Matthew McConaughey Begs For Commonsense Gun Laws At White House. ""As divided as our country is, this gun responsibility issue is one that we agree on more than we don’t,"" said the actor, who hails from Uvalde, Texas."
news-2022-0557,6/7/22,2022,Peter Navarro Ripped For Complaining That Being Arrested Wasn't Very Pleasant,The former Trump official griped that he was strip-searched after he was arrested for defying a subpoena.,Josephine Harvey,https://www.huffpost.com/entry/peter-navarro-arrested-reactions_n_629eaaa1e4b090b53b88896a,Peter Navarro Ripped For Complaining That Being Arrested Wasn't Very Pleasant. The former Trump official griped that he was strip-searched after he was arrested for defying a subpoena.
news-2022-0558,6/7/22,2022,The Best Foods To Eat If You're Hungry At Night,Nutritionists share how to enjoy a healthy midnight snack without destroying your night's sleep.,Alexandra Emanuelli,https://www.huffpost.com/entry/best-foods-eat-night-snack_l_629a4118e4b05fe694f4273b,The Best Foods To Eat If You're Hungry At Night. Nutritionists share how to enjoy a healthy midnight snack without destroying your night's sleep.
news-2022-0559,6/7/22,2022,‘Stranger Things’ Creators Admit They Made Huge Continuity Error In Season 4,The Duffer Brothers said they had no intention of making one character’s birthday so sad.,Elyse Wanshel,https://www.huffpost.com/entry/stranger-things-creators-admit-they-made-huge-continuity-error-in-season-4_n_629f8ba3e4b05fe694f94b72,‘Stranger Things’ Creators Admit They Made Huge Continuity Error In Season 4. The Duffer Brothers said they had no intention of making one character’s birthday so sad.
news-2022-0560,6/6/22,2022,Dave Chappelle Reveals 'Very Fitting Goodbye' Last Time He Saw Norm Macdonald,The story behind a photo.,Ed Mazza,https://www.huffpost.com/entry/dave-chappelle-norm-macdonald-goodbye_n_629d8e3de4b016c4eefaf9ae,Dave Chappelle Reveals 'Very Fitting Goodbye' Last Time He Saw Norm Macdonald. The story behind a photo.
news-2022-0561,6/6/22,2022,Giant White Python Appears On The MTV Stage -- Without Britney Spears,The reptile even received a kiss at the MTV Movie & TV Awards.,Elyse Wanshel,https://www.huffpost.com/entry/giant-white-python-makes-it-back-on-to-mtv-stage-without-britney-spears_n_629d5d43e4b016c4eefacde3,Giant White Python Appears On The MTV Stage -- Without Britney Spears. The reptile even received a kiss at the MTV Movie & TV Awards.
news-2022-0562,6/6/22,2022,Jennifer Lopez Gets Emotional Talking About Her 'Ride Or Die' At The MTV Movie & TV Awards,"""You’re only as good as the people that you work with,” Lopez said during her acceptance speech.",Jazmin Tolliver,https://www.huffpost.com/entry/jennifer-lopez-gives-emotional-speech-mtv-movie-tv-awards_n_629d600de4b0b1100a663a0d,"Jennifer Lopez Gets Emotional Talking About Her 'Ride Or Die' At The MTV Movie & TV Awards. ""You’re only as good as the people that you work with,” Lopez said during her acceptance speech."
news-2022-0563,6/6/22,2022,Pete Buttigieg Calls 'Door' Solution To Mass Shootings 'Definition Of Insanity',"Buttigieg shoots down Sen. Ted Cruz's ""insane"" single entrance strategy to end mass killings at schools.",Mary Papenfuss,https://www.huffpost.com/entry/pete-buttigieg-ted-cruz-door-mass-school-shootings_n_629d5be6e4b07aa9389b3d89,"Pete Buttigieg Calls 'Door' Solution To Mass Shootings 'Definition Of Insanity'. Buttigieg shoots down Sen. Ted Cruz's ""insane"" single entrance strategy to end mass killings at schools."
news-2022-0564,6/6/22,2022,Prince Louis Steals The Show Again With Iconic Antics At Platinum Jubilee,The 4-year-old royal is the gift that keeps on giving.,Josephine Harvey,https://www.huffpost.com/entry/prince-louis-memes-platinum-jubilee_n_629d5a31e4b07aa9389b3c79,Prince Louis Steals The Show Again With Iconic Antics At Platinum Jubilee. The 4-year-old royal is the gift that keeps on giving.
news-2022-0565,6/6/22,2022,"South African Pastor Found Guilty Of Treason, Racist Plot",A South African court has convicted a pastor of plotting to overthrow the government and to kill thousands of Black people in the country.,"MOGOMOTSI MAGOME, AP",https://www.huffpost.com/entry/south-africa-treason-conviction_n_629e3a26e4b0b1100a677cf5,"South African Pastor Found Guilty Of Treason, Racist Plot. A South African court has convicted a pastor of plotting to overthrow the government and to kill thousands of Black people in the country."
news-2022-0566,6/5/22,2022,"Alaska's Unusual House Primary Draws Palin, Santa, 46 Others","Alaska voters are facing an election unlike any they’ve seen, with 48 candidates running to succeed Don Young, who held the state’s only U.S. House seat for 49 years.","BECKY BOHRER, AP",https://www.huffpost.com/entry/alaska-house-primary_n_629d37f9e4b0c184bdd2711d,"Alaska's Unusual House Primary Draws Palin, Santa, 46 Others. Alaska voters are facing an election unlike any they’ve seen, with 48 candidates running to succeed Don Young, who held the state’s only U.S. House seat for 49 years."
news-2022-0567,6/5/22,2022,Filmmaker John Waters Complains Trump Forever Ruined Bad Taste,"The former president destroyed the humor, the filmmaker grumbles.",Mary Papenfuss,https://www.huffpost.com/entry/john-waters-donald-trump-ruined-bad-taste-guardians_n_629bfc00e4b05fe694f533a2,"Filmmaker John Waters Complains Trump Forever Ruined Bad Taste. The former president destroyed the humor, the filmmaker grumbles."
news-2022-0568,6/5/22,2022,"Rafael Nadal Wins French Open For 14th Time, Defeating Casper Ruud",Nadal secured his 22nd Grand Slam title on Sunday at Roland Garros. No man has won more Grand Slam titles than Nadal.,,https://www.huffpost.com/entry/rafael-nadal-french-open-casper-rudd-roland-garros_n_629ccab5e4b090b53b867df4,"Rafael Nadal Wins French Open For 14th Time, Defeating Casper Ruud. Nadal secured his 22nd Grand Slam title on Sunday at Roland Garros. No man has won more Grand Slam titles than Nadal."
news-2022-0569,6/5/22,2022,Sen. Chris Murphy: 'We're Closer Than Ever Before' On Bipartisan Gun Legislation,"""I've never been part of negotiations as serious as these,"" he said of ongoing talks in the Senate. ""We are talking about a meaningful change in our gun laws.""",Nina Golgowski,https://www.huffpost.com/entry/chris-murphy-senate-bipartisan-talks-gun-laws_n_629cb417e4b05fe694f5987c,"Sen. Chris Murphy: 'We're Closer Than Ever Before' On Bipartisan Gun Legislation. ""I've never been part of negotiations as serious as these,"" he said of ongoing talks in the Senate. ""We are talking about a meaningful change in our gun laws."""
news-2022-0570,6/5/22,2022,Why Biden Is Giving Gun Control Negotiators ‘Some Space’,A president who boasted of his deal-making abilities has backed away from day-to-day congressional action on key issues.,Kevin Robillard,https://www.huffpost.com/entry/joe-biden-gun-control-some-space_n_629a7ad6e4b05fe694f48122,Why Biden Is Giving Gun Control Negotiators ‘Some Space’. A president who boasted of his deal-making abilities has backed away from day-to-day congressional action on key issues.
news-2022-0571,6/4/22,2022,"As Ukraine Loses Troops, How Long Can It Keep Up The Fight?","“This is one of the critical moments in the war, but it is not the peak.""","John Leicester and Hanna Arhirova, AP",https://www.huffpost.com/entry/ukraine-losses-russia-war_n_629ba3d0e4b016c4eefa01cf,"As Ukraine Loses Troops, How Long Can It Keep Up The Fight?. “This is one of the critical moments in the war, but it is not the peak."""
news-2022-0572,6/4/22,2022,Police Dispatcher Fired After Allegedly Hanging Up On Store Employee During Buffalo Shooting,"An assistant manager at Tops Supermarket called police begging for help. A dispatcher allegedly told her to stop whispering, then hung up the phone.",Sebastian Murdock,https://www.huffpost.com/entry/police-dispatcher-fired-buffalo-shooting_n_629b73aae4b07aa9389a5f0c,"Police Dispatcher Fired After Allegedly Hanging Up On Store Employee During Buffalo Shooting. An assistant manager at Tops Supermarket called police begging for help. A dispatcher allegedly told her to stop whispering, then hung up the phone."
news-2022-0573,6/3/22,2022,Court Rules That California Bees Can Be Fish And Have The Same Protections,"“The court’s decision allows California to protect some of its most endangered pollinators.""",Mary Papenfuss,https://www.huffpost.com/entry/fish-bees-california-endangered-species_n_6299a0b3e4b0c184bdcf7f30,"Court Rules That California Bees Can Be Fish And Have The Same Protections. “The court’s decision allows California to protect some of its most endangered pollinators."""
news-2022-0574,6/3/22,2022,Man Robbed Of Assault Rifle At Gunpoint Opens Fire With Second Gun,"The accused robber was struck multiple times, and two bystanders were wounded in the St. Louis shootout.",Mary Papenfuss,https://www.huffpost.com/entry/multiple-guns-robbery-wellston-market-missouri_n_62994cbee4b05fe694f296ad,"Man Robbed Of Assault Rifle At Gunpoint Opens Fire With Second Gun. The accused robber was struck multiple times, and two bystanders were wounded in the St. Louis shootout."
news-2022-0575,6/3/22,2022,The 20 Funniest Tweets From Women This Week (May 28-June 3),"""sorry i was weird last night. it was to move the plot forward""",Caroline Bologna,https://www.huffpost.com/entry/funniest-tweets-from-women-may-28-june-3_n_6298d7d2e4b0c184bdce882b,"The 20 Funniest Tweets From Women This Week (May 28-June 3). ""sorry i was weird last night. it was to move the plot forward"""
news-2022-0576,6/3/22,2022,The Funniest Tweets From Parents This Week (May 28-June 3),"""Take your kids to the ocean so they can repeatedly ask to swim in the hotel pool.""",Caroline Bologna,https://www.huffpost.com/entry/funniest-parenting-tweets_l_6298e923e4b07aa938976770,"The Funniest Tweets From Parents This Week (May 28-June 3). ""Take your kids to the ocean so they can repeatedly ask to swim in the hotel pool."""
news-2022-0577,6/3/22,2022,Vivica A. Fox Unloads On Jada Pinkett Smith For 'No Accountability' In Slap,"The ""Kill Bill"" star took issue with Pinkett Smith's ""cold"" comments about the Oscars assault on her ""Red Table Talk"" show.",Ron Dicker,https://www.huffpost.com/entry/vivica-a-fox-jada-pinkett-smith-slap_n_6299debde4b07aa93898be40,"Vivica A. Fox Unloads On Jada Pinkett Smith For 'No Accountability' In Slap. The ""Kill Bill"" star took issue with Pinkett Smith's ""cold"" comments about the Oscars assault on her ""Red Table Talk"" show."
news-2022-0578,6/2/22,2022,Comedian Stunned After Asking Man In Confederate Flag Shirt If He’s Pro-Slavery,"Jason Selvig of the comedy duo Good Liars said he was so perplexed that he asked the question three times, hoping for a direct answer.",Elyse Wanshel,https://www.huffpost.com/entry/comedian-stunned-confederate-flag-shirt-pro-slavery_n_62991c2de4b05fe694f2680c,"Comedian Stunned After Asking Man In Confederate Flag Shirt If He’s Pro-Slavery. Jason Selvig of the comedy duo Good Liars said he was so perplexed that he asked the question three times, hoping for a direct answer."
news-2022-0579,6/2/22,2022,Kim Kardashian Discusses Pete Davidson's 'BDE' And It Gets A Little Hot In Here,"The reality star finally goes there on Hulu's ""The Kardashians.""",Ron Dicker,https://www.huffpost.com/entry/kim-kardashian-pete-davidson-bde_n_62988271e4b090b53b81c45d,"Kim Kardashian Discusses Pete Davidson's 'BDE' And It Gets A Little Hot In Here. The reality star finally goes there on Hulu's ""The Kardashians."""
news-2022-0580,6/2/22,2022,Michael Avenatti Sentenced To 4 Years For Defrauding Stormy Daniels,Michael Avenatti has been sentenced to four years in prison for cheating client Stormy Daniels of hundreds of thousands of dollars in book proceeds.,"Bobby Caina Calvan and Larry Neumeister, AP",https://www.huffpost.com/entry/bc-us-michael-avenatti-stormy-daniels_n_6298da0be4b0c184bdce910d,Michael Avenatti Sentenced To 4 Years For Defrauding Stormy Daniels. Michael Avenatti has been sentenced to four years in prison for cheating client Stormy Daniels of hundreds of thousands of dollars in book proceeds.
news-2022-0581,6/2/22,2022,New York Poised To Raise Age For Semiautomatic Rifles,"This is a major change to firearm laws pushed, less than three weeks after authorities say an 18-year-old used one of the guns to kill 10 people at a supermarket in Buffalo.","MARINA VILLENEUVE, AP",https://www.huffpost.com/entry/gun-control-new-york-age_n_62991c7fe4b05fe694f268b3,"New York Poised To Raise Age For Semiautomatic Rifles. This is a major change to firearm laws pushed, less than three weeks after authorities say an 18-year-old used one of the guns to kill 10 people at a supermarket in Buffalo."
news-2022-0582,6/2/22,2022,Uvalde Police Officer Was On Phone With Wife Before She Was Killed: Report,"Ruben Ruiz's reported final call with his wife, Eva Mireles, could potentially shed light on what authorities knew when they decided not to engage the Robb Elementary shooter.",Nina Golgowski,https://www.huffpost.com/entry/uvalde-school-police-officer-call-teacher-wife_n_6298c7e7e4b016c4eef69cc1,"Uvalde Police Officer Was On Phone With Wife Before She Was Killed: Report. Ruben Ruiz's reported final call with his wife, Eva Mireles, could potentially shed light on what authorities knew when they decided not to engage the Robb Elementary shooter."
news-2022-0583,6/2/22,2022,‘Fire Island’ Remixes A Classic Jane Austen Tale — While Blazing Its Own Path,"Joel Kim Booster and Andrew Ahn discuss making a movie about queer Asian joy, and the Austen adaptations and rom-coms that influenced them.",Marina Fang,https://www.huffpost.com/entry/fire-island-movie-joel-kim-booster_n_629412e4e4b0415d4d8726d5,"‘Fire Island’ Remixes A Classic Jane Austen Tale — While Blazing Its Own Path. Joel Kim Booster and Andrew Ahn discuss making a movie about queer Asian joy, and the Austen adaptations and rom-coms that influenced them."
news-2022-0584,6/1/22,2022,Biden's Ex Daughter-In-Law Opens Up About Marriage To Hunter,"Kathleen Buhle describes her ex-husband’s drug addiction, his infidelity and her challenges with the Biden family in her new memoir “If We Break.”",,https://www.huffpost.com/entry/bc-us-biden-daughter-in-law_n_6297ad60e4b07aa938952281,"Biden's Ex Daughter-In-Law Opens Up About Marriage To Hunter. Kathleen Buhle describes her ex-husband’s drug addiction, his infidelity and her challenges with the Biden family in her new memoir “If We Break.”"
news-2022-0585,6/1/22,2022,"Breastfeeding In Public Is Hard. For Plus-Size Women, It's Even Harder.",Plus-size moms reveal the highs and lows of their breastfeeding journeys.,Kelsey Borresen,https://www.huffpost.com/entry/plus-size-women-breastfeed-public_l_626c0f51e4b029505df210bd,"Breastfeeding In Public Is Hard. For Plus-Size Women, It's Even Harder.. Plus-size moms reveal the highs and lows of their breastfeeding journeys."
news-2022-0586,6/1/22,2022,"Jada Pinkett Smith Says She Wants Will Smith, Chris Rock To Reconcile After Oscars Slap","Pinkett Smith revealed that it was her ""deepest hope"" that the two men have the opportunity to ""heal"" and talk things out.","Lynn Elber, AP",https://www.huffpost.com/entry/jada-pinkett-smith-will-smith-chris-rock-oscars-slap-reconcile_n_62979ddde4b07aa9389506ef,"Jada Pinkett Smith Says She Wants Will Smith, Chris Rock To Reconcile After Oscars Slap. Pinkett Smith revealed that it was her ""deepest hope"" that the two men have the opportunity to ""heal"" and talk things out."
news-2022-0587,6/1/22,2022,LeVar Burton Says He Was ‘Wrecked’ About 'Jeopardy!’ Controversy,"The veteran actor claims “'the fix was in"" when it came to picking a host to succeed Alex Trebek.",Jazmin Tolliver,https://www.huffpost.com/entry/levar-burton-says-he-was-wrecked-about-not-getting-jeopardy-host-job_n_6297a2c7e4b0b1100a6006a7,"LeVar Burton Says He Was ‘Wrecked’ About 'Jeopardy!’ Controversy. The veteran actor claims “'the fix was in"" when it came to picking a host to succeed Alex Trebek."
news-2022-0588,6/1/22,2022,"WATCH LIVE — A New Labor Movement: How Workers Are Unionizing Amazon, Starbucks, REI And Apple","Tune in on July 20 to watch our panel discussion with union organizers from the Amazon, REI, Starbucks and Apple battles.",Amanda Terkel,https://www.huffpost.com/entry/a-new-labor-movement-livestream_n_6297beb1e4b05fe694efe312,"WATCH LIVE — A New Labor Movement: How Workers Are Unionizing Amazon, Starbucks, REI And Apple. Tune in on July 20 to watch our panel discussion with union organizers from the Amazon, REI, Starbucks and Apple battles."
news-2022-0589,5/31/22,2022,'West Side Story' Actor Rachel Zegler To Star In 'Hunger Games' Prequel,"Zegler will play Lucy Gray Baird in “The Hunger Games: The Ballad of Songbirds and Snakes.""","The Associated Press, AP",https://www.huffpost.com/entry/rachel-zegler-hunger-games-prequel_n_6296662de4b090b53b7e57f4,"'West Side Story' Actor Rachel Zegler To Star In 'Hunger Games' Prequel. Zegler will play Lucy Gray Baird in “The Hunger Games: The Ballad of Songbirds and Snakes."""
news-2022-0590,5/31/22,2022,1 Dead After Crashing Into Miami Pond Teeming With Alligators,Police snipers guarded the pond during a tense rescue attempt.,Josephine Harvey,https://www.huffpost.com/entry/miami-rescue-snipers-pond_n_62956e60e4b0415d4d8912b7,1 Dead After Crashing Into Miami Pond Teeming With Alligators. Police snipers guarded the pond during a tense rescue attempt.
news-2022-0591,5/31/22,2022,"Kody Clemens, Roger Clemens' Son, Set To Make Major League Debut With Detroit Tigers","""I don't have to live up to what he did,"" Kody Clemens said of his pitching great pop after being called up from the minors.",,https://www.huffpost.com/entry/kody-clemens-major-league-debut-detroit-tigers_n_6295eae2e4b05cfc269ea2e0,"Kody Clemens, Roger Clemens' Son, Set To Make Major League Debut With Detroit Tigers. ""I don't have to live up to what he did,"" Kody Clemens said of his pitching great pop after being called up from the minors."
news-2022-0592,5/31/22,2022,Sonic Workers Find An Absolute Nightmare Lurking Just Behind The Fry Machine,They fled the restaurant and called the cops.,Ed Mazza,https://www.huffpost.com/entry/sonic-snake_n_6295a660e4b05cfc269e2615,Sonic Workers Find An Absolute Nightmare Lurking Just Behind The Fry Machine. They fled the restaurant and called the cops.
news-2022-0593,5/31/22,2022,Supreme Court Blocks Texas Law On Social Media Censorship,"The court voted in an unusual 5-4 alignment Tuesday to put the Texas law on hold, while a lawsuit plays out in lower courts.",,https://www.huffpost.com/entry/supreme-court-social-media-texas_n_6296936ce4b090b53b7e81b0,"Supreme Court Blocks Texas Law On Social Media Censorship. The court voted in an unusual 5-4 alignment Tuesday to put the Texas law on hold, while a lawsuit plays out in lower courts."
news-2022-0594,5/31/22,2022,"Uvalde's Next Steps: Visitations, Funerals And Burials, One After Another","Over the next two-and-a-half traumatic weeks, the Uvalde community will say goodbye to the 19 children and two teachers killed in a mass shooting.","Adriana Gomez Licon, AP",https://www.huffpost.com/entry/texas-school-shooting-uvalde_n_6295905ee4b0edd2d027a36e,"Uvalde's Next Steps: Visitations, Funerals And Burials, One After Another. Over the next two-and-a-half traumatic weeks, the Uvalde community will say goodbye to the 19 children and two teachers killed in a mass shooting."
news-2022-0595,5/30/22,2022,"Angel Statue Beheaded At Church, $2 Million Relic Stolen",The New York City church says its stolen 18-carat gold relic was guarded by its own security system and is irreplaceable due to its historical and artistic value.,"Michael R. Sisak, AP",https://www.huffpost.com/entry/ap-us-church-theft-beheaded-statue_n_629504abe4b0933e7376f2fa,"Angel Statue Beheaded At Church, $2 Million Relic Stolen. The New York City church says its stolen 18-carat gold relic was guarded by its own security system and is irreplaceable due to its historical and artistic value."
news-2022-0596,5/30/22,2022,"Georgia DA Could Bury Trump With His Own Words, Says Former Fed Prosecutor","Trump, meanwhile, is blasting the special grand jury probe into his demand for extra Georgia votes after he lost the election.",Mary Papenfuss,https://www.huffpost.com/entry/fani-willis-joyce-vance-donald-trump-raffensperger-phone-call-state-of-mind-evidence_n_6294ee92e4b0cda85dc20c3c,"Georgia DA Could Bury Trump With His Own Words, Says Former Fed Prosecutor. Trump, meanwhile, is blasting the special grand jury probe into his demand for extra Georgia votes after he lost the election."
news-2022-0597,5/30/22,2022,"Here’s How Day Drinking Affects Your Body Differently, According To Experts",Drinking a pitcher of margaritas poolside hits different from an evening glass of wine. Three doctors explain exactly how.,Emily Laurence,https://www.huffpost.com/entry/how-day-drinking-affects-your-body_l_6287cae4e4b0415d4d770a34,"Here’s How Day Drinking Affects Your Body Differently, According To Experts. Drinking a pitcher of margaritas poolside hits different from an evening glass of wine. Three doctors explain exactly how."
news-2022-0598,5/30/22,2022,The Biggest COVID Issues People Bring Up In Therapy,"Mental health experts reveal the common pandemic-related struggles people discuss in sessions, plus advice on how to cope.",Alexandra Frost,https://www.huffpost.com/entry/covid-issues-therapy_l_628525d7e4b0c84db72d1097,"The Biggest COVID Issues People Bring Up In Therapy. Mental health experts reveal the common pandemic-related struggles people discuss in sessions, plus advice on how to cope."
news-2022-0599,5/29/22,2022,"Adam Kinzinger Calls Gun Age Limits 'A No-Brainer,' Considers Assault Weapon Ban","“Can we stop all of it? No. Can we mitigate it? Certainly. And we should be doing that now,"" the Illinois Republican said of gun violence following last week's mass shooting.",Nina Golgowski,https://www.huffpost.com/entry/adam-kinzinger-gun-age-limits-assault-weapons-ban_n_62936c7be4b0415d4d86d2d5,"Adam Kinzinger Calls Gun Age Limits 'A No-Brainer,' Considers Assault Weapon Ban. “Can we stop all of it? No. Can we mitigate it? Certainly. And we should be doing that now,"" the Illinois Republican said of gun violence following last week's mass shooting."
news-2022-0600,5/29/22,2022,Christian Nationalism On The Rise In Some GOP Campaigns,Doug Mastriano’s win in the Pennsylvania gubernatorial primary marks a high-profile victory for the movement.,"PETER SMITH and DEEPA BHARATH, AP NEWS",https://www.huffpost.com/entry/christian-nationalism-gop-campaigns_n_6293f114e4b0b1d98457a0dd,Christian Nationalism On The Rise In Some GOP Campaigns. Doug Mastriano’s win in the Pennsylvania gubernatorial primary marks a high-profile victory for the movement.
news-2022-0601,5/29/22,2022,"Netflix Co-CEO Backs Dave Chappelle, Says Programs Are 'Not Going To Be For Everybody'",The streaming giant has faced backlash due to comedians' transphobic comments in recent specials.,Ben Blanchet,https://www.huffpost.com/entry/netflix-ceo-dave-chappelle-programming_n_6292e250e4b0415d4d8666c0,"Netflix Co-CEO Backs Dave Chappelle, Says Programs Are 'Not Going To Be For Everybody'. The streaming giant has faced backlash due to comedians' transphobic comments in recent specials."
news-2022-0602,5/29/22,2022,Texas Gov. Greg Abbott Loudly Booed At Uvalde Memorial,"""Shame on you, Abbott!"" a crowd member yelled as Abbott arrived with the Bidens at the school where 19 children and two teachers were killed.",Mary Papenfuss,https://www.huffpost.com/entry/greg-abbott-booed-jeered-uvalde-memorial-site-dead-kids_n_6293df60e4b0b1d9845794e9,"Texas Gov. Greg Abbott Loudly Booed At Uvalde Memorial. ""Shame on you, Abbott!"" a crowd member yelled as Abbott arrived with the Bidens at the school where 19 children and two teachers were killed."
news-2022-0603,5/29/22,2022,"Weapons That Can Cause 'Grave Damage' Aren't Sacred, Texas Bishop Fumes","""Don't tell me that guns aren't the problem, people are. I'm sick of hearing it,"" tweeted Brownsville Bishop Daniel Flores.",Mary Papenfuss,https://www.huffpost.com/entry/brownsville-bishop-daniel-flores-gun-ownershoip-sacred_n_629307b1e4b0b1d9845703a0,"Weapons That Can Cause 'Grave Damage' Aren't Sacred, Texas Bishop Fumes. ""Don't tell me that guns aren't the problem, people are. I'm sick of hearing it,"" tweeted Brownsville Bishop Daniel Flores."
news-2022-0604,5/28/22,2022,Boy Whose Body Was Found In Suitcase Died Of Electrolyte Imbalance,Police say an autopsy for a young boy found dead in a suitcase in southern Indiana showed he died from an electrolyte imbalance.,,https://www.huffpost.com/entry/boys-body-found-suitcase-indiana_n_62922d70e4b0933e737420c7,Boy Whose Body Was Found In Suitcase Died Of Electrolyte Imbalance. Police say an autopsy for a young boy found dead in a suitcase in southern Indiana showed he died from an electrolyte imbalance.
news-2022-0605,5/28/22,2022,Brother Of Boy Killed In Uvalde Shooting Blasts Police Response As 'Selfish',"“They’re here to protect our community, and they didn’t.""",Hilary Hanson,https://www.huffpost.com/entry/brother-uvalde-victim-police-selfish_n_62923888e4b0933e7374273f,"Brother Of Boy Killed In Uvalde Shooting Blasts Police Response As 'Selfish'. “They’re here to protect our community, and they didn’t."""
news-2022-0606,5/28/22,2022,Defiant Kevin McCarthy Challenges  Subpoena Authority Of Jan. 6 Committee,McCarthy's attorney argues in letter that the committee cannot issue subpoenas to the lawmakers under House rules.,"Farnoush Amiri and Mary Clare Jalonick, AP",https://www.huffpost.com/entry/kevin-mccarthy-conditions-letter-jan-6-committee_n_6291a37ce4b0b1d98456257a,Defiant Kevin McCarthy Challenges Subpoena Authority Of Jan. 6 Committee. McCarthy's attorney argues in letter that the committee cannot issue subpoenas to the lawmakers under House rules.
news-2022-0607,5/28/22,2022,Federal Judges Overrule Ohio Supreme Court: Mandate Voided Voting Map,"The decision is a win for the Republican-dominated redistricting commission, which passed five straight sets of legislative maps that couldn’t meet constitutional muster.","Andrew Welsh-Huggins, AP",https://www.huffpost.com/entry/ohio-redistrict-map-judges_n_629163a4e4b0415d4d856f88,"Federal Judges Overrule Ohio Supreme Court: Mandate Voided Voting Map. The decision is a win for the Republican-dominated redistricting commission, which passed five straight sets of legislative maps that couldn’t meet constitutional muster."
news-2022-0608,5/28/22,2022,Guilty Plea In Plot To Firebomb California Democratic HQ,"“I want to blow up a democrat building bad,” Benjamin Rogers wrote in a messaging app.","Don Thomspon, AP",https://www.huffpost.com/entry/guilty-plea-in-plot-to-firebomb-california-democratic-hq_n_6292a18ee4b0edd2d024be92,"Guilty Plea In Plot To Firebomb California Democratic HQ. “I want to blow up a democrat building bad,” Benjamin Rogers wrote in a messaging app."
news-2022-0609,5/28/22,2022,Oregon Man Parts Ways With Guns In Viral Change Of Heart,"The man said he hopes the U.S. ""wakes up"" and addresses gun violence in a plea on TikTok.",Ben Blanchet,https://www.huffpost.com/entry/oregon-man-tiktok-destroys-guns_n_6291cf7be4b0cda85dbf009f,"Oregon Man Parts Ways With Guns In Viral Change Of Heart. The man said he hopes the U.S. ""wakes up"" and addresses gun violence in a plea on TikTok."
news-2022-0610,5/27/22,2022,11 Survivors Of School Gun Violence Share How It Still Reverberates Through Their Lives,"Since Columbine in 1999, more than 311,000 students have experienced some form of gun violence at school. And it has stuck with them.",Brittany Wong,https://www.huffpost.com/entry/school-shooting-survivors-on-how-it-affects-them-today_l_628d4eece4b0b1d9844e3d1e,"11 Survivors Of School Gun Violence Share How It Still Reverberates Through Their Lives. Since Columbine in 1999, more than 311,000 students have experienced some form of gun violence at school. And it has stuck with them."
news-2022-0611,5/27/22,2022,Pebbles The Toy Fox Terrier Fetches 'Oldest Living Dog' Title In Tiny Canine Showdown,"Pebbles, 22, has snatched the Guinness world record from the jaws of a 21-year-old Chihuahua named TobyKeith.",Hilary Hanson,https://www.huffpost.com/entry/pebbles-oldest-living-dog-toy-fox-terrier_n_6290f391e4b05cfc2699d563,"Pebbles The Toy Fox Terrier Fetches 'Oldest Living Dog' Title In Tiny Canine Showdown. Pebbles, 22, has snatched the Guinness world record from the jaws of a 21-year-old Chihuahua named TobyKeith."
news-2022-0612,5/27/22,2022,The 20 Funniest Tweets From Women This Week (May 21-27),"""I’ve been described as 'introverted' by dozens of men I didn’t want to talk to.""",Caroline Bologna,https://www.huffpost.com/entry/the-funniest-tweets-from-women-may-21-27_n_628f152ee4b0cda85dba623b,"The 20 Funniest Tweets From Women This Week (May 21-27). ""I’ve been described as 'introverted' by dozens of men I didn’t want to talk to."""
news-2022-0613,5/27/22,2022,The Funniest Tweets From Parents This Week (May 21-27),"""My 5yo is demanding I tell him where he lived when mommy and daddy were kids.""",Caroline Bologna,https://www.huffpost.com/entry/funniest-parenting-tweets_l_6290f361e4b0933e73730c00,"The Funniest Tweets From Parents This Week (May 21-27). ""My 5yo is demanding I tell him where he lived when mommy and daddy were kids."""
news-2022-0614,5/27/22,2022,Watch 'Slowest Pitch On Record' To Make A Batter Miss In Major League Baseball,"Cubs shortstop Andrelton Simmons filled in at pitcher during a lopsided loss to the Reds, and he served up a leisurely lob to the Reds' Kyle Farmer.",Ron Dicker,https://www.huffpost.com/entry/andrelton-simmons-slowest-pitch_n_6290f379e4b0edd2d02366d7,"Watch 'Slowest Pitch On Record' To Make A Batter Miss In Major League Baseball. Cubs shortstop Andrelton Simmons filled in at pitcher during a lopsided loss to the Reds, and he served up a leisurely lob to the Reds' Kyle Farmer."
news-2022-0615,5/26/22,2022,'American Pie' Singer Don McLean Drops Out Of NRA Convention Gig After Shooting,"The folk-rock star said it would be ""disrespectful"" to play after the Uvalde massacre, but Donald Trump and other GOP politicians plan to go anyway.",Ron Dicker,https://www.huffpost.com/entry/don-mclean-nra-convention_n_628f4e80e4b0b1d98452198d,"'American Pie' Singer Don McLean Drops Out Of NRA Convention Gig After Shooting. The folk-rock star said it would be ""disrespectful"" to play after the Uvalde massacre, but Donald Trump and other GOP politicians plan to go anyway."
news-2022-0616,5/26/22,2022,Chihuahua Puppy In Recovery After Being Shot Through The Neck With Arrow,"A startling photo shows the dog with an arrow sticking out of both sides of her neck, where it somehow missed vital arteries.",Hilary Hanson,https://www.huffpost.com/entry/chihuahua-puppy-dog-survives-arrow-through-neck_n_628e80a7e4b0b1d98450fd7c,"Chihuahua Puppy In Recovery After Being Shot Through The Neck With Arrow. A startling photo shows the dog with an arrow sticking out of both sides of her neck, where it somehow missed vital arteries."
news-2022-0617,5/26/22,2022,Gov. Greg Abbott Stops At Fundraiser After Texas School Shooting,"The governor said he made a campaign appearance after learning of the Uvalde school massacre so his supporters would ""know what happened.""",Marita Vlachou,https://www.huffpost.com/entry/greg-abbott-fundraiser-stop-texas-shooting_n_628f3bd7e4b0edd2d01fd9d0,"Gov. Greg Abbott Stops At Fundraiser After Texas School Shooting. The governor said he made a campaign appearance after learning of the Uvalde school massacre so his supporters would ""know what happened."""
news-2022-0618,5/26/22,2022,How ‘Hacks’ Turned A Cow Giving Birth Into Something Deeply Profound,"Lucia Aniello, Paul Downs and Jen Statsky, the creators of the HBO Max comedy, talk about what inspired episode five of the show’s second season.",Marina Fang,https://www.huffpost.com/entry/hacks-hbo-max-season-2-episode-5-interview_n_628952b2e4b0415d4d783afa,"How ‘Hacks’ Turned A Cow Giving Birth Into Something Deeply Profound. Lucia Aniello, Paul Downs and Jen Statsky, the creators of the HBO Max comedy, talk about what inspired episode five of the show’s second season."
news-2022-0619,5/26/22,2022,Parents Plead For Uvalde Cops To Rescue Trapped Kids In Heart-Wrenching Video,Law enforcement officers are facing scrutiny over whether they could have saved more people by rushing into Robb Elementary School sooner.,Sara Boboltz,https://www.huffpost.com/entry/parents-plead-for-uvalde-cops-to-rescue-kids-in-new-video-from-shooting_n_628fb165e4b0cda85dbbc772,Parents Plead For Uvalde Cops To Rescue Trapped Kids In Heart-Wrenching Video. Law enforcement officers are facing scrutiny over whether they could have saved more people by rushing into Robb Elementary School sooner.
news-2022-0620,5/26/22,2022,This Perfect Homemade Burger Recipe Doesn't Require A Grill,"Plus, pro tips that'll help you optimize every element of it.",Anna Rahmanan,https://www.huffpost.com/entry/homemade-burger-recipe-no-grill_l_62853ee2e4b0c2dce6583821,"This Perfect Homemade Burger Recipe Doesn't Require A Grill. Plus, pro tips that'll help you optimize every element of it."
news-2022-0621,5/25/22,2022,Brian Kemp Easily Wins GOP Nomination Despite Being Trump’s No. 1 Revenge Target,The incumbent Georgia governor will now face Democrat Stacey Abrams in a rematch of their 2018 election.,S.V. Date,https://www.huffpost.com/entry/trump-brian-kemp-georgia-governor_n_628bdeade4b01a50ab5bf5b1,Brian Kemp Easily Wins GOP Nomination Despite Being Trump’s No. 1 Revenge Target. The incumbent Georgia governor will now face Democrat Stacey Abrams in a rematch of their 2018 election.
news-2022-0622,5/25/22,2022,Florence Pugh Calls Out 'Horrible' Reaction To Her Rumored Breakup With Zach Braff,The Marvel star shut down speculation that she'd moved on with actor Will Poulter after they were photographed vacationing together.,Cole Delbyck,https://www.huffpost.com/entry/florence-pugh-seemingly-defends-boyfriend-zach-braff-over-bullying-amid-breakup-rumors_n_628e7235e4b0415d4d804b11,Florence Pugh Calls Out 'Horrible' Reaction To Her Rumored Breakup With Zach Braff. The Marvel star shut down speculation that she'd moved on with actor Will Poulter after they were photographed vacationing together.
news-2022-0623,5/25/22,2022,Kate Moss Denies Ex Johnny Depp Pushed Her Down the Stairs,"During her testimony, Amber Heard referred to a rumor that Depp had physically assaulted the supermodel when they dated in the 1990s.","MATTHEW BARAKAT, AP",https://www.huffpost.com/entry/bc-us-depp-heard-trial_n_628e3c97e4b0cda85db8f6de,"Kate Moss Denies Ex Johnny Depp Pushed Her Down the Stairs. During her testimony, Amber Heard referred to a rumor that Depp had physically assaulted the supermodel when they dated in the 1990s."
news-2022-0624,5/25/22,2022,Texas Gov. On State's Deadliest School Shooting: 'It Could Have Been Worse',"GOP Gov. Greg Abbott said what Texans need ""now more than ever is our love"" after a gunman killed 19 children and two teachers in Uvalde.",Nina Golgowski,https://www.huffpost.com/entry/greg-abbott-response-uvalde-school-shooting_n_628e7458e4b0cda85db994e2,"Texas Gov. On State's Deadliest School Shooting: 'It Could Have Been Worse'. GOP Gov. Greg Abbott said what Texans need ""now more than ever is our love"" after a gunman killed 19 children and two teachers in Uvalde."
news-2022-0625,5/25/22,2022,Tom Brady Takes Batting Practice. Gronk Shags The Balls. Enough Said.,The Tampa Bay Buccaneers quarterback showed the baseball skills that once got him drafted by the Montreal Expos.,Ron Dicker,https://www.huffpost.com/entry/tom-brady-batting-practice-rob-gronkowski_n_628e1f03e4b0cda85db88aed,Tom Brady Takes Batting Practice. Gronk Shags The Balls. Enough Said.. The Tampa Bay Buccaneers quarterback showed the baseball skills that once got him drafted by the Montreal Expos.
news-2022-0626,5/24/22,2022,'The Gray Man' Trailer: Gosling vs. Evans In Netflix's Most Expensive Movie Ever Made,"Chris Evans hunts down Ryan Gosling in the upcoming $200 million spy thriller from the Russo Brothers, which also stars Ana de Armas.",Cole Delbyck,https://www.huffpost.com/entry/the-gray-man-trailer-ryan-gosling-chris-evans-netflix_n_628cf755e4b0edd2d01b8a32,"'The Gray Man' Trailer: Gosling vs. Evans In Netflix's Most Expensive Movie Ever Made. Chris Evans hunts down Ryan Gosling in the upcoming $200 million spy thriller from the Russo Brothers, which also stars Ana de Armas."
news-2022-0627,5/24/22,2022,Florida Student Finds Clever Way To Shred 'Don't Say Gay' Law In Graduation Speech,"Zander Moricz, 18, quipped about his curly hair after he says school officials pledged to shut off his microphone if he referenced his LGBTQ advocacy work.",Curtis M. Wong,https://www.huffpost.com/entry/florida-student-dont-say-gay-bill-graduation-speech_n_628bec50e4b05cfc268fea57,"Florida Student Finds Clever Way To Shred 'Don't Say Gay' Law In Graduation Speech. Zander Moricz, 18, quipped about his curly hair after he says school officials pledged to shut off his microphone if he referenced his LGBTQ advocacy work."
news-2022-0628,5/24/22,2022,"Inclusion And Equity In TV Writing Is Still Largely 'Performative,' Report Finds","Many underrepresented TV writers aren’t being empowered to run their own shows or advance to leadership roles, as an annual survey of TV writers finds.",Marina Fang,https://www.huffpost.com/entry/tv-writers-diversity-inclusion_n_628d2beee4b0cda85db6c359,"Inclusion And Equity In TV Writing Is Still Largely 'Performative,' Report Finds. Many underrepresented TV writers aren’t being empowered to run their own shows or advance to leadership roles, as an annual survey of TV writers finds."
news-2022-0629,5/24/22,2022,Kellyanne Conway Finally Admits Marriage With George Conway Is On The Rocks,Donald Trump's former White House adviser told People that “love must come with respect and ... a modicum of class and dignity.”,David Moye,https://www.huffpost.com/entry/kellyanne-conway-george-conway-marriage-at-risk_n_628d0c4ce4b0edd2d01bbcc8,Kellyanne Conway Finally Admits Marriage With George Conway Is On The Rocks. Donald Trump's former White House adviser told People that “love must come with respect and ... a modicum of class and dignity.”
news-2022-0630,5/24/22,2022,The Supreme Court Just Made It More Likely Innocent People Will Be Executed,"“This decision is perverse. It is illogical,” Supreme Court Justice Sonia Sotomayor wrote in her dissent in Shinn v. Ramirez.",Jessica Schulberg,https://www.huffpost.com/entry/supreme-court-innocent-people-executed_n_628d370de4b0415d4d7d9013,"The Supreme Court Just Made It More Likely Innocent People Will Be Executed. “This decision is perverse. It is illogical,” Supreme Court Justice Sonia Sotomayor wrote in her dissent in Shinn v. Ramirez."
news-2022-0631,5/24/22,2022,Toddler Who Pulled Off Cheeseburger 'Heist' Gets Hero's Reception On Twitter,"""It hurts to see other people living your dreams,"" one user wrote.",Josephine Harvey,https://www.huffpost.com/entry/toddler-cheeseburger-heist-reactions_n_628c154de4b05cfc269024cb,"Toddler Who Pulled Off Cheeseburger 'Heist' Gets Hero's Reception On Twitter. ""It hurts to see other people living your dreams,"" one user wrote."
news-2022-0632,5/23/22,2022,Appeals Court Rules Florida Law On Social Media Unconstitutional,"“Put simply, with minor exceptions, the government can’t tell a private person or entity what to say or how to say it,” said Circuit Judge Kevin Newsom said in the opinion.","Curt Anderson, AP",https://www.huffpost.com/entry/florida-social-media-law-unconstitutional_n_628bd933e4b0415d4d7afc06,"Appeals Court Rules Florida Law On Social Media Unconstitutional. “Put simply, with minor exceptions, the government can’t tell a private person or entity what to say or how to say it,” said Circuit Judge Kevin Newsom said in the opinion."
news-2022-0633,5/23/22,2022,"If Your Mole Looks Like This, It's Time To See A Dermatologist",Experts explain the signs of melanoma to look out for on your skin.,Kelsey Borresen,https://www.huffpost.com/entry/atypical-mole-dermatologist_l_628671b0e4b0acd09d25dd8d,"If Your Mole Looks Like This, It's Time To See A Dermatologist. Experts explain the signs of melanoma to look out for on your skin."
news-2022-0634,5/23/22,2022,Russian Soldier Sentenced To Life At Kyiv War Crimes Trial,"Earlier on his trip to Asia, Biden signed legislation granting Ukraine $40 billion more in U.S. support for its defense against the Russian attack.","Elena Becatoros, Oleksandr Stashevskyi and Ricardo Mazalan, AP",https://www.huffpost.com/entry/russian-offensive-donbas-city_n_628b4132e4b05cfc268e50b2,"Russian Soldier Sentenced To Life At Kyiv War Crimes Trial. Earlier on his trip to Asia, Biden signed legislation granting Ukraine $40 billion more in U.S. support for its defense against the Russian attack."
news-2022-0635,5/23/22,2022,"Starbucks Leaving Russian Market, Shutting 130 Stores",Starbucks' move follows McDonald's exit from the Russian market last week.,"DEE-ANN DURBIN, AP",https://www.huffpost.com/entry/starbucks-leaves-russian-market-shuts-stores_n_628b9804e4b05cfc268f4413,"Starbucks Leaving Russian Market, Shutting 130 Stores. Starbucks' move follows McDonald's exit from the Russian market last week."
news-2022-0636,5/23/22,2022,Trevor Reed: U.S. Should Do 'Absolutely Everything' To Release Americans Held Illegally,"“We need to do absolutely everything we can as Americans,"" Reed, a former U.S. Marine who was imprisoned in Russia, told CNN.",Marita Vlachou,https://www.huffpost.com/entry/trevor-reed-americans-prisoners-brittney-griner_n_628b53ace4b05cfc268e7597,"Trevor Reed: U.S. Should Do 'Absolutely Everything' To Release Americans Held Illegally. “We need to do absolutely everything we can as Americans,"" Reed, a former U.S. Marine who was imprisoned in Russia, told CNN."
news-2022-0637,5/22/22,2022,"78,000 Pounds Of Infant Formula Arrives In US From Europe",The Air Force flew pallets of baby formula to Indiana to begin alleviating the devastating nationwide shortage.,"Michael Conroy, AP",https://www.huffpost.com/entry/baby-formula-shortage-flight-europe_n_628aa1c0e4b05cfc268dc73f,"78,000 Pounds Of Infant Formula Arrives In US From Europe. The Air Force flew pallets of baby formula to Indiana to begin alleviating the devastating nationwide shortage."
news-2022-0638,5/22/22,2022,Biden Says Monkeypox Cases Something To 'Be Concerned About',"Monkeypox is rarely identified outside of Africa, but as of Friday, there were 80 confirmed cases worldwide, including at least two in the U.S., and another 50 suspected ones.","Josh Boak and Chris Megerian, AP",https://www.huffpost.com/entry/biden-monkeypox-comments_n_628a3e73e4b01a50ab59a704,"Biden Says Monkeypox Cases Something To 'Be Concerned About'. Monkeypox is rarely identified outside of Africa, but as of Friday, there were 80 confirmed cases worldwide, including at least two in the U.S., and another 50 suspected ones."
news-2022-0639,5/22/22,2022,NYC Mayor Eric Adams Declares State Of Emergency Over Baby Formula Shortage,Adams signed an executive order that will allow New York City to prevent price gouging on baby formula.,Andre Ellington,https://www.huffpost.com/entry/nyc-state-of-emergency-baby-formula_n_628a7ab5e4b0933e7366ea06,NYC Mayor Eric Adams Declares State Of Emergency Over Baby Formula Shortage. Adams signed an executive order that will allow New York City to prevent price gouging on baby formula.
news-2022-0640,5/22/22,2022,Teen Kidnapped At Dallas Basketball Game Found Days Later Held In Hotel Room,Family blasts Dallas police who they say didn't bother to launch a search. The teen was found by Oklahoma City Police 200 miles away.,Mary Papenfuss,https://www.huffpost.com/entry/teen-abduction-dallas-sex-traffic_n_62897578e4b0415d4d784450,Teen Kidnapped At Dallas Basketball Game Found Days Later Held In Hotel Room. Family blasts Dallas police who they say didn't bother to launch a search. The teen was found by Oklahoma City Police 200 miles away.
news-2022-0641,5/22/22,2022,The Lithium War Next Door,A lithium mining startup promised to make a rural pocket of North Carolina a clean-energy boomtown. But perceived slights and concerns over water have turned neighbors against the project.,Alexander C. Kaufman,https://www.huffpost.com/entry/piedmont-lithium-mine_n_62869f4be4b0933e7362d58c,The Lithium War Next Door. A lithium mining startup promised to make a rural pocket of North Carolina a clean-energy boomtown. But perceived slights and concerns over water have turned neighbors against the project.
news-2022-0642,5/22/22,2022,‘Doctor Strange’ Remains Atop Box Office As ‘Top Gun’ Looms,"“Downton Abbey: A New Era” made a strong opening showing, but there was no real blockbuster competition for “Doctor Strange.”","Andrew Dalton, AP",https://www.huffpost.com/entry/doctor-strange-remains-atop-box-office-as-top-gun-looms_n_628aa179e4b0cda85db233c6,"‘Doctor Strange’ Remains Atop Box Office As ‘Top Gun’ Looms. “Downton Abbey: A New Era” made a strong opening showing, but there was no real blockbuster competition for “Doctor Strange.”"
news-2022-0643,5/21/22,2022,145 Beagles In 'Acute Distress' Seized From Massive Breeding Facility: Lawsuit,Feds are suing a company that breeds dogs for research over egregious animal welfare violations,"Sarah Rakin, AP",https://www.huffpost.com/entry/beagles-breeding-virginia-animal-testing_n_6288f2cae4b0415d4d7801e0,145 Beagles In 'Acute Distress' Seized From Massive Breeding Facility: Lawsuit. Feds are suing a company that breeds dogs for research over egregious animal welfare violations
news-2022-0644,5/21/22,2022,"Family Hears Noise, Finds 550-Pound Alligator 'Taking A Dip' In Their Pool",And that's why you never belly-flop without looking first.,Hilary Hanson,https://www.huffpost.com/entry/11-foot-alligator-florida-pool_n_6288fb62e4b01a50ab590226,"Family Hears Noise, Finds 550-Pound Alligator 'Taking A Dip' In Their Pool. And that's why you never belly-flop without looking first."
news-2022-0645,5/21/22,2022,Group That Leaked Cawthorn's Nude Video Now Out To 'Fire' Lauren Boebert,"“Hi Rep. Boebert — Ask Rep Cawthorn about us. We look forwarding [sic] to getting to know you,"" American Muckrakers PAC wrote in an ominous tweet.",Mary Papenfuss,https://www.huffpost.com/entry/madison-cawthorn-lauren-boebert-muckrakers-back-firing-campaign_n_62883dc4e4b05cfc268c57d2,"Group That Leaked Cawthorn's Nude Video Now Out To 'Fire' Lauren Boebert. “Hi Rep. Boebert — Ask Rep Cawthorn about us. We look forwarding [sic] to getting to know you,"" American Muckrakers PAC wrote in an ominous tweet."
news-2022-0646,5/21/22,2022,Sebastian Stan Shades Musk With Why He Doesn't Want To Go To Space Anymore,"The ""Pam & Tommy"" star has changed his mind about space tourism.",Lee Moran,https://www.huffpost.com/entry/sebastian-stan-space_n_6288b28de4b0cda85db11597,"Sebastian Stan Shades Musk With Why He Doesn't Want To Go To Space Anymore. The ""Pam & Tommy"" star has changed his mind about space tourism."
news-2022-0647,5/21/22,2022,Trump Heaps Praise On Hungary's Viktor Orban At Conservative Conference: Report,A meeting of the Conservative Political Action Conference in Budapest kicked off this week with prominent American conservatives in attendance.,Sara Boboltz,https://www.huffpost.com/entry/trump-orban-cpac-hungary_n_6288f384e4b0415d4d780302,Trump Heaps Praise On Hungary's Viktor Orban At Conservative Conference: Report. A meeting of the Conservative Political Action Conference in Budapest kicked off this week with prominent American conservatives in attendance.
news-2022-0648,5/20/22,2022,'For Colored Girls' Continues To Be Black Women's North Star,"The extraordinary Broadway cast gush over their sisterhood, Ntozake Shange's resonant choreopoem and bringing their full selves to the stage each night.",Candice Frederick,https://www.huffpost.com/entry/for-colored-girls-cast-interview_n_6287bab2e4b0933e7364e92e,"'For Colored Girls' Continues To Be Black Women's North Star. The extraordinary Broadway cast gush over their sisterhood, Ntozake Shange's resonant choreopoem and bringing their full selves to the stage each night."
news-2022-0649,5/20/22,2022,Anna Delvey's 'Art Show' Was Nothing More Than Whiteness At Work,"Despite being held in ICE custody, the famed scammer had the very white privilege of hosting her own art show, titled “Allegedly,” at the Public Hotel.",Ruth Etiesit Samuel,https://www.huffpost.com/entry/anna-sorokin-delvey-art-show_n_6287fc7ee4b0edd2d015c8a4,"Anna Delvey's 'Art Show' Was Nothing More Than Whiteness At Work. Despite being held in ICE custody, the famed scammer had the very white privilege of hosting her own art show, titled “Allegedly,” at the Public Hotel."
news-2022-0650,5/20/22,2022,CPAC Head Hails Abortion Ban As Solution To Racist 'Replacement' Fears: Vice,"Scuttling Roe v. Wade is a ""good start"" to allowing ""our own people to live,"" Matt Schlapp told media at the conservative group's Budapest conference.",Mary Papenfuss,https://www.huffpost.com/entry/cpac-matt-schlapp-replacement-theory-abortion-ban-budapest-viktor-orban_n_6286bac7e4b0933e7362f5c8,"CPAC Head Hails Abortion Ban As Solution To Racist 'Replacement' Fears: Vice. Scuttling Roe v. Wade is a ""good start"" to allowing ""our own people to live,"" Matt Schlapp told media at the conservative group's Budapest conference."
news-2022-0651,5/20/22,2022,Monkeypox: What You Need To Know About The Virus,"The virus has been declared a global health emergency. Here's what that means for you, plus advice on symptoms, treatment and more.",Julia Ries and Lindsay Holmes,https://www.huffpost.com/entry/monkeypox-what-to-know-outbreak-symptoms_l_6287b809e4b0415d4d76d4ae,"Monkeypox: What You Need To Know About The Virus. The virus has been declared a global health emergency. Here's what that means for you, plus advice on symptoms, treatment and more."
news-2022-0652,5/20/22,2022,Samantha Bee Bleeped Big Time As She Torches Attack On Abortion Rights,"""How dare Republicans demand civility as they strip away our civil rights?!?"" the ""Full Frontal"" host said.",Josephine Harvey,https://www.huffpost.com/entry/samantha-bee-roe-v-wade_n_62871a5fe4b0cda85dae81a9,"Samantha Bee Bleeped Big Time As She Torches Attack On Abortion Rights. ""How dare Republicans demand civility as they strip away our civil rights?!?"" the ""Full Frontal"" host said."
news-2022-0653,5/20/22,2022,The Funniest Tweets From Parents This Week (May 14-20),"""80% of parenting is trying not to laugh when you’re supposed to be mad""",Caroline Bologna,https://www.huffpost.com/entry/funniest-parenting-tweets_l_6287e58de4b0415d4d772fac,"The Funniest Tweets From Parents This Week (May 14-20). ""80% of parenting is trying not to laugh when you’re supposed to be mad"""
news-2022-0654,5/19/22,2022,Dog On The Mend After Rescuing Owner From Mountain Lion,"After a harrowing journey to the vet, the Belgian Malinois survived the ordeal.",Josephine Harvey,https://www.huffpost.com/entry/dog-mountain-lion-attack_n_6285c1dbe4b0556e4a0969b1,"Dog On The Mend After Rescuing Owner From Mountain Lion. After a harrowing journey to the vet, the Belgian Malinois survived the ordeal."
news-2022-0655,5/19/22,2022,Jennifer Lopez Breaks Down Over Oscars Snub In Netflix Documentary Trailer,"The first look at the upcoming film shows the music superstar's fears of still not being ""taken seriously"" all these years later.",Cole Delbyck,https://www.huffpost.com/entry/jennifer-lopez-cries-over-oscars-snub-in-trailer-for-netflix-documentary_n_62865e2de4b0556e4a0b07b0,"Jennifer Lopez Breaks Down Over Oscars Snub In Netflix Documentary Trailer. The first look at the upcoming film shows the music superstar's fears of still not being ""taken seriously"" all these years later."
news-2022-0656,5/19/22,2022,Stop Saying 'Breastfeeding Is Free' Amid The Formula Shortage. It Isn't.,"The statement completely ignores the physical, emotional and financial costs of nursing — and women are bearing the expense.",Kelsey Borresen,https://www.huffpost.com/entry/breastfeeding-is-not-free_l_6283e865e4b050d95197ba39,"Stop Saying 'Breastfeeding Is Free' Amid The Formula Shortage. It Isn't.. The statement completely ignores the physical, emotional and financial costs of nursing — and women are bearing the expense."
news-2022-0657,5/18/22,2022,'The Mandalorian' Crew's Biggest Worry About Baby Yoda Seems Kind Of Ridiculous Now,"Dave Filoni, an executive producer for the series, called the Grogu character a ""slam dunk"" in an interview with Vanity Fair.",Ben Blanchet,https://www.huffpost.com/entry/baby-yoda-worried-producer_n_62848198e4b003ed29682749,"'The Mandalorian' Crew's Biggest Worry About Baby Yoda Seems Kind Of Ridiculous Now. Dave Filoni, an executive producer for the series, called the Grogu character a ""slam dunk"" in an interview with Vanity Fair."
news-2022-0658,5/18/22,2022,"Amber Heard's Sister Says Johnny Depp Tried To Control Her Style, Friends And Jobs","Whitney Henriquez said that, over time, Depp became ""vehemently"" opposed to his wife working in Hollywood.",Sara Boboltz,https://www.huffpost.com/entry/johnny-depp-amber-heard-whitney-henriquez_n_628548e3e4b04353eb0cc94a,"Amber Heard's Sister Says Johnny Depp Tried To Control Her Style, Friends And Jobs. Whitney Henriquez said that, over time, Depp became ""vehemently"" opposed to his wife working in Hollywood."
news-2022-0659,5/18/22,2022,"Doug Mastriano, Far-Right Election Denier, Wins Pennsylvania Gubernatorial Primary",The Christian nationalist who was near the Capitol during the Jan. 6 insurrection was endorsed by former President Donald Trump.,Christopher Mathias,https://www.huffpost.com/entry/doug-mastriano-wins-pennsylvania-governor-primary-republican_n_6284119ce4b0c84db72b0229,"Doug Mastriano, Far-Right Election Denier, Wins Pennsylvania Gubernatorial Primary. The Christian nationalist who was near the Capitol during the Jan. 6 insurrection was endorsed by former President Donald Trump."
news-2022-0660,5/18/22,2022,Miley Cyrus Has A Very On-Brand Response To Selena Gomez's 'SNL' Impression,"She made a T-shirt about it, of course.",Carly Ledbetter,https://www.huffpost.com/entry/miley-cyrus-selena-gomez-saturday-night-live_n_6285002fe4b0c2dce657bd5c,"Miley Cyrus Has A Very On-Brand Response To Selena Gomez's 'SNL' Impression. She made a T-shirt about it, of course."
news-2022-0661,5/18/22,2022,The Rise Of The BBL: How Getting A Brazilian Butt Lift Impacted These Patients,"For some patients, getting a BBL isn't about keeping up with the latest trend. But, as others realized after their procedures, shelling out for a curvier silhouette can be complicated.",Ruth Etiesit Samuel,https://www.huffpost.com/entry/the-rise-of-the-bbl-how-getting-a-brazilian-butt-lift-impacted-these-patients_n_6282842be4b0c84db7284337,"The Rise Of The BBL: How Getting A Brazilian Butt Lift Impacted These Patients. For some patients, getting a BBL isn't about keeping up with the latest trend. But, as others realized after their procedures, shelling out for a curvier silhouette can be complicated."
news-2022-0662,5/18/22,2022,Wisconsin Man Celebrates 50 Years Of Daily Big Macs At McDonald's,"Don Gorske has eaten a Big Mac almost every day for 50 years ― more than 32,000 as of last August.",David Moye,https://www.huffpost.com/entry/don-gorske-big-mac-50th-anniversary_l_62855fdfe4b02667554da1a2,"Wisconsin Man Celebrates 50 Years Of Daily Big Macs At McDonald's. Don Gorske has eaten a Big Mac almost every day for 50 years ― more than 32,000 as of last August."
news-2022-0663,5/17/22,2022,A Whole New Galaxy Of 'Star Wars' Projects Is Coming Your Way,"Lucasfilm boss Kathleen Kennedy unveiled the ""road map"" for future projects, including a new Taika Waititi film and a series from director Jon Watts.",Cole Delbyck,https://www.huffpost.com/entry/new-star-wars-projects_n_6283c7ece4b0c7c10778d5ea,"A Whole New Galaxy Of 'Star Wars' Projects Is Coming Your Way. Lucasfilm boss Kathleen Kennedy unveiled the ""road map"" for future projects, including a new Taika Waititi film and a series from director Jon Watts."
news-2022-0664,5/17/22,2022,Congress Will Discuss UFOs For First Time In More Than 50 Years And People Have Questions,"The House Intelligence Committee hearing follows a 2021 report of a possible national security ""challenge"" from UFOs.",Ben Blanchet,https://www.huffpost.com/entry/congress-hearing-ufos_n_62833966e4b0c2dce65403fd,"Congress Will Discuss UFOs For First Time In More Than 50 Years And People Have Questions. The House Intelligence Committee hearing follows a 2021 report of a possible national security ""challenge"" from UFOs."
news-2022-0665,5/17/22,2022,Donald Trump Is Back On Twitter,"The former president's Truth Social messages are being posted on Twitter, even though he's supposed to be permanently banned.",Mary Papenfuss,https://www.huffpost.com/entry/donald-trump-twitter-ban-truth-social-posts_n_6282ca6ae4b0c2dce65394fc,"Donald Trump Is Back On Twitter. The former president's Truth Social messages are being posted on Twitter, even though he's supposed to be permanently banned."
news-2022-0666,5/17/22,2022,Lawrence O’Donnell Accuses Rupert Murdoch Of Shaping Thinking Of White Supremacist Killers,"“No one should waste their breath on the men in makeup at Fox when Rupert Murdoch is responsible for everything that they say and do,"" said the MSNBC anchor.",Lee Moran,https://www.huffpost.com/entry/lawrence-odonnell-fox-news-murdoch-hate_n_62835279e4b04353eb08be6d,"Lawrence O’Donnell Accuses Rupert Murdoch Of Shaping Thinking Of White Supremacist Killers. “No one should waste their breath on the men in makeup at Fox when Rupert Murdoch is responsible for everything that they say and do,"" said the MSNBC anchor."
news-2022-0667,5/17/22,2022,The Porn Star Protagonist In 'Pleasure' Is A Woman Of Fascinating Contradictions,"“She’s sometimes the victim or in the bottom of some kind of hierarchy, but sometimes she’s also the one in the top,” filmmaker Ninja Thyberg told HuffPost.",Candice Frederick,https://www.huffpost.com/entry/ninja-thyberg-pleasure-porn-star-contradictions_n_6283c617e4b0c7c10778d297,"The Porn Star Protagonist In 'Pleasure' Is A Woman Of Fascinating Contradictions. “She’s sometimes the victim or in the bottom of some kind of hierarchy, but sometimes she’s also the one in the top,” filmmaker Ninja Thyberg told HuffPost."
news-2022-0668,5/17/22,2022,"Vaccine Skeptic Eric Clapton Contracts COVID, Cancels Shows Because He’s ‘Anxious’",The anti-lockdown guitar legend was warned he could “substantially delay his full recovery” if he continues touring.,Lee Moran,https://www.huffpost.com/entry/eric-clapton-covid-positive_n_62836fb1e4b003ed29664e19,"Vaccine Skeptic Eric Clapton Contracts COVID, Cancels Shows Because He’s ‘Anxious’. The anti-lockdown guitar legend was warned he could “substantially delay his full recovery” if he continues touring."
news-2022-0669,5/16/22,2022,Democrats Have Little Time To Avert An Election-Eve Obamacare Premium Hike,A subsidy boost for the Affordable Care Act that lowers prices for millions will end this year unless the federal government acts.,Jonathan Cohn,https://www.huffpost.com/entry/health-insurance-prices-2023-aca-obamacare_n_628120e3e4b050d951934a5e,Democrats Have Little Time To Avert An Election-Eve Obamacare Premium Hike. A subsidy boost for the Affordable Care Act that lowers prices for millions will end this year unless the federal government acts.
news-2022-0670,5/16/22,2022,"For This Child Of Immigrants, Pop Culture Became A Guide To Life In America","HuffPost senior culture reporter Marina Fang describes ""teaching"" pop culture to herself — and eventually turning it into a career.",Marina Fang,https://www.huffpost.com/entry/this-made-me-immigrants-learning-about-america-through-pop-culture_n_627aaab8e4b0b7c8f08a98c8,"For This Child Of Immigrants, Pop Culture Became A Guide To Life In America. HuffPost senior culture reporter Marina Fang describes ""teaching"" pop culture to herself — and eventually turning it into a career."
news-2022-0671,5/16/22,2022,John Legend Praises 'Brave' Chrissy Teigen For Sharing Pregnancy Loss Photos,"“It was raw, sharing our experience,” the musician told The Guardian in a new interview.",Carly Ledbetter,https://www.huffpost.com/entry/john-legend-pregnancy-loss-photos_l_628251d5e4b0c2dce652c4b2,"John Legend Praises 'Brave' Chrissy Teigen For Sharing Pregnancy Loss Photos. “It was raw, sharing our experience,” the musician told The Guardian in a new interview."
news-2022-0672,5/16/22,2022,The Best Ground-Beef-To-Fat Ratio For A Perfect Burger,"Should you opt for a leaner 90/10 ground beef mix, or a fattier 80/20 ground chuck? This is the number to keep in mind before you grill.",Abbe Wichman,https://www.huffpost.com/entry/ground-beef-fat-percentage-perfect-burger_l_627a8f03e4b0d7ea4cd30783,"The Best Ground-Beef-To-Fat Ratio For A Perfect Burger. Should you opt for a leaner 90/10 ground beef mix, or a fattier 80/20 ground chuck? This is the number to keep in mind before you grill."
news-2022-0673,5/16/22,2022,This Made Me: How Pop Culture Has Shaped Our Lives,"Introducing a new HuffPost series on the pop culture that unlocked something in us, helped us fit in, taught us something or became an entry point to something bigger.",Marina Fang,https://www.huffpost.com/entry/this-made-me-formative-pop-culture_n_627aab29e4b0d7ea4cd35502,"This Made Me: How Pop Culture Has Shaped Our Lives. Introducing a new HuffPost series on the pop culture that unlocked something in us, helped us fit in, taught us something or became an entry point to something bigger."
news-2022-0674,5/15/22,2022,"1 Killed, 4 Critically Wounded In California Church Shooting, Police Say","A group of churchgoers hog-tied the suspect with extension cords before he was able to shoot more congregants, authorities said.",Nick Visser,https://www.huffpost.com/entry/california-church-shooting_n_62816ef4e4b003ed2963465a,"1 Killed, 4 Critically Wounded In California Church Shooting, Police Say. A group of churchgoers hog-tied the suspect with extension cords before he was able to shoot more congregants, authorities said."
news-2022-0675,5/15/22,2022,"Buffalo Gunman Had Previously Threatened High School Shooting, Official Says","The 18-year-old racist who killed 10 people at a supermarket was sent for psychiatric treatment last year after threatening his school in Conklin, New York.","Carolyn Thompson and Michael Balsamo, AP",https://www.huffpost.com/entry/buffalo-supermarket-shooting-high-scool_n_6281343ce4b0c2dce6517131,"Buffalo Gunman Had Previously Threatened High School Shooting, Official Says. The 18-year-old racist who killed 10 people at a supermarket was sent for psychiatric treatment last year after threatening his school in Conklin, New York."
news-2022-0676,5/15/22,2022,Buffalo Suspect Embraced Racist 'Replacement' Conspiracy Pushed By Tucker Carlson,"The suspected shooter expressed repeated fears online that whites are being replaced by people of color, The New York Times reported.",Mary Papenfuss,https://www.huffpost.com/entry/great-replacement-conspiracy-theory-buffalo-mass-shooting_n_62806ccde4b0c2dce650f749,"Buffalo Suspect Embraced Racist 'Replacement' Conspiracy Pushed By Tucker Carlson. The suspected shooter expressed repeated fears online that whites are being replaced by people of color, The New York Times reported."
news-2022-0677,5/15/22,2022,K-9 Featured In Netflix's 'Rescued By Ruby' Euthanized,A Rhode Island dog whose inspiring story of going from shelter dog to life-saving police K-9 became the subject of a recent Netflix movie has been euthanized.,,https://www.huffpost.com/entry/k9-netflix-film-euthanized_n_62813875e4b0c7c10774c487,K-9 Featured In Netflix's 'Rescued By Ruby' Euthanized. A Rhode Island dog whose inspiring story of going from shelter dog to life-saving police K-9 became the subject of a recent Netflix movie has been euthanized.
news-2022-0678,5/15/22,2022,Melania Trump Rips Vogue 'Bias' For Keeping Her Off The Cover,"“They’re biased, and they have likes and dislikes, and it’s so obvious,” the former first lady told Fox News in her first interview since leaving the White House.",Mary Papenfuss,https://www.huffpost.com/entry/melania-trump-anna-wintour-vogue-cover-biases_n_62805bfde4b0c2dce650f3c3,"Melania Trump Rips Vogue 'Bias' For Keeping Her Off The Cover. “They’re biased, and they have likes and dislikes, and it’s so obvious,” the former first lady told Fox News in her first interview since leaving the White House."
news-2022-0679,5/15/22,2022,Security Guard 'Went Down Fighting' While Taking On Buffalo Mass Shooter: Police,"“He went towards the gunfire, he went towards the fight,"" an official said of former police officer Aaron Salter Jr., who exchanged gunfire with the supermarket shooter.",Nina Golgowski,https://www.huffpost.com/entry/aaron-salter-security-guard-tops-supermarket-shooting-buffalo_n_6280fdf4e4b0c7c10774918d,"Security Guard 'Went Down Fighting' While Taking On Buffalo Mass Shooter: Police. “He went towards the gunfire, he went towards the fight,"" an official said of former police officer Aaron Salter Jr., who exchanged gunfire with the supermarket shooter."
news-2022-0680,5/14/22,2022,"13 Shot, 10 Dead In 'Racially Motivated Hate Crime' At Buffalo Supermarket: Sheriff","New York Gov. Kathy Hochul called the shooter ""a white supremacist who has engaged in an act of terrorism, and will be prosecuted as such.""",Sebastian Murdock,https://www.huffpost.com/entry/bc-us-buffalo-supermarket-shooting_n_6280050be4b04353eb0533fc,"13 Shot, 10 Dead In 'Racially Motivated Hate Crime' At Buffalo Supermarket: Sheriff. New York Gov. Kathy Hochul called the shooter ""a white supremacist who has engaged in an act of terrorism, and will be prosecuted as such."""
news-2022-0681,5/14/22,2022,Donald Trump’s Enablers And Supporters Torched In Spoof Cellphone Carrier Spot,"“You want to hang Mike Pence, not hang up on him,"" cracked ""Daily Show"" correspondent Desi Lydic in the parody ad.",Lee Moran,https://www.huffpost.com/entry/coup-mobile-daily-show_n_627f5f8ae4b003ed2961f773,"Donald Trump’s Enablers And Supporters Torched In Spoof Cellphone Carrier Spot. “You want to hang Mike Pence, not hang up on him,"" cracked ""Daily Show"" correspondent Desi Lydic in the parody ad."
news-2022-0682,5/14/22,2022,Elizabeth Olsen Says She’s ‘Never Met’ Her ‘Dr. Strange 2’ Co-Star John Krasinski,The “WandaVision” star made the bizarre claim during a lie detector test — and passed.,Elyse Wanshel,https://www.huffpost.com/entry/elizabeth-olsen-never-met-dr-strange-2-co-star-john-krasinski_n_627ff63de4b050d951928f18,Elizabeth Olsen Says She’s ‘Never Met’ Her ‘Dr. Strange 2’ Co-Star John Krasinski. The “WandaVision” star made the bizarre claim during a lie detector test — and passed.
news-2022-0683,5/14/22,2022,Facebook Is Still Allowing Mug Shots Even Though They Can Ruin Lives,"When an individual’s mug shot goes viral on Facebook, they are often subjected to extreme harassment and struggle to find stable housing and employment.",Jessica Schulberg,https://www.huffpost.com/entry/mug-shots-ruin-lives-facebook_n_627a9457e4b0d7ea4cd31ad7,"Facebook Is Still Allowing Mug Shots Even Though They Can Ruin Lives. When an individual’s mug shot goes viral on Facebook, they are often subjected to extreme harassment and struggle to find stable housing and employment."
news-2022-0684,5/14/22,2022,Rep. Elise Stefanik Attacks Mysterious 'Pedo Grifters' For Shortage Of Infant Formula,"The New York Republican also argued against providing formula for migrant's babies and saw no contradiction with describing herself as ""pro-life.""",Mary Papenfuss,https://www.huffpost.com/entry/elise-stefanik-formula-shortage-pro-life-immigrant-babies_n_627ee897e4b050d95191ed13,"Rep. Elise Stefanik Attacks Mysterious 'Pedo Grifters' For Shortage Of Infant Formula. The New York Republican also argued against providing formula for migrant's babies and saw no contradiction with describing herself as ""pro-life."""
news-2022-0685,5/14/22,2022,Ted Cruz Mocked Republicans Who Suck Up To Trump And People's Irony Meters Exploded,The Texas Republican talked about GOP candidates having Trump tattooed on their rear ends and got some blunt reminders in response.,Lee Moran,https://www.huffpost.com/entry/ted-cruz-donald-trump-republicans-sucking-up_n_627f4712e4b050d9519214d3,Ted Cruz Mocked Republicans Who Suck Up To Trump And People's Irony Meters Exploded. The Texas Republican talked about GOP candidates having Trump tattooed on their rear ends and got some blunt reminders in response.
news-2022-0686,5/13/22,2022,Alison Leiby’s Abortion Wasn’t A Big Deal. So Why Is It Still So Hard To Talk About?,"The comedian’s one-woman show “Oh God, A Show About Abortion” unpacks why talking about abortion shouldn’t be so thorny.",Marina Fang,https://www.huffpost.com/entry/alison-leiby-oh-god-a-show-about-abortion_n_627d4415e4b0b74b0e80d17f,"Alison Leiby’s Abortion Wasn’t A Big Deal. So Why Is It Still So Hard To Talk About?. The comedian’s one-woman show “Oh God, A Show About Abortion” unpacks why talking about abortion shouldn’t be so thorny."
news-2022-0687,5/13/22,2022,GOP Rep. Madison Cawthorn Receives A Brutal Reminder After Veterans Tweet,"""DON'T EVEN pretend you care about Veterans,"" a veterans group hit back at the extremist North Carolina Republican.",Lee Moran,https://www.huffpost.com/entry/madison-cawthorn-ukraine-tweet-veterans_n_627e0403e4b010453ae3871d,"GOP Rep. Madison Cawthorn Receives A Brutal Reminder After Veterans Tweet. ""DON'T EVEN pretend you care about Veterans,"" a veterans group hit back at the extremist North Carolina Republican."
news-2022-0688,5/13/22,2022,The 20 Funniest Tweets From Women This Week (May 7-13),"""Did it hurt? When I told you to google it and I was right""",Caroline Bologna,https://www.huffpost.com/entry/funniest-tweets-from-women-may-7-13_n_627c289fe4b06ce0a1b1a4b9,"The 20 Funniest Tweets From Women This Week (May 7-13). ""Did it hurt? When I told you to google it and I was right"""
news-2022-0689,5/13/22,2022,The Funniest Tweets From Parents This Week (May 7-13),"""My car was making annoying squeaky noises, it stopped once I dropped off the kids""",Caroline Bologna,https://www.huffpost.com/entry/funniest-parenting-tweets_l_627c2afbe4b0eb0f070d09f7,"The Funniest Tweets From Parents This Week (May 7-13). ""My car was making annoying squeaky noises, it stopped once I dropped off the kids"""
news-2022-0690,5/13/22,2022,What 'Traumatized' Wanda Sykes Was Thinking When Will Smith Slapped Chris Rock,The Oscars co-host bared her simmering anger during a gig in Florida.,Ron Dicker,https://www.huffpost.com/entry/wanda-sykes-will-smith-chris-rock_n_627e50d7e4b016d742faabd6,What 'Traumatized' Wanda Sykes Was Thinking When Will Smith Slapped Chris Rock. The Oscars co-host bared her simmering anger during a gig in Florida.
news-2022-0691,5/12/22,2022,Crypto Crash Leaves Trading Platform Coinbase Slumped,Cryptocurrency trading platform Coinbase has lost half its value in the past week.,"Matt Ott, AP",https://www.huffpost.com/entry/coinbase-crypto-slumping_n_627c5582e4b0b74b0e7ed621,Crypto Crash Leaves Trading Platform Coinbase Slumped. Cryptocurrency trading platform Coinbase has lost half its value in the past week.
news-2022-0692,5/12/22,2022,Finland's Leaders In Favor Of Applying For NATO Membership,The announcement paves the way for the alliance to expand amid Russia's war in Ukraine.,,https://www.huffpost.com/entry/finland-favors-applying-nato-membership_n_627cb44be4b0eb0f070d91b7,Finland's Leaders In Favor Of Applying For NATO Membership. The announcement paves the way for the alliance to expand amid Russia's war in Ukraine.
news-2022-0693,5/12/22,2022,Joe Biden Co-Hosting 2nd COVID Summit As World's Resolve Falters,"Momentum on vaccinations and treatments has faded even as new, more infectious variants rise and billions across the globe remain unprotected.","Zeke Miller and Maria Cheng, AP",https://www.huffpost.com/entry/biden-co-hosting-second-covid-summit_n_627cd449e4b0b74b0e7f8ace,"Joe Biden Co-Hosting 2nd COVID Summit As World's Resolve Falters. Momentum on vaccinations and treatments has faded even as new, more infectious variants rise and billions across the globe remain unprotected."
news-2022-0694,5/12/22,2022,Slain Al Jazeera Journalist Was Icon Of Palestinian Coverage,"Israeli forces killed 51-year old Shireen Abu Akleh while she was wearing her press vest, according to Al Jazeera.","Aya Batrawy, AP",https://www.huffpost.com/entry/obit-shireen-abu-akleh_n_627c60e0e4b06ce0a1b1d2e7,"Slain Al Jazeera Journalist Was Icon Of Palestinian Coverage. Israeli forces killed 51-year old Shireen Abu Akleh while she was wearing her press vest, according to Al Jazeera."
news-2022-0695,5/11/22,2022,COVID-19 Cases Rise While Few School Mask Mandates Return,"U.S. coronavirus cases are up, leading a smattering of school districts, especially in the Northeast, to bring back mask recommendations and requirements.","STEVE LeBLANC and MIKE CATALINI, AP",https://www.huffpost.com/entry/bc-us-virus-outbreak_n_627c42ffe4b010453ae08ff9,"COVID-19 Cases Rise While Few School Mask Mandates Return. U.S. coronavirus cases are up, leading a smattering of school districts, especially in the Northeast, to bring back mask recommendations and requirements."
news-2022-0696,5/11/22,2022,"Charles Herbster, Accused Of Groping 8 Women, Loses Nebraska Gubernatorial Race",Herbster had the strong support of former President Donald Trump in the Nebraska race.,Amanda Terkel,https://www.huffpost.com/entry/charles-herbster-nebraska-gop-governor_n_62758ca3e4b0b7c8f08435ae,"Charles Herbster, Accused Of Groping 8 Women, Loses Nebraska Gubernatorial Race. Herbster had the strong support of former President Donald Trump in the Nebraska race."
news-2022-0697,5/11/22,2022,House Lawmakers Approve Resolution Allowing Their Own Staffers To Unionize,"Unlike other worker-friendly measures, this one doesn't need the Senate to sign off on it, too.",Dave Jamieson and Arthur Delaney,https://www.huffpost.com/entry/house-lawmakers-approve-resolution-allowing-their-own-staffers-to-unionize_n_627ac323e4b046ad0d82b89a,"House Lawmakers Approve Resolution Allowing Their Own Staffers To Unionize. Unlike other worker-friendly measures, this one doesn't need the Senate to sign off on it, too."
news-2022-0698,5/11/22,2022,Man Pops The Question After Engagement Ring Survives Car Fire,Myers Hart said he took the incident as a “sign” to propose.,Jazmin Tolliver,https://www.huffpost.com/entry/engagement-ring-car-fire_n_627bf485e4b03ca8364aa2ca,Man Pops The Question After Engagement Ring Survives Car Fire. Myers Hart said he took the incident as a “sign” to propose.
news-2022-0699,5/11/22,2022,New Jersey Governor Announces Proposals To Expand Abortion Access In The State,"“Without access, rights mean nothing,” Gov. Phil Murphy told legislators Wednesday.",Ryan Grenoble,https://www.huffpost.com/entry/new-jersey-expand-abortion-access_n_627c0a70e4b0d7ea4cd633de,"New Jersey Governor Announces Proposals To Expand Abortion Access In The State. “Without access, rights mean nothing,” Gov. Phil Murphy told legislators Wednesday."
news-2022-0700,5/11/22,2022,Rep. Cori Bush: Biden Should 'Absolutely' Say The Word 'Abortion' More,The Missouri Democratic congresswoman has shared her own story getting an abortion after she was raped as a teenager.,Amanda Terkel,https://www.huffpost.com/entry/cori-bush-abortion_n_627beec9e4b0b7c8f08d5098,Rep. Cori Bush: Biden Should 'Absolutely' Say The Word 'Abortion' More. The Missouri Democratic congresswoman has shared her own story getting an abortion after she was raped as a teenager.
news-2022-0701,5/10/22,2022,"Late Dictator's Son Wins Philippine Presidency, Unofficial Count Shows",The namesake son of late dictator Ferdinand Marcos appears to have won the presidency in a reversal of the 1986 “People Power” revolt that ousted his father.,"JIM GOMEZ, AP",https://www.huffpost.com/entry/philippines-elections-dictator_n_627ac824e4b046ad0d82c0a5,"Late Dictator's Son Wins Philippine Presidency, Unofficial Count Shows. The namesake son of late dictator Ferdinand Marcos appears to have won the presidency in a reversal of the 1986 “People Power” revolt that ousted his father."
news-2022-0702,5/10/22,2022,"Lincoln College, Battered By COVID And Cyberattack, To Close This Week","The 157-year-old college in Illinois said a ""miracle donation"" failed to arrive.",Marita Vlachou,https://www.huffpost.com/entry/lincoln-college-illinois-closing_n_627a3db6e4b0b7c8f0894389,"Lincoln College, Battered By COVID And Cyberattack, To Close This Week. The 157-year-old college in Illinois said a ""miracle donation"" failed to arrive."
news-2022-0703,5/10/22,2022,Mario Batali Acquitted Of Sexual Misconduct,The celebrity chef was cleared by a judge following a criminal trial in Boston.,"Philip Marcelo, AP",https://www.huffpost.com/entry/mario-batali-acquitted-sexual-misconduct_n_627aae6ce4b03ca83647eb10,Mario Batali Acquitted Of Sexual Misconduct. The celebrity chef was cleared by a judge following a criminal trial in Boston.
news-2022-0704,5/10/22,2022,Russia Pounds Odesa As 44 Civilian Bodies Uncovered Elsewhere In Ukraine,"The 44 bodies were found in a five-story building that collapsed in March in Izyum, about 75 miles from the city of Kharkiv, in Ukraine.","Elena Becatoros and Jon Gambrell, AP",https://www.huffpost.com/entry/russia-attacks-odessa-as-more-civilian-bodies-are-uncovered_n_627a277ce4b03ca8364624fa,"Russia Pounds Odesa As 44 Civilian Bodies Uncovered Elsewhere In Ukraine. The 44 bodies were found in a five-story building that collapsed in March in Izyum, about 75 miles from the city of Kharkiv, in Ukraine."
news-2022-0705,5/10/22,2022,"Shanghai Disinfects Homes, Closes All Subways Under China's 'Zero-COVID' Strategy","The latest steps have further frustrated residents, who were hoping a more than monthlong lockdown was finally easing.","Ken Moritsugu, AP",https://www.huffpost.com/entry/shanghai-disinfects-homes-closes-subways-covid_n_627a304fe4b009a811c876fe,"Shanghai Disinfects Homes, Closes All Subways Under China's 'Zero-COVID' Strategy. The latest steps have further frustrated residents, who were hoping a more than monthlong lockdown was finally easing."
news-2022-0706,5/10/22,2022,Tom Brady Will Join Fox Sports As Football Analyst When He Retires: Network,"The Tampa Bay Buccaneers quarterback ""will also serve as an ambassador for us,"" Fox Corp. CEO Lachlan Murdoch said.",,https://www.huffpost.com/entry/tom-brady-fox-sports-football-analyst_n_627a81b9e4b0d7ea4cd2cffc,"Tom Brady Will Join Fox Sports As Football Analyst When He Retires: Network. The Tampa Bay Buccaneers quarterback ""will also serve as an ambassador for us,"" Fox Corp. CEO Lachlan Murdoch said."
news-2022-0707,5/9/22,2022,Dictator's Son Far Ahead Of Human Rights Activist In Philippine Presidential Vote,The son and namesake of Ferdinand Marcos has taken a commanding lead in an unofficial count in the deeply divided Asian democracy's election.,"Jim Gomez, AP",https://www.huffpost.com/entry/philippines-dictator-elections_n_62794ed6e4b009a811c71bf6,Dictator's Son Far Ahead Of Human Rights Activist In Philippine Presidential Vote. The son and namesake of Ferdinand Marcos has taken a commanding lead in an unofficial count in the deeply divided Asian democracy's election.
news-2022-0708,5/9/22,2022,Fire At Wisconsin Anti-Abortion Office Following SCOTUS Draft Leak Investigated As Arson,"It wasn’t immediately clear who vandalized the building, but the message “If abortions aren’t safe then you aren’t either” was spray-painted on the building.",,https://www.huffpost.com/entry/fire-at-wisconsin-anti-abortion-office-investigated_n_6278d979e4b046ad0d7e614c,"Fire At Wisconsin Anti-Abortion Office Following SCOTUS Draft Leak Investigated As Arson. It wasn’t immediately clear who vandalized the building, but the message “If abortions aren’t safe then you aren’t either” was spray-painted on the building."
news-2022-0709,5/9/22,2022,"Internet Providers To Offer Discount For Poor, Says White House",An already existing federal subsidy could make tens of millions of households eligible for free service.,,https://www.huffpost.com/entry/internet-discount-low-income-biden-administration_n_627903e8e4b046ad0d7edf79,"Internet Providers To Offer Discount For Poor, Says White House. An already existing federal subsidy could make tens of millions of households eligible for free service."
news-2022-0710,5/9/22,2022,New York Gov. Kathy Hochul Tests Positive For COVID-19 Amid State's Rising Cases,"New York Gov. Kathy Hochul says she tested positive for COVID-19 on Sunday, and will isolate and work remotely this week.",,https://www.huffpost.com/entry/ap-us-virus-outbreak-hochul_n_6278ae6fe4b0d7ea4cceaacf,"New York Gov. Kathy Hochul Tests Positive For COVID-19 Amid State's Rising Cases. New York Gov. Kathy Hochul says she tested positive for COVID-19 on Sunday, and will isolate and work remotely this week."
news-2022-0711,5/9/22,2022,No End In Sight For Ukraine War As Putin Hails Victory Day,"Putin falsely portrayed the fighting as a battle against Nazism, thereby linking the war to what many Russians regard as their finest hour: the triumph over Nazi Germany.","Elena Becatoros and Jon Gambrell, AP",https://www.huffpost.com/entry/russia-ukraine-war-putin-victory-day_n_62794167e4b0b7c8f087a06b,"No End In Sight For Ukraine War As Putin Hails Victory Day. Putin falsely portrayed the fighting as a battle against Nazism, thereby linking the war to what many Russians regard as their finest hour: the triumph over Nazi Germany."
news-2022-0712,5/9/22,2022,"Panel Probing Jan. 6 Attack Still Undecided On Interviewing Trump, Pence",The House committee's investigation is winding down but it has yet to decide on whether to talk to the former president and former vice president about the violence.,,https://www.huffpost.com/entry/house-committee-panel-trump-pence-questioning_n_6278ff39e4b00fbab63102bd,"Panel Probing Jan. 6 Attack Still Undecided On Interviewing Trump, Pence. The House committee's investigation is winding down but it has yet to decide on whether to talk to the former president and former vice president about the violence."
news-2022-0713,5/8/22,2022,"As U.S. Poised To Restrict Abortion, Other Nations Ease Access","When the U.S. Supreme Court’s final decision is handed down, expected in late June or early July, the world will be watching.","Astrid Suárez and Christopher Sherman, AP",https://www.huffpost.com/entry/supreme-court-abortion-global_n_6277b59ae4b03ca836429f36,"As U.S. Poised To Restrict Abortion, Other Nations Ease Access. When the U.S. Supreme Court’s final decision is handed down, expected in late June or early July, the world will be watching."
news-2022-0714,5/8/22,2022,Beijing Loyalist John Lee Elected As Hong Kong's Next Leader,The election followed major changes to Hong Kong’s electoral laws last year to ensure that only “patriots” loyal to Beijing can hold office.,,https://www.huffpost.com/entry/hong-kong-elections-john-lee_n_6277b219e4b046ad0d7d50af,Beijing Loyalist John Lee Elected As Hong Kong's Next Leader. The election followed major changes to Hong Kong’s electoral laws last year to ensure that only “patriots” loyal to Beijing can hold office.
news-2022-0715,5/8/22,2022,Brooklyn Subway Shooting Suspect Indicted On Terrorism Charge,Frank James faces the possibility of life in prison for the charges related to last month's attack that wounded 10 people.,,https://www.huffpost.com/entry/nyc-subway-shooting-frank-james-indicted-terrory_n_6277baebe4b009a811c4cbd7,Brooklyn Subway Shooting Suspect Indicted On Terrorism Charge. Frank James faces the possibility of life in prison for the charges related to last month's attack that wounded 10 people.
news-2022-0716,5/8/22,2022,Dozens Feared Dead After Russian Bomb Levels Ukraine School,"Russian forces, meanwhile, worked toward a full takeover of Mariupol, which has been largely reduced to rubble since the start of the war.","Elena Becatoros and Jon Gambrell, AP",https://www.huffpost.com/entry/russia-ukraine-war-bomb-destroys-school_n_6277afa4e4b046ad0d7d4f5f,"Dozens Feared Dead After Russian Bomb Levels Ukraine School. Russian forces, meanwhile, worked toward a full takeover of Mariupol, which has been largely reduced to rubble since the start of the war."
news-2022-0717,5/8/22,2022,G7 Pledges To Phase Out Import Of Russian Oil,"Leaders from the Group of Seven developed democracies have pledged to phasing out or banning the import of Russian oil, as they met with Ukraine’s President Volodymyr Zelenskyy to stress their support.","SYLVIA HUI and AAMER MADHANI, AP",https://www.huffpost.com/entry/europe-russian-oil_n_62780c3de4b03ca83642d2a7,"G7 Pledges To Phase Out Import Of Russian Oil. Leaders from the Group of Seven developed democracies have pledged to phasing out or banning the import of Russian oil, as they met with Ukraine’s President Volodymyr Zelenskyy to stress their support."
news-2022-0718,5/8/22,2022,Havana Hotel Death Toll Rises To 30 As Dogs Search For Survivors,Search crews are hunting through the ruins of the luxury hotel for survivors of an apparent gas explosion and officials have raised the number of known dead to 30.,"ANDREA RODRÍGUEZ, AP",https://www.huffpost.com/entry/havana-hotel-explosion-search_n_62781634e4b0b7c8f0859522,Havana Hotel Death Toll Rises To 30 As Dogs Search For Survivors. Search crews are hunting through the ruins of the luxury hotel for survivors of an apparent gas explosion and officials have raised the number of known dead to 30.
news-2022-0719,5/7/22,2022,Dallas Cowboys Owner Jerry Jones 'Home And Fine' After Reported Crash,"NFL owner Jones, 79, was reportedly involved in a crash Wednesday night near downtown Dallas and taken to hospital as a precaution.",,https://www.huffpost.com/entry/dallas-cowboys-jerry-jones-home_n_6276197ee4b0d7ea4ccd3285,"Dallas Cowboys Owner Jerry Jones 'Home And Fine' After Reported Crash. NFL owner Jones, 79, was reportedly involved in a crash Wednesday night near downtown Dallas and taken to hospital as a precaution."
news-2022-0720,5/7/22,2022,Everybody Clap! Endangered Seal Species Hits Comeback Milestone,"Hawaiian monk seals still face major threats, but their numbers are higher than they've been in 20 years.",Hilary Hanson,https://www.huffpost.com/entry/hawaiian-monk-seals-comeback_n_6276addbe4b0b7c8f084ebe1,"Everybody Clap! Endangered Seal Species Hits Comeback Milestone. Hawaiian monk seals still face major threats, but their numbers are higher than they've been in 20 years."
news-2022-0721,5/7/22,2022,LA Dodgers Owners To Buy Chelsea Soccer Club From Sanctioned Russian Oligarch,A consortium fronted by Todd Boehly will pay $3.1 billion to end Roman Abramovich’s ownership.,"ROB HARRIS, AP",https://www.huffpost.com/entry/chelsea-bought-la-dodgers-owners_n_62763f1fe4b009a811c40f51,LA Dodgers Owners To Buy Chelsea Soccer Club From Sanctioned Russian Oligarch. A consortium fronted by Todd Boehly will pay $3.1 billion to end Roman Abramovich’s ownership.
news-2022-0722,5/7/22,2022,Last Stand For Mariupol As Ukraine Seeks To Stop Complete Russian Takeover Of Port City,The fight for the last Ukrainian stronghold in a city reduced to ruins by the Russian onslaught appears increasingly desperate.,"ELENA BECATOROS and JON GAMBRELL, AP",https://www.huffpost.com/entry/mariupol-last-stand-ukraine-russia_n_62764fade4b03ca83641f4f9,Last Stand For Mariupol As Ukraine Seeks To Stop Complete Russian Takeover Of Port City. The fight for the last Ukrainian stronghold in a city reduced to ruins by the Russian onslaught appears increasingly desperate.
news-2022-0723,5/7/22,2022,Pro-Irish Unity Party Sinn Fein Celebrates Historic Northern Ireland Win,"A Sinn Fein victory could bring its goal of a united Ireland a step closer, though its campaign has focused more in immediate concerns like skyrocketing cost of living.","SYLVIA HUI and PETER MORRISON, AP",https://www.huffpost.com/entry/sinn-fein-election-win-northern-ireland_n_62768381e4b0b7c8f084d9c1,"Pro-Irish Unity Party Sinn Fein Celebrates Historic Northern Ireland Win. A Sinn Fein victory could bring its goal of a united Ireland a step closer, though its campaign has focused more in immediate concerns like skyrocketing cost of living."
news-2022-0724,5/7/22,2022,Unprecedented Gusts Expected To Fan Wildfires In New Mexico,Thousands of residents have evacuated due to flames that have charred large swaths of the Sangre de Cristo Mountains in northeastern New Mexico.,"SUSAN MONTOYA BRYAN, AP",https://www.huffpost.com/entry/spring-wildfires-new-mexico_n_6276571ce4b009a811c423d5,Unprecedented Gusts Expected To Fan Wildfires In New Mexico. Thousands of residents have evacuated due to flames that have charred large swaths of the Sangre de Cristo Mountains in northeastern New Mexico.
news-2022-0725,5/6/22,2022,Belarus Jails Girlfriend Of Dissident Who Was Seized After Forced Plane Landing,"Sofia Sapega, a Russian citizen, was detained last year after Belarusian authorities diverted a Ryanair flight to Minsk.",,https://www.huffpost.com/entry/belarus-activist-sentenced_n_62751a51e4b0b7c8f0833036,"Belarus Jails Girlfriend Of Dissident Who Was Seized After Forced Plane Landing. Sofia Sapega, a Russian citizen, was detained last year after Belarusian authorities diverted a Ryanair flight to Minsk."
news-2022-0726,5/6/22,2022,Defenders Inside Mariupol Steel Plant Refuse To Surrender To Russian Forces,President Vladimir Putin wants to present the Russian people with a battlefield triumph — or announce an escalation — in time for Victory Day on Monday.,"Jon Gambrell and Cara Anna, AP",https://www.huffpost.com/entry/defenders-mariupol-steel-plant-will-not-surrender_n_6274dfa2e4b009a811c1d525,Defenders Inside Mariupol Steel Plant Refuse To Surrender To Russian Forces. President Vladimir Putin wants to present the Russian people with a battlefield triumph — or announce an escalation — in time for Victory Day on Monday.
news-2022-0727,5/6/22,2022,First Lady Jill Biden To Meet Ukrainian Refugees During Border Visit,The centerpiece of the first lady’s trip comes Sunday — Mother’s Day — when Biden meets with displaced Ukrainians who sought refuge across the border in Slovakia.,"Darlene Superville, AP",https://www.huffpost.com/entry/jill-biden-to-meet-ukrainian-refugees_n_62750982e4b0d7ea4ccbb064,First Lady Jill Biden To Meet Ukrainian Refugees During Border Visit. The centerpiece of the first lady’s trip comes Sunday — Mother’s Day — when Biden meets with displaced Ukrainians who sought refuge across the border in Slovakia.
news-2022-0728,5/6/22,2022,Israel Searches For Attackers Who Killed 3 In Mass Stabbing Near Tel Aviv,The stabbing comes as Israeli-Palestinian tensions were already heightened by violence at a major holy site in Jerusalem sacred to Jews and Muslims.,"Joseph Krauss, AP",https://www.huffpost.com/entry/israel-manhunt-for-attackers-stabbing_n_6274e7e0e4b00fbab62ca605,Israel Searches For Attackers Who Killed 3 In Mass Stabbing Near Tel Aviv. The stabbing comes as Israeli-Palestinian tensions were already heightened by violence at a major holy site in Jerusalem sacred to Jews and Muslims.
news-2022-0729,5/6/22,2022,Superyacht Reportedly Owned By Russian Oligarch Is Seized In Fiji,A judge in Fiji permitted U.S. authorities to seize the $325 million Amadea which they claim belongs to Suleiman Kerimov.,"ERIC TUCKER, AP",https://www.huffpost.com/entry/superyacht-oligarch-fiji_n_6274f045e4b03ca8363fe8c0,Superyacht Reportedly Owned By Russian Oligarch Is Seized In Fiji. A judge in Fiji permitted U.S. authorities to seize the $325 million Amadea which they claim belongs to Suleiman Kerimov.
news-2022-0730,5/6/22,2022,"US Added 428,000 Jobs In April Despite Surging Inflation","At 3.6%, unemployment nearly reached the lowest level in half a century.","Paul Wiseman, AP",https://www.huffpost.com/entry/us-april-jobs-report-2022_n_627517dfe4b009a811c295ec,"US Added 428,000 Jobs In April Despite Surging Inflation. At 3.6%, unemployment nearly reached the lowest level in half a century."
news-2022-0731,5/5/22,2022,Diego Maradona's 'Hand Of God' Jersey Sells For Record Sum,The Argentine soccer superstar wore the shirt when he scored the controversial goal against England in the 1986 World Cup.,"JILL LAWLESS, AP",https://www.huffpost.com/entry/diego-maradona-hand-of-god-shirt_n_62738d82e4b00fbab62a1e50,Diego Maradona's 'Hand Of God' Jersey Sells For Record Sum. The Argentine soccer superstar wore the shirt when he scored the controversial goal against England in the 1986 World Cup.
news-2022-0732,5/5/22,2022,Lawyer For Roe Calls Overturning The Law 'Giant Step Backward' For Privacy Rights,"""What other freedoms will Americans see retracted if the right to privacy ends in America?"" Linda Coffee wrote in The New Republic.",Marita Vlachou,https://www.huffpost.com/entry/roe-v-wade-lawyer-abortion-rights_n_6273cc6ae4b046ad0d78ca16,"Lawyer For Roe Calls Overturning The Law 'Giant Step Backward' For Privacy Rights. ""What other freedoms will Americans see retracted if the right to privacy ends in America?"" Linda Coffee wrote in The New Republic."
news-2022-0733,5/5/22,2022,Ms. Pac-Man Clears Path To World Video Game Hall Of Fame,"The Ms. Pac-Man arcade game was released in 1981 as a follow-up to Pac-Man, which entered the hall as part of the inaugural class in 2015.",,https://www.huffpost.com/entry/ms-pac-man-video-game-hall-of-fame_n_6274017be4b03ca8363eb078,"Ms. Pac-Man Clears Path To World Video Game Hall Of Fame. The Ms. Pac-Man arcade game was released in 1981 as a follow-up to Pac-Man, which entered the hall as part of the inaugural class in 2015."
news-2022-0734,5/5/22,2022,Survivor Found Almost 6 Days After China Building Collapse,At least five people have died and possibly dozens remain missing following the disaster in the central Chinese city of Changsha.,,https://www.huffpost.com/entry/china-building-collapse-survivor_n_6273b91ae4b00fbab62aaf84,Survivor Found Almost 6 Days After China Building Collapse. At least five people have died and possibly dozens remain missing following the disaster in the central Chinese city of Changsha.
news-2022-0735,5/5/22,2022,UN: Record Number Of People Without Enough To Eat In 2021,"Almost 193 million people in 53 countries suffered acute food insecurity in 2021 due to conflict, weather extremes and the economic effects of COVID.",,https://www.huffpost.com/entry/un-launches-report-on-food-crisis-2021_n_6273b2fde4b0d7ea4cc93124,"UN: Record Number Of People Without Enough To Eat In 2021. Almost 193 million people in 53 countries suffered acute food insecurity in 2021 due to conflict, weather extremes and the economic effects of COVID."
news-2022-0736,5/5/22,2022,Ukraine Repels Russian Attacks As Mariupol Steel Plant Battle Rages,"Belarus President Alexander Lukashenko said he hadn’t expected the Russian offensive to “drag on this way,” in an interview with The Associated Press.","Jon Gambrell and Cara Anna, AP",https://www.huffpost.com/entry/ukraine-repels-russian-attacks_n_6273ab67e4b00fbab62a8fbf,"Ukraine Repels Russian Attacks As Mariupol Steel Plant Battle Rages. Belarus President Alexander Lukashenko said he hadn’t expected the Russian offensive to “drag on this way,” in an interview with The Associated Press."
news-2022-0737,5/4/22,2022,"Dolly Parton, Eminem, Lionel Richie Get Into Rock Hall Of Fame","Duran Duran, Pat Benatar, Eurythmics and Carly Simon are also among this year's inductees.","Mark Kennedy, AP",https://www.huffpost.com/entry/dolly-parton-eminem-richie-get-into-rock-hall-of-fame_n_6272884de4b01541ae230bde,"Dolly Parton, Eminem, Lionel Richie Get Into Rock Hall Of Fame. Duran Duran, Pat Benatar, Eurythmics and Carly Simon are also among this year's inductees."
news-2022-0738,5/4/22,2022,Film And Stage Star Ariana DeBose To Host The Tony Awards,New Academy Award winner and Tony Award nominee Ariana DeBose will host this year’s Tony Awards.,"Mark Kennedy, AP",https://www.huffpost.com/entry/film-and-stage-star-ariana-debose-to-host-the-tony-awards_n_62729d3de4b0d7ea4cc76f38,Film And Stage Star Ariana DeBose To Host The Tony Awards. New Academy Award winner and Tony Award nominee Ariana DeBose will host this year’s Tony Awards.
news-2022-0739,5/4/22,2022,"J.D. Vance, Trump's Pick In Ohio, Wins GOP Senate Primary","The ""Hillbilly Elegy"" author snatched the GOP nomination with Donald Trump's help — the first major test of the former president's endorsement power in the midterms.",Liz Skalka,https://www.huffpost.com/entry/jd-vance-wins-ohio-primary-trump_n_626ff455e4b0bc48f57df6f8,"J.D. Vance, Trump's Pick In Ohio, Wins GOP Senate Primary. The ""Hillbilly Elegy"" author snatched the GOP nomination with Donald Trump's help — the first major test of the former president's endorsement power in the midterms."
news-2022-0740,5/4/22,2022,Rep. Shontel Brown Wins Ohio Democratic Primary,Brown’s second consecutive victory over former state Sen. Nina Turner was widely anticipated.,Daniel Marans,https://www.huffpost.com/entry/shontel-brown-wins-primary-ohio_n_62719741e4b050c90f45a4ba,Rep. Shontel Brown Wins Ohio Democratic Primary. Brown’s second consecutive victory over former state Sen. Nina Turner was widely anticipated.
news-2022-0741,5/4/22,2022,State Legislatures To Be ‘Main Battleground’ For Abortion Rights If Roe Is Overturned,The potential demise of Roe v. Wade will heighten the stakes of state legislative races this fall as the GOP fights abortion rights and Democrats defend them.,Travis Waldron,https://www.huffpost.com/entry/state-legislatures-abortion-rights-supreme-court_n_6271aacfe4b0cca6755b5ca8,State Legislatures To Be ‘Main Battleground’ For Abortion Rights If Roe Is Overturned. The potential demise of Roe v. Wade will heighten the stakes of state legislative races this fall as the GOP fights abortion rights and Democrats defend them.
news-2022-0742,5/4/22,2022,UN Says Reproductive Health Is Condition For Equality Amid Global Women's Rights Pushback,"""Without the full participation of 50% of its population, the world would be the biggest loser,” said a spokesperson for U.N. Secretary-General António Guterres.",Marita Vlachou,https://www.huffpost.com/entry/un-reproductive-rights-foundation-for-equality_n_6272414be4b0bc48f581afa8,"UN Says Reproductive Health Is Condition For Equality Amid Global Women's Rights Pushback. ""Without the full participation of 50% of its population, the world would be the biggest loser,” said a spokesperson for U.N. Secretary-General António Guterres."
news-2022-0743,5/3/22,2022,2022 Midterms: What To Know About Tuesday's Primaries In Ohio And Indiana,"The races, particularly in Ohio, could provide a fresh window into former President Trump's sway among the party faithful.","Julie Carr Smyth and Tom Davies, AP",https://www.huffpost.com/entry/election-2022-midterms-ohio-indiana_n_6270f5b2e4b029505df61205,"2022 Midterms: What To Know About Tuesday's Primaries In Ohio And Indiana. The races, particularly in Ohio, could provide a fresh window into former President Trump's sway among the party faithful."
news-2022-0744,5/3/22,2022,Gubernatorial Races More Important Than Ever With Roe v. Wade On The Chopping Block,The issue of abortion access will be felt immediately in states with GOP-controlled legislatures like Michigan and Pennsylvania.,Igor Bobic,https://www.huffpost.com/entry/roe-v-wade-abortion-supreme-court-midterms_n_62712806e4b050c90f44a606,Gubernatorial Races More Important Than Ever With Roe v. Wade On The Chopping Block. The issue of abortion access will be felt immediately in states with GOP-controlled legislatures like Michigan and Pennsylvania.
news-2022-0745,5/3/22,2022,Joe Biden Says Roe v. Wade Shouldn't Be Overturned After Supreme Court Abortion Leak,"“If the Court does overturn Roe, it will fall on our nation’s elected officials at all levels of government to protect a woman’s right to choose,” Biden said.",Marita Vlachou,https://www.huffpost.com/entry/joe-biden-supreme-court-roe-v-wade-abortion_n_6270ed43e4b04a9ff89f9518,"Joe Biden Says Roe v. Wade Shouldn't Be Overturned After Supreme Court Abortion Leak. “If the Court does overturn Roe, it will fall on our nation’s elected officials at all levels of government to protect a woman’s right to choose,” Biden said."
news-2022-0746,5/3/22,2022,Protests Held Outside Supreme Court Following Shocking Leaked Draft About Abortion Rights,"“Abortion is health care,” reproductive rights advocates chanted after Politico reported that the high court planned to overturn Roe v. Wade.",Marita Vlachou,https://www.huffpost.com/entry/abortion-protesters-supreme-court-roe-v-wade_n_62710199e4b050c90f443045,"Protests Held Outside Supreme Court Following Shocking Leaked Draft About Abortion Rights. “Abortion is health care,” reproductive rights advocates chanted after Politico reported that the high court planned to overturn Roe v. Wade."
news-2022-0747,5/3/22,2022,Rep. Jamie Raskin Rips Supreme Court Draft Against Roe v. Wade,"Raskin said it appears the opinion, which he noted looks authentic, would eliminate all rights to any abortion.",Mary Papenfuss,https://www.huffpost.com/entry/jamie-raskin-rachel-maddow-roe-v-wade-full-on-handmaids-tale_n_62709e42e4b01131b1261271,"Rep. Jamie Raskin Rips Supreme Court Draft Against Roe v. Wade. Raskin said it appears the opinion, which he noted looks authentic, would eliminate all rights to any abortion."
news-2022-0748,5/3/22,2022,"Russia Plans To Annex Much Of Eastern Ukraine, Senior U.S. Official Says","Such a move would not be recognized by the U.S. or its allies, Michael Carpenter, U.S. ambassador to the Organization for Security and Cooperation in Europe, said.","Cara Anna and Inna Varenytsia, AP",https://www.huffpost.com/entry/russia-ukraine-war-forced-annexation_n_6270e09ae4b0cca67559735e,"Russia Plans To Annex Much Of Eastern Ukraine, Senior U.S. Official Says. Such a move would not be recognized by the U.S. or its allies, Michael Carpenter, U.S. ambassador to the Organization for Security and Cooperation in Europe, said."
news-2022-0749,5/2/22,2022,First Civilians Leave Mariupol Steel Plant As Hundreds Remain,People fleeing besieged Mariupol described weeks of bombardments and deprivation as they arrived in Ukrainian-held territory.,"Cara Anna and Inna Varenytsia, AP",https://www.huffpost.com/entry/civilians-leave-mariupol-steel-plant-russia-ukraine-war_n_626fee27e4b029505df4b1fc,First Civilians Leave Mariupol Steel Plant As Hundreds Remain. People fleeing besieged Mariupol described weeks of bombardments and deprivation as they arrived in Ukrainian-held territory.
news-2022-0750,5/2/22,2022,Nebraska Gubernatorial Candidate Accused Of Groping Wants To Put Sex Ed 'Back In Homes',"Critics on Twitter complained that accurate, helpful sex ed was often not provided in homes.",Mary Papenfuss,https://www.huffpost.com/entry/charles-herbster-sex-education_n_626f76afe4b04a9ff89d7b2a,"Nebraska Gubernatorial Candidate Accused Of Groping Wants To Put Sex Ed 'Back In Homes'. Critics on Twitter complained that accurate, helpful sex ed was often not provided in homes."
news-2022-0751,5/2/22,2022,Progressive Group Tries To Diversify Democratic Staffers,Arena is launching mass trainings in Arizona and Texas.,Kevin Robillard,https://www.huffpost.com/entry/progressive-group-diversify-democratic-staffers_n_626fcb64e4b0bc48f57da223,Progressive Group Tries To Diversify Democratic Staffers. Arena is launching mass trainings in Arizona and Texas.
news-2022-0752,5/2/22,2022,"Spyware Attack Targeted The Phones Of Spain Prime Minister, Defense Minister",Spanish officials say the cellphones were infected last year with Pegasus spyware that is only available to government agencies.,"Aritz Parra, AP",https://www.huffpost.com/entry/spain-spyware-attack_n_626fa038e4b0cca67557ba68,"Spyware Attack Targeted The Phones Of Spain Prime Minister, Defense Minister. Spanish officials say the cellphones were infected last year with Pegasus spyware that is only available to government agencies."
news-2022-0753,5/2/22,2022,"Tennessee Pauses Executions, Will Review Lethal Injections",A federal public defender praised Republican Gov. Bill Lee for his “great leadership” for launching the review.,"TRAVIS LOLLER and REBECCA REYNOLDS, AP",https://www.huffpost.com/entry/us-death-penalty-tennessee_n_626fe9a9e4b0bc48f57de888,"Tennessee Pauses Executions, Will Review Lethal Injections. A federal public defender praised Republican Gov. Bill Lee for his “great leadership” for launching the review."
news-2022-0754,5/2/22,2022,U.S. Pediatricians' Group Moves To Abandon Race-Based Guidance,The American Academy of Pediatrics says it is putting all its guidance under the microscope to eliminate “race-based” medicine and resulting health disparities.,"LINDSEY TANNER, AP",https://www.huffpost.com/entry/pediatricians-racism_n_626fcfbde4b029505df470fc,U.S. Pediatricians' Group Moves To Abandon Race-Based Guidance. The American Academy of Pediatrics says it is putting all its guidance under the microscope to eliminate “race-based” medicine and resulting health disparities.
news-2022-0755,5/1/22,2022,2nd Woman Publicly Accuses Nebraska Candidate Of Groping,"""It was a grab. ... It was like he knew that I couldn’t say anything,"" the ex-legislative assistant said about Trump-backed gubernatorial candidate Charles Herbster.",Mary Papenfuss,https://www.huffpost.com/entry/julie-slama-elizabeth-todson-charles-herbster-groping-accusations_n_626e169ce4b029505df325fc,"2nd Woman Publicly Accuses Nebraska Candidate Of Groping. ""It was a grab. ... It was like he knew that I couldn’t say anything,"" the ex-legislative assistant said about Trump-backed gubernatorial candidate Charles Herbster."
news-2022-0756,5/1/22,2022,Arizona Wildfire Forces Fast Decision: Fight Or Flee Flames?,Ferocious winds that sent what was a small wildfire racing toward homes on the outskirts of Flagstaff presented residents with a dilemma.,"Felicia Fonseca, AP",https://www.huffpost.com/entry/spring-wildfires-arizona-flee-fight_n_626ef23ce4b029505df3a36e,Arizona Wildfire Forces Fast Decision: Fight Or Flee Flames?. Ferocious winds that sent what was a small wildfire racing toward homes on the outskirts of Flagstaff presented residents with a dilemma.
news-2022-0757,5/1/22,2022,Joe Manchin Backs West Virginia Republican In Primary Against MAGA Challenger,"The conservative Democrat appeared in an ad for Rep. David McKinley, who is facing Trump-endorsed Rep. Alex Mooney in a GOP primary.",Sanjana Karanth,https://www.huffpost.com/entry/joe-manchin-backs-west-virginia-republican-house_n_626ede4be4b0cca675573b78,"Joe Manchin Backs West Virginia Republican In Primary Against MAGA Challenger. The conservative Democrat appeared in an ad for Rep. David McKinley, who is facing Trump-endorsed Rep. Alex Mooney in a GOP primary."
news-2022-0758,5/1/22,2022,Operation Underway To Evacuate Remaining Ukrainians In Mariupol,"People sheltering elsewhere in the city are to be allowed out on Monday, local officials said.","Cara Anna and Yesica Fisch, AP",https://www.huffpost.com/entry/evacuation-mariupol-steel-plant-russia-ukraine-war_n_626e961ee4b01131b1241ce6,"Operation Underway To Evacuate Remaining Ukrainians In Mariupol. People sheltering elsewhere in the city are to be allowed out on Monday, local officials said."
news-2022-0759,5/1/22,2022,"Pelosi Visits Kyiv, Meets With Ukraine President",The House Speaker was the most senior American lawmaker to visit Ukraine since Russia’s war began more than two months ago.,"Vanessa Gera, Nicole Winfield and Lisa Mascaro, AP",https://www.huffpost.com/entry/ukraine-pelosi-visit_n_626e6d69e4b04a9ff89cfab1,"Pelosi Visits Kyiv, Meets With Ukraine President. The House Speaker was the most senior American lawmaker to visit Ukraine since Russia’s war began more than two months ago."
news-2022-0760,5/1/22,2022,"‘Bad Guys’ Repeats At No. 1, Liam Neeson’s Latest Misfires",The DreamWorks animated heist movie “The Bad Guys” was the top film in U.S. and Canada theaters for the second straight weekend.,"Jake Coyle, AP",https://www.huffpost.com/entry/bad-guys-repeats-at-no-1-liam-neesons-latest-misfires_n_626ec7afe4b0bc48f57cd4ec,"‘Bad Guys’ Repeats At No. 1, Liam Neeson’s Latest Misfires. The DreamWorks animated heist movie “The Bad Guys” was the top film in U.S. and Canada theaters for the second straight weekend."
news-2022-0761,4/30/22,2022,Benedict Cumberbatch To House Ukrainian Family Who Fled Russian Invasion,"""I want to give them some stability after the turmoil that they’ve experienced, and that’s within my home,"" said the ""Dr. Strange"" star.",Lee Moran,https://www.huffpost.com/entry/benedict-cumberbatch-ukraine-refugees_n_626d0990e4b029505df2a8ed,"Benedict Cumberbatch To House Ukrainian Family Who Fled Russian Invasion. ""I want to give them some stability after the turmoil that they’ve experienced, and that’s within my home,"" said the ""Dr. Strange"" star."
news-2022-0762,4/30/22,2022,"Despite GOP Attacks, Parents Are Pretty Happy With Their Kids' Schools, Poll Finds","Increasing Republican attacks on the nation's schools are not reflected in how most parents view their kids' education, the poll said.",Sara Boboltz,https://www.huffpost.com/entry/parents-schools-poll_n_626d4a61e4b01131b12379da,"Despite GOP Attacks, Parents Are Pretty Happy With Their Kids' Schools, Poll Finds. Increasing Republican attacks on the nation's schools are not reflected in how most parents view their kids' education, the poll said."
news-2022-0763,4/30/22,2022,Homes 'Completely Blown Away' By Suspected Tornado In Kansas,"A suspected twister barreled through parts of Kansas, injuring several people, damaging multiple buildings and leaving thousands without power.",,https://www.huffpost.com/entry/kansas-tornado-wichita_n_626d3ec8e4b0bc48f57c09b2,"Homes 'Completely Blown Away' By Suspected Tornado In Kansas. A suspected twister barreled through parts of Kansas, injuring several people, damaging multiple buildings and leaving thousands without power."
news-2022-0764,4/30/22,2022,Judge Tosses Part Of Blac Chyna Case Against Kim Kardashian,Jurors went home Friday without reaching a verdict after their first full day of deliberations.,"ANDREW DALTON, AP",https://www.huffpost.com/entry/blac-chyna-kardashians-trial_n_626d14bee4b0bc48f57beb90,Judge Tosses Part Of Blac Chyna Case Against Kim Kardashian. Jurors went home Friday without reaching a verdict after their first full day of deliberations.
news-2022-0765,4/30/22,2022,Mark Meadows Says Jan. 6 Panel Leaked Texts To 'Vilify' Him,The former Trump White House chief of staff also accused the committee of of waging a “sustained media campaign” against him.,"Eric Tucker, AP",https://www.huffpost.com/entry/mark-meadows-jan-6-panel-vilify_n_626da0dce4b029505df30a96,Mark Meadows Says Jan. 6 Panel Leaked Texts To 'Vilify' Him. The former Trump White House chief of staff also accused the committee of of waging a “sustained media campaign” against him.
news-2022-0766,4/30/22,2022,"Ukraine Fights To Hold Off Russian Advances In South, East","Ukrainian forces are fighting to hold off Russian attempts to advance in the south and east, where the Kremlin is seeking to capture the industrial Donbas region.","MSTYSLAV CHERNOV and YESICA FISCH, AP",https://www.huffpost.com/entry/russia-offensive-slower-planned_n_626cf88ce4b029505df296f9,"Ukraine Fights To Hold Off Russian Advances In South, East. Ukrainian forces are fighting to hold off Russian attempts to advance in the south and east, where the Kremlin is seeking to capture the industrial Donbas region."
news-2022-0767,4/29/22,2022,Dolly Parton Reverses Course On Her Rock & Roll Hall Of Fame Decision,"The country music icon previously said she wanted to withdraw her 2022 nomination because she hadn't ""earned that right.""",Carly Ledbetter,https://www.huffpost.com/entry/dolly-parton-rock-roll-hall-of-fame-will-accept_n_626c19afe4b04a9ff89bbc32,"Dolly Parton Reverses Course On Her Rock & Roll Hall Of Fame Decision. The country music icon previously said she wanted to withdraw her 2022 nomination because she hadn't ""earned that right."""
news-2022-0768,4/29/22,2022,"Ford Recalls More Than 250,000 SUVs That Can Roll Away While In Park",Documents posted by U.S. safety regulators say that a rear axle mounting bolt can fracture and cause the driveshaft to disconnect.,,https://www.huffpost.com/entry/ford-suv-recall_n_626bdb1ce4b04a9ff89b0844,"Ford Recalls More Than 250,000 SUVs That Can Roll Away While In Park. Documents posted by U.S. safety regulators say that a rear axle mounting bolt can fracture and cause the driveshaft to disconnect."
news-2022-0769,4/29/22,2022,Former 'American Idol' Winner Laine Hardy Arrested For Eavesdropping With Secret Device,The Season 17 champ is accused of planting a recording device in his ex-girlfriend's dorm room.,David Moye,https://www.huffpost.com/entry/laine-hardy-arrested-eavesdropping-american-idol_n_626c0e2ce4b050c90f40088f,Former 'American Idol' Winner Laine Hardy Arrested For Eavesdropping With Secret Device. The Season 17 champ is accused of planting a recording device in his ex-girlfriend's dorm room.
news-2022-0770,4/29/22,2022,Hope Solo Asks To Postpone Hall Of Fame Ceremony So She Can Go To Rehab,"The former U.S. Women’s National Team goalie said, “at this time, my energies and focus are totally directed to my health, healing and taking care of my family.”",David Moye,https://www.huffpost.com/entry/hope-solo-alcohol-treatment-postpone-soccer-hall-of-fame_n_626c6dede4b029505df26a79,"Hope Solo Asks To Postpone Hall Of Fame Ceremony So She Can Go To Rehab. The former U.S. Women’s National Team goalie said, “at this time, my energies and focus are totally directed to my health, healing and taking care of my family.”"
news-2022-0771,4/29/22,2022,NFL Network Introduces Malik Willis' 'Mom' At NFL Draft — But It Wasn't His Mom,The quarterback prospect from Liberty University good-naturedly corrected the misstep.,Ron Dicker,https://www.huffpost.com/entry/malik-willis-mom-grandma_n_626bf17ae4b0cca6755553d8,NFL Network Introduces Malik Willis' 'Mom' At NFL Draft — But It Wasn't His Mom. The quarterback prospect from Liberty University good-naturedly corrected the misstep.
news-2022-0772,4/29/22,2022,Samantha Bee Stunned By 'Gossipy Little Bitch' Mark Meadows' Text Messages,"""Damn! Mark Meadows, you are messy,” she said. “Delete my number!”",Ed Mazza,https://www.huffpost.com/entry/samantha-bee-mark-meadows-texts_n_626b6de8e4b01131b1211df1,"Samantha Bee Stunned By 'Gossipy Little Bitch' Mark Meadows' Text Messages. ""Damn! Mark Meadows, you are messy,” she said. “Delete my number!”"
news-2022-0773,4/28/22,2022,A Major ‘Alt-Right’ Figure Just Disavowed White Nationalism,"Evan McLaren marched at the deadly 2017 Charlottesville rally. Now he's voicing “revulsion” for his former movement, and ""for conservatism"" in general.",Christopher Mathias,https://www.huffpost.com/entry/evan-mclaren-disavows-alt-right-white-nationalism_n_626acfbee4b0cca675537067,"A Major ‘Alt-Right’ Figure Just Disavowed White Nationalism. Evan McLaren marched at the deadly 2017 Charlottesville rally. Now he's voicing “revulsion” for his former movement, and ""for conservatism"" in general."
news-2022-0774,4/28/22,2022,"FDA Plans To Ban Menthol Cigarettes, Flavored Cigars",Menthols have taken a disproportionate toll on Black smokers.,"Matthew Perrone, AP",https://www.huffpost.com/entry/menthol-cigarette-cigar-ban_n_626abccce4b029505defafa6,"FDA Plans To Ban Menthol Cigarettes, Flavored Cigars. Menthols have taken a disproportionate toll on Black smokers."
news-2022-0775,4/28/22,2022,Jane Fonda Teases Dolly Parton's 'Grace & Frankie' Cameo And It Sounds Incredible,"The country music star's role in the Netflix show's final season will ""knock your socks off,"" Fonda promised.",Lee Moran,https://www.huffpost.com/entry/grace-and-frankie-dolly-parton_n_626a80e0e4b0cca67552a7f2,"Jane Fonda Teases Dolly Parton's 'Grace & Frankie' Cameo And It Sounds Incredible. The country music star's role in the Netflix show's final season will ""knock your socks off,"" Fonda promised."
news-2022-0776,4/28/22,2022,Marjorie Taylor Greene Spews Head-Spinning Double Talk To Laura Ingraham,"The embattled far-right House member tried to explain her ""Marshall law"" text and we're confused.",Ron Dicker,https://www.huffpost.com/entry/marjorie-taylor-greene-laura-ingraham_n_626a700ce4b04a9ff8987f6f,"Marjorie Taylor Greene Spews Head-Spinning Double Talk To Laura Ingraham. The embattled far-right House member tried to explain her ""Marshall law"" text and we're confused."
news-2022-0777,4/28/22,2022,Rob Kardashian Testifies That Then-Fiancée Blac Chyna Put A Gun To His Head,Former reality star Chyna is suing the Kardashians for allegedly spreading false reports of the assault to get her show canceled.,"ANDREW DALTON, AP",https://www.huffpost.com/entry/blac-chyna-kardashians-trial_n_626a39f6e4b029505dee256f,Rob Kardashian Testifies That Then-Fiancée Blac Chyna Put A Gun To His Head. Former reality star Chyna is suing the Kardashians for allegedly spreading false reports of the assault to get her show canceled.
news-2022-0778,4/28/22,2022,Seth Meyers Spots ‘Desperate’ Moment That Indicates The State Of Truth Social,"The ""Late Night"" host highlighted an exchange on Fox News that suggests the site isn’t doing too well.",Josephine Harvey,https://www.huffpost.com/entry/seth-meyers-truth-social_n_626a2688e4b04a9ff8979bc1,"Seth Meyers Spots ‘Desperate’ Moment That Indicates The State Of Truth Social. The ""Late Night"" host highlighted an exchange on Fox News that suggests the site isn’t doing too well."
news-2022-0779,4/27/22,2022,Ex-FBI Assistant Director Accuses Tucker Carlson Of Aiding And Abetting Terrorism,"Frank Figliuzzi said the Fox News personality's parroting of Russian propaganda has ""gone way beyond free speech.""",Lee Moran,https://www.huffpost.com/entry/frank-figliuzzi-tucker-carlson-fox-news_n_6268d92ce4b00b4e01854782,"Ex-FBI Assistant Director Accuses Tucker Carlson Of Aiding And Abetting Terrorism. Frank Figliuzzi said the Fox News personality's parroting of Russian propaganda has ""gone way beyond free speech."""
news-2022-0780,4/27/22,2022,Ex-Twitter CEO Dings Elon Musk For Attacks On Twitter's Top Lawyer,A one-sided feud between Musk and Vijaya Gadde has turned even uglier.,Sara Boboltz,https://www.huffpost.com/entry/ex-twitter-ceo-dings-elon-musk-for-attacks-on-twitters-top-lawyer_n_62699d3ae4b029505ded91e2,Ex-Twitter CEO Dings Elon Musk For Attacks On Twitter's Top Lawyer. A one-sided feud between Musk and Vijaya Gadde has turned even uglier.
news-2022-0781,4/27/22,2022,How Much Do TikTok Beauty Influencers Make For Sponsored Content?,"Four creators share exactly how much they get paid, and what's expected of them.",Fani Mari,https://www.huffpost.com/entry/how-much-tiktok-beauty-influencers-make_l_6261b629e4b07c34e9de6420,"How Much Do TikTok Beauty Influencers Make For Sponsored Content?. Four creators share exactly how much they get paid, and what's expected of them."
news-2022-0782,4/27/22,2022,Putin Insists Olympic Skater Caught In Doping Scandal Didn’t Compete ‘Dishonestly’,"The Russian president defied reality on Kamila Valieva, whose drug case dominated this year’s Winter Olympics in Beijing.",,https://www.huffpost.com/entry/putin-kamila-valieva-skater_n_6268d3bde4b0d0774866df6d,"Putin Insists Olympic Skater Caught In Doping Scandal Didn’t Compete ‘Dishonestly’. The Russian president defied reality on Kamila Valieva, whose drug case dominated this year’s Winter Olympics in Beijing."
news-2022-0783,4/27/22,2022,Republicans Cheer As Congressional Candidate Demands Fauci’s Execution By Firing Squad,Oklahoma GOP Chair John Bennett's comments advocating violence against the top infectious disease expert earned him applause at a campaign event.,Lee Moran,https://www.huffpost.com/entry/gop-chair-fauci-execution_n_6268e026e4b0ea625c0e1aa0,Republicans Cheer As Congressional Candidate Demands Fauci’s Execution By Firing Squad. Oklahoma GOP Chair John Bennett's comments advocating violence against the top infectious disease expert earned him applause at a campaign event.
news-2022-0784,4/27/22,2022,Trevor Noah Loses It After Trump Messes Up The Name Of His Own Platform,"""You had one job,"" the ""Daily Show"" host cracked.",Josephine Harvey,https://www.huffpost.com/entry/trevor-noah-truth-social-trump_n_6268bfa2e4b07c34e9e7a9a3,"Trevor Noah Loses It After Trump Messes Up The Name Of His Own Platform. ""You had one job,"" the ""Daily Show"" host cracked."
news-2022-0785,4/26/22,2022,2 Wealthy Parents Appeal College Bribery Case Convictions,Lawyers for John Wilson and Gamal Abdelaziz argued they were no different than other wealthy parents who make donations to get a boost in the admissions process.,"COLLIN BINKLEY, AP",https://www.huffpost.com/entry/college-admissions-bribery-appeal_n_6267d19fe4b07c34e9e62518,2 Wealthy Parents Appeal College Bribery Case Convictions. Lawyers for John Wilson and Gamal Abdelaziz argued they were no different than other wealthy parents who make donations to get a boost in the admissions process.
news-2022-0786,4/26/22,2022,Jimmy Fallon: Elon Musk Now Owns The Heavens — And Twitter Hell,And former President Donald Trump goofs up the the name of his own social media operation.,Mary Papenfuss,https://www.huffpost.com/entry/jimmy-fallon-elon-must-twitter_n_62677065e4b00b4e0182f049,Jimmy Fallon: Elon Musk Now Owns The Heavens — And Twitter Hell. And former President Donald Trump goofs up the the name of his own social media operation.
news-2022-0787,4/26/22,2022,Most Of Beijing To Be Tested For COVID-19 Amid Lockdown Worry,"While only 70 cases have been found since the outbreak surfaced, authorities have followed a “zero-COVID” approach to try to prevent a further spread of the virus.","Emily Wang and Ken Moritsugu, AP",https://www.huffpost.com/entry/covid-outbreak-beijing-china-mass-testing_n_6267946de4b00b4e018319a9,"Most Of Beijing To Be Tested For COVID-19 Amid Lockdown Worry. While only 70 cases have been found since the outbreak surfaced, authorities have followed a “zero-COVID” approach to try to prevent a further spread of the virus."
news-2022-0788,4/26/22,2022,Supreme Court Hears Arguments Over 'Remain In Mexico' Policy For Asylum-Seekers,"Texas and Missouri, which sued to keep the program in place, said it has helped reduce the flow of people into the U.S. at the southern border.","Mark Sherman, AP",https://www.huffpost.com/entry/supreme-court-asylum-waiting-in-mexico_n_62678dbbe4b0197ae3fa5b4e,"Supreme Court Hears Arguments Over 'Remain In Mexico' Policy For Asylum-Seekers. Texas and Missouri, which sued to keep the program in place, said it has helped reduce the flow of people into the U.S. at the southern border."
news-2022-0789,4/26/22,2022,Trump's Latest Boast Gets Brutal Fact-Check From His Own Niece,"Mary Trump rips her ""severely damaged"" uncle.",Ed Mazza,https://www.huffpost.com/entry/mary-trump-intelligence-boast_n_62678ebee4b00b4e018310f0,"Trump's Latest Boast Gets Brutal Fact-Check From His Own Niece. Mary Trump rips her ""severely damaged"" uncle."
news-2022-0790,4/26/22,2022,Ukraine Town's Remaining Residents Watch As War Closes In: 'You Feel So Helpless',Even the sudden crackling of a plastic water bottle puts the residents of Toretsk on edge.,"Yesica Fisch and Evgeniy Maloletka, AP",https://www.huffpost.com/entry/ukraine-war-toretsk_n_6267b618e4b00b4e01836c95,Ukraine Town's Remaining Residents Watch As War Closes In: 'You Feel So Helpless'. Even the sudden crackling of a plastic water bottle puts the residents of Toretsk on edge.
news-2022-0791,4/25/22,2022,Donald Trump Says Prince Harry Is 'Whipped' In Marriage To Meghan Markle,"""Harry is whipped like no person I've ever seen,"" the former president said.",Ron Dicker,https://www.huffpost.com/entry/donald-trump-prince-harry-whipped_n_62665a88e4b0d077486295ba,"Donald Trump Says Prince Harry Is 'Whipped' In Marriage To Meghan Markle. ""Harry is whipped like no person I've ever seen,"" the former president said."
news-2022-0792,4/25/22,2022,Lucius Fox Makes Sickening Exit Just 2 Pitches Into Game,The Washington Nationals infielder became a hurler for one gross moment — which was caught on video — against the San Francisco Giants.,Ron Dicker,https://www.huffpost.com/entry/lucius-fox-vomit-baseball_n_6266835ae4b0d077486304c2,Lucius Fox Makes Sickening Exit Just 2 Pitches Into Game. The Washington Nationals infielder became a hurler for one gross moment — which was caught on video — against the San Francisco Giants.
news-2022-0793,4/25/22,2022,"The Best Morning Skin Care Routines For Spring, According To Experts",The same lotions and products that you used in the winter won't necessarily work as your skin reacts to the warmer weather.,Fani Mari,https://www.huffpost.com/entry/best-morning-skin-care-routine-spring_l_625f138ee4b066ecde18ab5d,"The Best Morning Skin Care Routines For Spring, According To Experts. The same lotions and products that you used in the winter won't necessarily work as your skin reacts to the warmer weather."
news-2022-0794,4/25/22,2022,Video Captures Florida Deputy Climbing Building To Save Baby From Fire,"“We saw the building fully engulfed. It was chaos everywhere,"" Deputy William Puzynski told WKMG.",Jazmin Tolliver,https://www.huffpost.com/entry/video-florida-deputy-rescue-baby-fire-puzynski_n_6265db96e4b0197ae3f79f68,"Video Captures Florida Deputy Climbing Building To Save Baby From Fire. “We saw the building fully engulfed. It was chaos everywhere,"" Deputy William Puzynski told WKMG."
news-2022-0795,4/24/22,2022,10 Found Dead After Japan Tour Boat Carrying 26 People Sinks,"The boat was sailing in an area known as a difficult place to maneuver boats, due to the rocky coastline and strong tide, when it sent a distress call on Saturday afternoon.",,https://www.huffpost.com/entry/japan-shiretoko-pleasure-cruise-sinks_n_62658f87e4b0d07748617aeb,"10 Found Dead After Japan Tour Boat Carrying 26 People Sinks. The boat was sailing in an area known as a difficult place to maneuver boats, due to the rocky coastline and strong tide, when it sent a distress call on Saturday afternoon."
news-2022-0796,4/24/22,2022,Emergency Declaration For Multiple Wildfires In New Mexico,New Mexico Gov. Michelle Lujan Grisham has signed emergency declarations as 20 wildfires continued to burn Sunday in nearly half of the state’s 33 counties.,,https://www.huffpost.com/entry/new-mexico-emergency-declaration-wildfires_n_6265d916e4b0ea625c091c3f,Emergency Declaration For Multiple Wildfires In New Mexico. New Mexico Gov. Michelle Lujan Grisham has signed emergency declarations as 20 wildfires continued to burn Sunday in nearly half of the state’s 33 counties.
news-2022-0797,4/24/22,2022,Jon Stewart To Receive Mark Twain Prize For American Humor,"The former host of ""The Daily Show"" is the latest recipient of the Mark Twain prize for lifetime achievement in comedy.","Ashraf Khalil, AP",https://www.huffpost.com/entry/jon-stewart-to-receive-mark-twain-prize-for-american-humor_n_626593a5e4b00b4e017fdaf5,"Jon Stewart To Receive Mark Twain Prize For American Humor. The former host of ""The Daily Show"" is the latest recipient of the Mark Twain prize for lifetime achievement in comedy."
news-2022-0798,4/24/22,2022,Megan Thee Stallion Opens Up About Alleged Tory Lanez Shooting: 'I Was Really Scared',"""I don’t know if he could shoot me and kill me,"" the rapper said in her first TV interview about the incident.",Cole Delbyck,https://www.huffpost.com/entry/megan-thee-stallion-alleged-tory-lanez-shooting_n_6265648fe4b00b4e017fa398,"Megan Thee Stallion Opens Up About Alleged Tory Lanez Shooting: 'I Was Really Scared'. ""I don’t know if he could shoot me and kill me,"" the rapper said in her first TV interview about the incident."
news-2022-0799,4/24/22,2022,Ukraine Official: Zelenskyy Meets Top-Level U.S. Delegation,An adviser to President Volodymyr Zelenskyy said the U.S. secretaries of state and defense were meeting in the highest-level visit to Kyiv by an American delegation.,"DAVID KEYTON , AP",https://www.huffpost.com/entry/bc-eu-russia-ukraine-war_n_6265dc8fe4b0ea625c091f37,Ukraine Official: Zelenskyy Meets Top-Level U.S. Delegation. An adviser to President Volodymyr Zelenskyy said the U.S. secretaries of state and defense were meeting in the highest-level visit to Kyiv by an American delegation.
news-2022-0800,4/24/22,2022,Volodymyr Zelenskyy Warns That Ukraine Is Just The Beginning For Russia,“The want to capture other countries. ... We are the first in line. Who will come next?” Zelenskyy asked in his daily address.,Mary Papenfuss,https://www.huffpost.com/entry/zelenskyy-ukraine-moldova-russia-imperialsim_n_62649a16e4b0197ae3f66c07,Volodymyr Zelenskyy Warns That Ukraine Is Just The Beginning For Russia. “The want to capture other countries. ... We are the first in line. Who will come next?” Zelenskyy asked in his daily address.
news-2022-0801,4/23/22,2022,10 Missing After Underground Tremor At Coal Mine In Poland,A powerful tremor and methane gas discharge at a coal mine forced dozens to flee for safety.,,https://www.huffpost.com/entry/poland-miners-missing-tremor_n_62644cc3e4b00b4e017ef77f,10 Missing After Underground Tremor At Coal Mine In Poland. A powerful tremor and methane gas discharge at a coal mine forced dozens to flee for safety.
news-2022-0802,4/23/22,2022,"Californian Charged With Making Violent, Anti-Trans Threats Against Merriam-Webster",The man was accused of posting anti-trans messages and making violent threats in comments under the dictionary website’s definition for “female.”,Sarah Ruiz-Grossman,https://www.huffpost.com/entry/californian-accused-anti-trans-threats-merriam-webster_n_626340ede4b0197ae3f5c063,"Californian Charged With Making Violent, Anti-Trans Threats Against Merriam-Webster. The man was accused of posting anti-trans messages and making violent threats in comments under the dictionary website’s definition for “female.”"
news-2022-0803,4/23/22,2022,Emmanuel Macron's Lead Over Far-Right Marine Le Pen Depends On 1 Major Uncertainty,Macron is in pole position to win reelection Sunday in France's presidential runoff -- but the reported margin over his nationalist rival has a large room for error.,"SYLVIE CORBET, AP",https://www.huffpost.com/entry/france-election-macron-le-pen_n_6263c91fe4b0ea625c07790c,Emmanuel Macron's Lead Over Far-Right Marine Le Pen Depends On 1 Major Uncertainty. Macron is in pole position to win reelection Sunday in France's presidential runoff -- but the reported margin over his nationalist rival has a large room for error.
news-2022-0804,4/23/22,2022,"Second Mass Grave Found Outside Mariupol, Says Ukraine","The city council shared a satellite photo showing what it said was a mass grave that could hold the bodies of at least 1,000 residents.","The Associated Press, AP",https://www.huffpost.com/entry/second-mass-grave-mariupol_n_626393ede4b00b4e017e87da,"Second Mass Grave Found Outside Mariupol, Says Ukraine. The city council shared a satellite photo showing what it said was a mass grave that could hold the bodies of at least 1,000 residents."
news-2022-0805,4/23/22,2022,Twitter Bans Ads That Contradict Science On Climate Change,But there's no indication the move will affect what users post on the platform.,,https://www.huffpost.com/entry/twitter-climate-change-disinformation_n_6263cc59e4b0197ae3f5fb13,Twitter Bans Ads That Contradict Science On Climate Change. But there's no indication the move will affect what users post on the platform.
news-2022-0806,4/23/22,2022,"Zelenskyy Says He's Meeting With US Officials Blinken, Austin",Ukraine’s president says he will meet Sunday in Kyiv with the U.S. secretary of state and secretary of defense.,"The Associated Press, AP",https://www.huffpost.com/entry/russia-ukraine-blinken-austin_n_626442fae4b0dc52f4973590,"Zelenskyy Says He's Meeting With US Officials Blinken, Austin. Ukraine’s president says he will meet Sunday in Kyiv with the U.S. secretary of state and secretary of defense."
news-2022-0807,4/22/22,2022,American Man Sentenced To Death In China For Killing Ex-Girlfriend,Shadeed Abdulmateen fatally stabbed a 21-year-old woman who tried to break off their relationship.,,https://www.huffpost.com/entry/shadeed-abdulmateen-death-sentence-china_n_626283f9e4b00b4e017d1607,American Man Sentenced To Death In China For Killing Ex-Girlfriend. Shadeed Abdulmateen fatally stabbed a 21-year-old woman who tried to break off their relationship.
news-2022-0808,4/22/22,2022,"Fire Training, Equipment Lacking At U.S. Nuclear Dump: Report",Independent federal investigators say there are significant issues related to fire training at the U.S. government’s nuclear waste repository in New Mexico.,"SUSAN MONTOYA BRYAN, AP",https://www.huffpost.com/entry/-us-nuclear-repository-safety_n_6262a215e4b07c34e9dfe774,"Fire Training, Equipment Lacking At U.S. Nuclear Dump: Report. Independent federal investigators say there are significant issues related to fire training at the U.S. government’s nuclear waste repository in New Mexico."
news-2022-0809,4/22/22,2022,Leaders Of Rival Koreas Exchange Letters Amid Tensions,"The Koreas' rival leaders expressed hope for improved relations, which plummeted amid a freeze in nuclear negotiations and North Korea’s accelerating weapons development.","KIM TONG-HYUNG, AP",https://www.huffpost.com/entry/koreas-leaders-exchange-letters_n_6261f365e4b0d077485dd64b,"Leaders Of Rival Koreas Exchange Letters Amid Tensions. The Koreas' rival leaders expressed hope for improved relations, which plummeted amid a freeze in nuclear negotiations and North Korea’s accelerating weapons development."
news-2022-0810,4/22/22,2022,"Philadelphia To End Mask Mandate, Days After Reinstating It",The city is reversing course on the indoor masking rule despite a sudden rise in infections.,,https://www.huffpost.com/entry/philadelphia-end-mask-mandate_n_6262063be4b07c34e9deba08,"Philadelphia To End Mask Mandate, Days After Reinstating It. The city is reversing course on the indoor masking rule despite a sudden rise in infections."
news-2022-0811,4/22/22,2022,Southwest Fire Crews Brace For Return Of Dangerous Winds,"More than 500 firefighters were manning fire lines in Arizona and New Mexico Friday, and more help was on the way.","FELICIA FONSECA, AP",https://www.huffpost.com/entry/wildfires-western-united-states_n_6262a04fe4b0dc52f495a0e1,"Southwest Fire Crews Brace For Return Of Dangerous Winds. More than 500 firefighters were manning fire lines in Arizona and New Mexico Friday, and more help was on the way."
news-2022-0812,4/21/22,2022,13 Nassar Victims Seeking $130 Million From FBI Over Bungled Probe,Thirteen sexual assault victims are seeking $10 million each from the FBI.,"ED WHITE, AP",https://www.huffpost.com/entry/larry-nassar-victims-sue-fbi_n_62617665e4b054f7ade7924d,13 Nassar Victims Seeking $130 Million From FBI Over Bungled Probe. Thirteen sexual assault victims are seeking $10 million each from the FBI.
news-2022-0813,4/21/22,2022,Biden Administration Urges Global Trade Chief To Release COVID-19 Patent Waiver Text,"It’s been nearly a year since the U.S. announced support for waiving vaccine patents, but influential countries have yet to release a possible agreement.",Daniel Marans,https://www.huffpost.com/entry/us-trade-representative-world-trade-organization-patent-waiver-vaccines_n_6260c76ce4b09c32edf8556d,"Biden Administration Urges Global Trade Chief To Release COVID-19 Patent Waiver Text. It’s been nearly a year since the U.S. announced support for waiving vaccine patents, but influential countries have yet to release a possible agreement."
news-2022-0814,4/21/22,2022,Biden’s Plan To Battle The Opioid Epidemic: Access To Naloxone,The president’s drug control strategy will emphasize harm reduction.,Kevin Robillard,https://www.huffpost.com/entry/biden-plan-opioid-epidemic-naloxone_n_6260b92ee4b07492aae8ebf2,Biden’s Plan To Battle The Opioid Epidemic: Access To Naloxone. The president’s drug control strategy will emphasize harm reduction.
news-2022-0815,4/21/22,2022,Supreme Court Revives Fight Over Painting Stolen By Nazis,"The painting, by French impressionist Camille Pissarro, of a Paris street with horse-drawn carriages and a fountain is now worth tens of millions of dollars.","JESSICA GRESKO, AP",https://www.huffpost.com/entry/us-supreme-court-stolen-painting_n_6261c4b5e4b0ea625c04dc73,"Supreme Court Revives Fight Over Painting Stolen By Nazis. The painting, by French impressionist Camille Pissarro, of a Paris street with horse-drawn carriages and a fountain is now worth tens of millions of dollars."
news-2022-0816,4/21/22,2022,"This Earth Day, Biden Faces 'Headwinds' On Climate Agenda","President Joe Biden plans to mark Earth Day in Seattle on Friday, but he's struggled to make progress on a sweeping environmental agenda.","Matthew Daly and Chris Megerian, AP",https://www.huffpost.com/entry/us-biden-climate-earth-day_n_626104bae4b08393e1c0c7ac,"This Earth Day, Biden Faces 'Headwinds' On Climate Agenda. President Joe Biden plans to mark Earth Day in Seattle on Friday, but he's struggled to make progress on a sweeping environmental agenda."
news-2022-0817,4/20/22,2022,Dashcam Video Shows Madison Cawthorn Surrendering His Driver's License,"During a traffic stop, a North Carolina state trooper discovered the congressman's license was suspended.",David Moye,https://www.huffpost.com/entry/madison-cawthorn-traffic-stop_n_62604a1ce4b09c32edf7b33c,"Dashcam Video Shows Madison Cawthorn Surrendering His Driver's License. During a traffic stop, a North Carolina state trooper discovered the congressman's license was suspended."
news-2022-0818,4/20/22,2022,Ex-Labor Secretary Warns How Donald Trump Could Actually Steal The 2024 Election,"""If they succeed, you can kiss our democracy goodbye,"" cautioned Clinton-era Cabinet member Robert Reich.",Lee Moran,https://www.huffpost.com/entry/robert-reich-donald-trump-2024-democracy_n_625fb87be4b0723f801ef72c,"Ex-Labor Secretary Warns How Donald Trump Could Actually Steal The 2024 Election. ""If they succeed, you can kiss our democracy goodbye,"" cautioned Clinton-era Cabinet member Robert Reich."
news-2022-0819,4/20/22,2022,Jimmy Kimmel Spots Most Embarrassing Moment Yet For Trump's Failing Media Site,"The late-night host nails why ""tech tyrants"" don't care about Truth Social.",Ed Mazza,https://www.huffpost.com/entry/jimmy-kimmel-truth-social_n_625f9823e4b0be72bffc1356,"Jimmy Kimmel Spots Most Embarrassing Moment Yet For Trump's Failing Media Site. The late-night host nails why ""tech tyrants"" don't care about Truth Social."
news-2022-0820,4/20/22,2022,Jordan Klepper Spotlights Far-Right Leader Who Shares Trump's 'Butthurt Mentality',"""The Daily Show"" comedian headed to Hungary to find out why Trump supporters are so obsessed with the European country.",Josephine Harvey,https://www.huffpost.com/entry/jordan-klepper-hungary-viktor-orban_n_625fa94ae4b06c2ea330a0db,"Jordan Klepper Spotlights Far-Right Leader Who Shares Trump's 'Butthurt Mentality'. ""The Daily Show"" comedian headed to Hungary to find out why Trump supporters are so obsessed with the European country."
news-2022-0821,4/19/22,2022,Boris Johnson Offers 'Wholehearted Apology' Over 'Partygate',The British prime minister offered a ”wholehearted” apology for attending illegal party during lockdown.,"JILL LAWLESS, AP",https://www.huffpost.com/entry/boris-johnson-apology_n_625edf66e4b0be72bffb4db3,Boris Johnson Offers 'Wholehearted Apology' Over 'Partygate'. The British prime minister offered a ”wholehearted” apology for attending illegal party during lockdown.
news-2022-0822,4/19/22,2022,Dad Of Slain Virginia Journalist Fails To Make Ballot For Congress,"Andy Parker, whose daughter was killed during a live broadcast in 2015, sought to enter the Democratic primary in an effort to unseat GOP Rep. Bob Good.",,https://www.huffpost.com/entry/midterm-election-2022-virginia-andy-parker_n_625edc45e4b0be72bffb4722,"Dad Of Slain Virginia Journalist Fails To Make Ballot For Congress. Andy Parker, whose daughter was killed during a live broadcast in 2015, sought to enter the Democratic primary in an effort to unseat GOP Rep. Bob Good."
news-2022-0823,4/19/22,2022,Jen Psaki Says Court Ruling Ending Mask Mandate For Travel Is 'Disappointing',"The White House press secretary said the CDC continues to recommend mask-wearing on airplanes, even as carriers dropped mask requirements.",Marita Vlachou,https://www.huffpost.com/entry/judge-mask-mandate-white-house-reaction_n_625ea570e4b0723f801d4700,"Jen Psaki Says Court Ruling Ending Mask Mandate For Travel Is 'Disappointing'. The White House press secretary said the CDC continues to recommend mask-wearing on airplanes, even as carriers dropped mask requirements."
news-2022-0824,4/19/22,2022,Justice Department Prepares To Appeal Judge's Ruling On Transportation Mask Mandate,"The appeal of the federal judge's decision will only happen if the CDC says the mask order is needed beyond May 3, when the mandate was expected to expire.",Lydia O'Connor,https://www.huffpost.com/entry/doj-prepares-appeal-transportation-mask-ruling_n_625f3483e4b06c2ea33027d0,"Justice Department Prepares To Appeal Judge's Ruling On Transportation Mask Mandate. The appeal of the federal judge's decision will only happen if the CDC says the mask order is needed beyond May 3, when the mandate was expected to expire."
news-2022-0825,4/19/22,2022,Number Of People Trying To Cross Border Increases As U.S. Plans To Lift Curb On Asylum,The U.S. is preparing for even larger numbers with the expected lifting of a pandemic-era order that turned away asylum seekers.,"Ben Fox, AP",https://www.huffpost.com/entry/border-crossings-spike-asylum_n_625e8c54e4b0723f801d066f,Number Of People Trying To Cross Border Increases As U.S. Plans To Lift Curb On Asylum. The U.S. is preparing for even larger numbers with the expected lifting of a pandemic-era order that turned away asylum seekers.
news-2022-0826,4/19/22,2022,"Russia Launches Fight For Industrial Heartland, Ukraine Says","Moscow has declared the capture of the Donbas to be its main goal in the war since its attempt to seize the capital, Kyiv, failed.","Yuras Karmanau, AP",https://www.huffpost.com/entry/russia-ukraine-war-donbas_n_625e54dae4b0be72bff9d6f5,"Russia Launches Fight For Industrial Heartland, Ukraine Says. Moscow has declared the capture of the Donbas to be its main goal in the war since its attempt to seize the capital, Kyiv, failed."
news-2022-0827,4/18/22,2022,Happy Tax Day! Even The Treasury Department Thinks The IRS Is Terrible.,The Biden administration wants more IRS funding to boost tax collection and improve service.,Arthur Delaney,https://www.huffpost.com/entry/tax-day-treasury-irs_n_625d8616e4b06c2ea32d41b1,Happy Tax Day! Even The Treasury Department Thinks The IRS Is Terrible.. The Biden administration wants more IRS funding to boost tax collection and improve service.
news-2022-0828,4/18/22,2022,Rain Dampens The 1st White House Easter Egg Roll Since 2019,"The Bidens kicked off the first White House Easter Egg Roll since before the coronavirus pandemic, welcoming 30,000 kids and adults for the all-day event.","DARLENE SUPERVILLE, AP",https://www.huffpost.com/entry/white-house-easter-egg-roll_n_625d8f36e4b066ecde15f39e,"Rain Dampens The 1st White House Easter Egg Roll Since 2019. The Bidens kicked off the first White House Easter Egg Roll since before the coronavirus pandemic, welcoming 30,000 kids and adults for the all-day event."
news-2022-0829,4/18/22,2022,Supreme Court Won't Hear New York City Teacher Vaccine Dispute,The Supreme Court is declining to wade into a lawsuit filed by four New York City public school employees over a policy that they be vaccinated against COVID-19.,,https://www.huffpost.com/entry/supreme-court-teachers-vaccines_n_625d728ee4b052d2bd6444e2,Supreme Court Won't Hear New York City Teacher Vaccine Dispute. The Supreme Court is declining to wade into a lawsuit filed by four New York City public school employees over a policy that they be vaccinated against COVID-19.
news-2022-0830,4/18/22,2022,Ukrainian Defenders In Mariupol Defy Surrender-Or-Die Demand,"The relentless bombardment and street fighting in Mariupol have killed at least 21,000 people, by the Ukrainians' estimate.","Adam Schreck and Mstyslav Chernov, AP",https://www.huffpost.com/entry/mariupol-surrender-defy-ukraine_n_625ce197e4b0be72bff7ac7a,"Ukrainian Defenders In Mariupol Defy Surrender-Or-Die Demand. The relentless bombardment and street fighting in Mariupol have killed at least 21,000 people, by the Ukrainians' estimate."
news-2022-0831,4/18/22,2022,Zelenskyy: Russian Offensive In Eastern Ukraine Has Begun,"“The Russian troops have begun the battle for the Donbas,” Ukrainian President Volodymyr Zelenskyy announced in a video address.","Yuras Karmanau, AP",https://www.huffpost.com/entry/russia-strikes-kill-lviv-ukraine-war_n_625d72cae4b0723f801b5305,"Zelenskyy: Russian Offensive In Eastern Ukraine Has Begun. “The Russian troops have begun the battle for the Donbas,” Ukrainian President Volodymyr Zelenskyy announced in a video address."
news-2022-0832,4/17/22,2022,Determined Lizzo Tries To Break The 'Bitch' Record On 'Saturday Night Live',"She also addressed rumors that she's ""dating every little white boy in Hollywood.""",Mary Papenfuss,https://www.huffpost.com/entry/lizzo-youre-beautiful-snl-monologue_n_625bac0be4b0be72bff6ff3c,"Determined Lizzo Tries To Break The 'Bitch' Record On 'Saturday Night Live'. She also addressed rumors that she's ""dating every little white boy in Hollywood."""
news-2022-0833,4/17/22,2022,Israeli Police Wound Palestinians Again Near Flashpoint Jerusalem Holy Site,"Palestinian medics say 17 people were injured after Israeli security entered the Al-Aqsa Mosque compound, just days after violently storming the site.","Josef Federman, AP",https://www.huffpost.com/entry/israeli-police-wound-palestinians-jerusalem_n_625c31eae4b0e97a351f7c2c,"Israeli Police Wound Palestinians Again Near Flashpoint Jerusalem Holy Site. Palestinian medics say 17 people were injured after Israeli security entered the Al-Aqsa Mosque compound, just days after violently storming the site."
news-2022-0834,4/17/22,2022,"Pope Makes Easter Plea For Ukraine Peace, Cites Nuclear Risk",Pope Francis has made an Easter plea for peace in Ukraine and in other wars in the world.,"FRANCES D'EMILIO, AP",https://www.huffpost.com/entry/pope-francis-vatican-easter-christianity_n_625c4c0be4b0723f801a0d6d,"Pope Makes Easter Plea For Ukraine Peace, Cites Nuclear Risk. Pope Francis has made an Easter plea for peace in Ukraine and in other wars in the world."
news-2022-0835,4/17/22,2022,Tatum's Layup At Buzzer Gives Celtics 115-114 Win Over Nets,Jayson Tatum made a layup at the buzzer on a pass from Marcus Smart to give the Boston Celtics a dramatic 115-114 victory over the Brooklyn Nets in the Game 1 of their first-round playoff series,"KYLE HIGHTOWER, AP",https://www.huffpost.com/entry/boston-celtics-brooklyn-nets-nba-basketball_n_625c9fe6e4b0e97a351fab78,Tatum's Layup At Buzzer Gives Celtics 115-114 Win Over Nets. Jayson Tatum made a layup at the buzzer on a pass from Marcus Smart to give the Boston Celtics a dramatic 115-114 victory over the Brooklyn Nets in the Game 1 of their first-round playoff series
news-2022-0836,4/17/22,2022,Ukrainian PM Says Mariupol ‘Still Has Not Fallen’ Despite Defying Deadline To Surrender,"""We will fight absolutely to the end,"" Prime Minister Denys Shmyhal said of the devastated port city after Ukrainian fighters refused to surrender to Russia.",Sanjana Karanth,https://www.huffpost.com/entry/ukraine-prime-minister-mariupol-not-fallen-defying-surrender_n_625c5666e4b0723f801a0f4b,"Ukrainian PM Says Mariupol ‘Still Has Not Fallen’ Despite Defying Deadline To Surrender. ""We will fight absolutely to the end,"" Prime Minister Denys Shmyhal said of the devastated port city after Ukrainian fighters refused to surrender to Russia."
news-2022-0837,4/17/22,2022,Volodymyr Zelenskyy Bashes Mariupol Devastation As 'Just Inhuman',"""Russia is deliberately trying to destroy everyone who is there in Mariupol,” the Ukrainian leader said in a virtual address.",Mary Papenfuss,https://www.huffpost.com/entry/volodymyr-zelenskyy-inhuman-russian-desgruction-mariupal_n_625b7e46e4b0be72bff6f581,"Volodymyr Zelenskyy Bashes Mariupol Devastation As 'Just Inhuman'. ""Russia is deliberately trying to destroy everyone who is there in Mariupol,” the Ukrainian leader said in a virtual address."
news-2022-0838,4/16/22,2022,Arrest Made In South Carolina Mall Shooting That Wounded 14 People,At least two others remain wanted for questioning in Saturday's shooting at the Columbiana Centre mall in Columbia.,Sara Boboltz and Nina Golgowski,https://www.huffpost.com/entry/columbiana-mall-shooting-south-carolina_n_625b2d17e4b06c2ea32b48b8,Arrest Made In South Carolina Mall Shooting That Wounded 14 People. At least two others remain wanted for questioning in Saturday's shooting at the Columbiana Centre mall in Columbia.
news-2022-0839,4/16/22,2022,Climate Change Activists Climb Atop Oil Tanker In Mass Protests In London,Hundreds of people blocked bridges across London while others scaled an oil tanker in mass protests to demand a stop to new oil and gas projects.,,https://www.huffpost.com/entry/climate-protests-arrest-london_n_625afa07e4b0be72bff6c2fe,Climate Change Activists Climb Atop Oil Tanker In Mass Protests In London. Hundreds of people blocked bridges across London while others scaled an oil tanker in mass protests to demand a stop to new oil and gas projects.
news-2022-0840,4/16/22,2022,"For The Starbucks Union Campaign, A Bruising Contract Fight Is Just Beginning",Recent statements by CEO Howard Schultz offer a glimpse of some of the hardball tactics that might lay ahead.,Dave Jamieson,https://www.huffpost.com/entry/starbucks-union-campaign-contract-fight_n_6259c871e4b066ecde1350f0,"For The Starbucks Union Campaign, A Bruising Contract Fight Is Just Beginning. Recent statements by CEO Howard Schultz offer a glimpse of some of the hardball tactics that might lay ahead."
news-2022-0841,4/16/22,2022,Man Accused Of Stuffing Grandmother In Freezer To Die,"Police arrested Robert Keith Tincher III, of Georgia, saying that he killed his grandmother by forcing her into a freezer while she was alive.",,https://www.huffpost.com/entry/man-killed-grandmother-freezer_n_625b3237e4b0be72bff6e2a0,"Man Accused Of Stuffing Grandmother In Freezer To Die. Police arrested Robert Keith Tincher III, of Georgia, saying that he killed his grandmother by forcing her into a freezer while she was alive."
news-2022-0842,4/16/22,2022,"Man, 21, Arrested A Week After 3 Killed At Georgia Gun Range","Jacob Christian Muse, of College Park, is charged with three counts of malice murder, the Georgia Bureau of Investigation said in a news release Friday.","Associated Press, AP",https://www.huffpost.com/entry/man-21-arrested-a-week-after-3-killed-at-georgia-gun-range_n_625ad5fee4b0723f801954f3,"Man, 21, Arrested A Week After 3 Killed At Georgia Gun Range. Jacob Christian Muse, of College Park, is charged with three counts of malice murder, the Georgia Bureau of Investigation said in a news release Friday."
news-2022-0843,4/16/22,2022,"Russia Resumes Attacks On Kyiv, Missile Strikes Outdoor Market In Kharkiv","“Our air defense forces are doing everything they can to protect us, but the enemy is insidious and ruthless,"" Kyiv's mayor Vitali Klitschko said.","Adam Schreck and Mstyslav Chernov, AP",https://www.huffpost.com/entry/bc-eu-russia-ukraine-war_n_625ac83ee4b066ecde13b5aa,"Russia Resumes Attacks On Kyiv, Missile Strikes Outdoor Market In Kharkiv. “Our air defense forces are doing everything they can to protect us, but the enemy is insidious and ruthless,"" Kyiv's mayor Vitali Klitschko said."
news-2022-0844,4/15/22,2022,Biden To Resume Oil And Gas Lease Sales On Federal Land While Upping Royalties,President Joe Biden had suspended lease sales a week after taking office as part of his climate change plan.,"Matthew Brown, AP",https://www.huffpost.com/entry/biden-resume-oil-gas-leases_n_6259ee3ee4b052d2bd61eea2,Biden To Resume Oil And Gas Lease Sales On Federal Land While Upping Royalties. President Joe Biden had suspended lease sales a week after taking office as part of his climate change plan.
news-2022-0845,4/15/22,2022,"Clashes Erupt Between Israeli Police, Palestinians At Al-Aqsa Mosque",Medics said more than 150 Palestinians were wounded.,"Joseph Krauss, AP",https://www.huffpost.com/entry/israel-palestinians-clashes-al-aqsa-mosque_n_6258f433e4b0723f801771e7,"Clashes Erupt Between Israeli Police, Palestinians At Al-Aqsa Mosque. Medics said more than 150 Palestinians were wounded."
news-2022-0846,4/15/22,2022,Congress Might Finally Do Something About The Exorbitant Cost Of Prison Phone Calls,The late Martha Wright-Reed became a phone justice activist after having to choose between paying for her medication and speaking with her grandson.,Jessica Schulberg,https://www.huffpost.com/entry/prison-phone-calls-cost-bill_n_6258af4ae4b0723f801745e6,Congress Might Finally Do Something About The Exorbitant Cost Of Prison Phone Calls. The late Martha Wright-Reed became a phone justice activist after having to choose between paying for her medication and speaking with her grandson.
news-2022-0847,4/15/22,2022,"Mike Bossy, Islanders Great And 4-Time Stanley Cup Champion, Dies At 65",The New York Islanders star had been diagnosed with lung cancer.,"Stephen Whyno, AP",https://www.huffpost.com/entry/mike-bossy-islanders-dead-dies_n_62597d4be4b066ecde12ef79,"Mike Bossy, Islanders Great And 4-Time Stanley Cup Champion, Dies At 65. The New York Islanders star had been diagnosed with lung cancer."
news-2022-0848,4/15/22,2022,Strict Coronavirus Shutdowns In China Continue As Infections Rise,"Access to Guangzhou, an industrial center of 19 million people near Hong Kong, was suspended this week.","Joe McDonald, AP",https://www.huffpost.com/entry/china-shanghai-lockdown-coronavirus_n_62599aa1e4b0723f8018b9c2,"Strict Coronavirus Shutdowns In China Continue As Infections Rise. Access to Guangzhou, an industrial center of 19 million people near Hong Kong, was suspended this week."
news-2022-0849,4/15/22,2022,Volodymyr Zelenskyy Hails Ukrainians' Resolve 50 Days Into Russian Invasion,The Ukrainian leader said Ukrainians should be proud of having survived 50 days under Russian attack when the invaders “gave us a maximum of five.”,"Adam Schreck, AP",https://www.huffpost.com/entry/russia-ukraine-war_n_62590cd9e4b06c2ea3294c94,Volodymyr Zelenskyy Hails Ukrainians' Resolve 50 Days Into Russian Invasion. The Ukrainian leader said Ukrainians should be proud of having survived 50 days under Russian attack when the invaders “gave us a maximum of five.”
news-2022-0850,4/14/22,2022,Elon Musk Offers To Buy 100% Of Twitter,"“My offer is my best and final offer and if it is not accepted, I would need to reconsider my position as a shareholder,” Musk said in a filing.",Marita Vlachou,https://www.huffpost.com/entry/elon-musk-offer-buy-twitter_n_6257f589e4b0723f8015dc78,"Elon Musk Offers To Buy 100% Of Twitter. “My offer is my best and final offer and if it is not accepted, I would need to reconsider my position as a shareholder,” Musk said in a filing."
news-2022-0851,4/14/22,2022,Ex-Trump Aide Stephen Miller Speaks To 1/6 Panel,The senior policy adviser behind many of Trump's policy decisions had resisted previous efforts by the House committee investigating the insurrection.,"Eric Tucker and Farnoush Amiri, AP",https://www.huffpost.com/entry/capitol-riot-stephen-miller-jan-6_n_62583dc8e4b0723f8016bcf8,Ex-Trump Aide Stephen Miller Speaks To 1/6 Panel. The senior policy adviser behind many of Trump's policy decisions had resisted previous efforts by the House committee investigating the insurrection.
news-2022-0852,4/14/22,2022,FDA Authorizes First Breathalyzer Test To Detect COVID-19,"The breath test, which is administered by health care providers, can provide results in under three minutes.",Sarah Ruiz-Grossman,https://www.huffpost.com/entry/covid-breath-test-fda-authorization_n_6258a252e4b0723f80173f58,"FDA Authorizes First Breathalyzer Test To Detect COVID-19. The breath test, which is administered by health care providers, can provide results in under three minutes."
news-2022-0853,4/14/22,2022,Gay Teens Find Love On The Athletic Field In 'Heartstopper' Trailer,"Premiering on Netflix on April 22, the eight-episode series is based on Alice Oseman's beloved web-comic-turned-graphic-novel.",Curtis M. Wong,https://www.huffpost.com/entry/heartstopper-netflix-gay-teen-romance-trailer_n_625853b6e4b06c2ea328a472,"Gay Teens Find Love On The Athletic Field In 'Heartstopper' Trailer. Premiering on Netflix on April 22, the eight-episode series is based on Alice Oseman's beloved web-comic-turned-graphic-novel."
news-2022-0854,4/14/22,2022,LA Political Donor Gets 30 Years In Prison For Fetish Deaths,A federal judge has sentenced a wealthy California Democratic donor to 30 years in prison for injecting two men with lethal doses of drugs.,"BRIAN MELLEY, AP",https://www.huffpost.com/entry/ed-buck-found-guilty-prison_n_62588bbfe4b066ecde11a5a9,LA Political Donor Gets 30 Years In Prison For Fetish Deaths. A federal judge has sentenced a wealthy California Democratic donor to 30 years in prison for injecting two men with lethal doses of drugs.
news-2022-0855,4/14/22,2022,Ron DeSantis Signals Support For Woman Who Stole Fetal Remains From D.C. Clinic,"The Florida governor repeated the lie that the fetal remains were the size of ""basically infants.""",Alanna Vagianos,https://www.huffpost.com/entry/ron-desantis-fetal-remains-dc-clinic_n_62583d61e4b0723f8016bc0d,"Ron DeSantis Signals Support For Woman Who Stole Fetal Remains From D.C. Clinic. The Florida governor repeated the lie that the fetal remains were the size of ""basically infants."""
news-2022-0856,4/13/22,2022,Amy Schumer Sets The Record Straight On That Alec Baldwin Oscars Joke,"""I am saying anything I want at my live shows,"" the ""Life & Beth"" star told followers on Tuesday.",Carly Ledbetter,https://www.huffpost.com/entry/amy-schumer-alec-baldwin-oscars-joke_n_62571d2fe4b0e97a351a1793,"Amy Schumer Sets The Record Straight On That Alec Baldwin Oscars Joke. ""I am saying anything I want at my live shows,"" the ""Life & Beth"" star told followers on Tuesday."
news-2022-0857,4/13/22,2022,Blame Trump? Jury Hears That Defense At Capitol Riot Trial,The latest Capitol riot defendant to go on trial is blaming his actions on the former president and his false claims about a stolen election.,"Michael Kunzelman, AP",https://www.huffpost.com/entry/trump-capitol-riot-trial_n_6256c6b7e4b0be72bff12414,Blame Trump? Jury Hears That Defense At Capitol Riot Trial. The latest Capitol riot defendant to go on trial is blaming his actions on the former president and his false claims about a stolen election.
news-2022-0858,4/13/22,2022,Joe Biden Approves $800 Million In New Military Aid For Ukraine,"As Russia prepares a major offensive in eastern Ukraine, the government in Kyiv says it needs more support from international partners in its efforts to resist.",Akbar Shahid Ahmed,https://www.huffpost.com/entry/joe-biden-military-aid-ukraine_n_6256e9afe4b0e97a35199ee7,"Joe Biden Approves $800 Million In New Military Aid For Ukraine. As Russia prepares a major offensive in eastern Ukraine, the government in Kyiv says it needs more support from international partners in its efforts to resist."
news-2022-0859,4/13/22,2022,Marvel’s 'All-Out Avengers' Series Is Coming This Fall. Here’s What Fans Should Know.,Marvel says the new comic book series will kick off with everyone's favorite A-List Avengers.,Jazmin Tolliver,https://www.huffpost.com/entry/marvels-all-out-avengers-series-is-coming-this-fall_n_62573257e4b0723f8014c0b4,Marvel’s 'All-Out Avengers' Series Is Coming This Fall. Here’s What Fans Should Know.. Marvel says the new comic book series will kick off with everyone's favorite A-List Avengers.
news-2022-0860,4/13/22,2022,Team Ukraine Arrives Safely Ahead Of Prince Harry's Invictus Games: 'We Are Delighted',"For Team Ukraine, the journey to get to the games has been an unfathomable one after losing four Invictus community members to Russia's invasion of Ukraine.",Carly Ledbetter,https://www.huffpost.com/entry/team-ukraine-arrives-safely-prince-harry-invictus-games_n_62570d95e4b0723f801479ba,"Team Ukraine Arrives Safely Ahead Of Prince Harry's Invictus Games: 'We Are Delighted'. For Team Ukraine, the journey to get to the games has been an unfathomable one after losing four Invictus community members to Russia's invasion of Ukraine."
news-2022-0861,4/13/22,2022,White House Says Story That Bird Pooped On Joe Biden Is Just Crap,Some sources claim the white substance was actually distillers grain.,David Moye,https://www.huffpost.com/entry/joe-biden-bird-poop-iowa_n_625711dde4b06c2ea32640ac,White House Says Story That Bird Pooped On Joe Biden Is Just Crap. Some sources claim the white substance was actually distillers grain.
news-2022-0862,4/12/22,2022,DOJ Denies Jan. 6 Panel Details In Trump Records Probe,"The Justice Department’s decision is part of an effort to protect confidential information that may compromise an ongoing investigation, a source told the Associated Press.","Farnoush Amiri, AP",https://www.huffpost.com/entry/doj-jan-6-panel-trump-records-probe_n_625609bde4b052d2bd5b76a5,"DOJ Denies Jan. 6 Panel Details In Trump Records Probe. The Justice Department’s decision is part of an effort to protect confidential information that may compromise an ongoing investigation, a source told the Associated Press."
news-2022-0863,4/12/22,2022,How A Trump Tax Break For The Poor Led To A $30 Million Gold Stash In A Queens Warehouse,A mysterious investor group parked a fortune in gold bricks near JFK Airport. They say it’s good for the neighborhood — and hope to snag a giant tax break.,Molly Redden,https://www.huffpost.com/entry/gold-opportunity-zones-queens-tax-break_n_62546d3ee4b0723f800fbb46,How A Trump Tax Break For The Poor Led To A $30 Million Gold Stash In A Queens Warehouse. A mysterious investor group parked a fortune in gold bricks near JFK Airport. They say it’s good for the neighborhood — and hope to snag a giant tax break.
news-2022-0864,4/12/22,2022,Investor Sues Elon Musk Over His Delayed Twitter Filing,"Marc Rasella says he sold shares of Twitter at “artificially deflated prices,” unaware that Musk had made a large purchase in the social media platform.",David Moye,https://www.huffpost.com/entry/elon-musk-mark-rasella-twitter-class-action-suit_n_6255fc32e4b0be72bfefd401,"Investor Sues Elon Musk Over His Delayed Twitter Filing. Marc Rasella says he sold shares of Twitter at “artificially deflated prices,” unaware that Musk had made a large purchase in the social media platform."
news-2022-0865,4/12/22,2022,Marjorie Taylor Greene Argues U.S. Capitol Riot Happened Just 'One Time',"The extremist congresswoman claimed Americans are ""fed up"" with hearing about the Jan. 6, 2021, insurrection that happened just that once.",Josephine Harvey,https://www.huffpost.com/entry/marjorie-taylor-greene-capitol-riot-once_n_6254b29ee4b0e97a35158856,"Marjorie Taylor Greene Argues U.S. Capitol Riot Happened Just 'One Time'. The extremist congresswoman claimed Americans are ""fed up"" with hearing about the Jan. 6, 2021, insurrection that happened just that once."
news-2022-0866,4/11/22,2022,"Biden Announces New Gun Control Rule, ATF Nominee",The president told his Rose Garden audience he is cracking down on so-called “ghost guns.”,Kevin Robillard and S.V. Date,https://www.huffpost.com/entry/biden-new-gun-control-rule-atf-nominee_n_62537a86e4b06c2ea31f598d,"Biden Announces New Gun Control Rule, ATF Nominee. The president told his Rose Garden audience he is cracking down on so-called “ghost guns.”"
news-2022-0867,4/11/22,2022,"Hungry Javelina Gets Stuck In Car, Goes For Ride In Arizona",The pig-like creature jumped in to get to a bag of Cheetos only to be trapped when the hatch closed.,,https://www.huffpost.com/entry/javelina-stuck-in-car_n_6254a37de4b052d2bd58fd50,"Hungry Javelina Gets Stuck In Car, Goes For Ride In Arizona. The pig-like creature jumped in to get to a bag of Cheetos only to be trapped when the hatch closed."
news-2022-0868,4/11/22,2022,The Most Popular Movies On Netflix Right Now Besides 'The Call',A new Polish crime drama and SpaceX documentary are also trending on the streaming service.,Caroline Bologna,https://www.huffpost.com/entry/the-call-popular-netflix-movies_l_62539132e4b06c2ea31f78c6,The Most Popular Movies On Netflix Right Now Besides 'The Call'. A new Polish crime drama and SpaceX documentary are also trending on the streaming service.
news-2022-0869,4/11/22,2022,Trial Opens In Florida Opioid Lawsuit Case Against Walgreens,"Walgreens is based in Deerfield, Illinois, and operates more than 9,000 stores in all 50 states.","CURT ANDERSON, AP",https://www.huffpost.com/entry/walgreens-opiod-lawsuit-florida_n_62547e1be4b052d2bd58ce17,"Trial Opens In Florida Opioid Lawsuit Case Against Walgreens. Walgreens is based in Deerfield, Illinois, and operates more than 9,000 stores in all 50 states."
news-2022-0870,4/11/22,2022,"Trump Is Basking In Surreal, Adoring Mar-a-Lago Bubble, Says Reporter","Everybody there ""loves him,"" a Washington Post journalist revealed after interviewing Trump at his resort home.",Mary Papenfuss,https://www.huffpost.com/entry/trump-mar-a-lago-surreal-adoration_n_6253a84be4b0e97a35135059,"Trump Is Basking In Surreal, Adoring Mar-a-Lago Bubble, Says Reporter. Everybody there ""loves him,"" a Washington Post journalist revealed after interviewing Trump at his resort home."
news-2022-0871,4/10/22,2022,"'RBG' Hits 'SNL' With Congrats For Ketanji Brown Jackson, A 'Gins-Burn' For Ted Cruz","Kate McKinnon's Ruth Bader Ginsburg guesses the book Cruz read at Jackson's confirmation hearings was ""Goodnight Cancun.""",Mary Papenfuss,https://www.huffpost.com/entry/snl-ketanji-brown-jackson-ruth-bader-ginsburg-ted-cruz_n_625250d0e4b06c2ea31e3dcd,"'RBG' Hits 'SNL' With Congrats For Ketanji Brown Jackson, A 'Gins-Burn' For Ted Cruz. Kate McKinnon's Ruth Bader Ginsburg guesses the book Cruz read at Jackson's confirmation hearings was ""Goodnight Cancun."""
news-2022-0872,4/10/22,2022,'Weekend Update' Mocks Too-Kind Penalty For Will Smith Slap,"Maybe he should be forced to host an awards show instead, quipped Colin Jost, who co-hosted the Emmys in 2018.",Mary Papenfuss,https://www.huffpost.com/entry/snl-colin-jost-weekend-update-will-smith-oscars_n_62526bd9e4b052d2bd55832b,"'Weekend Update' Mocks Too-Kind Penalty For Will Smith Slap. Maybe he should be forced to host an awards show instead, quipped Colin Jost, who co-hosted the Emmys in 2018."
news-2022-0873,4/10/22,2022,Maryland Lawmakers Override Governor's Veto Of Abortion Expansion,"The state will end a restriction that only physicians can provide abortions. An abortion care training program will also be created, with $3.5 million in annual funding.",,https://www.huffpost.com/entry/maryland-abortion-expansion-larry-hogan_n_6252cc7fe4b066ecde074c9a,"Maryland Lawmakers Override Governor's Veto Of Abortion Expansion. The state will end a restriction that only physicians can provide abortions. An abortion care training program will also be created, with $3.5 million in annual funding."
news-2022-0874,4/10/22,2022,Russia Appoints New Ukraine War Commander With Record Of Brutality,"After its post-invasion setbacks, Russia appointed Gen. Alexander Dvornikov — who has a history of merciless attacks against Syrians, according to U.S. officials.","Robert Burns and Hope Yen, AP",https://www.huffpost.com/entry/russia-appoints-new-ukraine-war-commander_n_6252fb8ae4b06c2ea31eba8b,"Russia Appoints New Ukraine War Commander With Record Of Brutality. After its post-invasion setbacks, Russia appointed Gen. Alexander Dvornikov — who has a history of merciless attacks against Syrians, according to U.S. officials."
news-2022-0875,4/10/22,2022,S&P Downgrade Indicates Russia Headed For Historic Default,"Russia has not defaulted on foreign debt since the Bolshevik Revolution in 1917, when the Soviet Union emerged.","Frank Bajak, AP",https://www.huffpost.com/entry/russia-ukraine-war-debt-rating_n_6252d4dee4b0723f800cde92,"S&P Downgrade Indicates Russia Headed For Historic Default. Russia has not defaulted on foreign debt since the Bolshevik Revolution in 1917, when the Soviet Union emerged."
news-2022-0876,4/9/22,2022,3 Killed At Georgia Shooting Range,The owner of the gun range was killed along with his wife and grandson.,Sebastian Murdock,https://www.huffpost.com/entry/3-killed-at-georgia-shooting-range_n_6251a2b3e4b052d2bd554100,3 Killed At Georgia Shooting Range. The owner of the gun range was killed along with his wife and grandson.
news-2022-0877,4/9/22,2022,Las Vegas Teen Accused Of Attempting To Murder His Teacher,The 16-year-old suspect will be prosecuted as an adult on sex assault and attempted murder charges.,"Ken Ritter, AP",https://www.huffpost.com/entry/las-vegas-teen-attempted-murder-teacher_n_6250cb02e4b052d2bd54cbbd,Las Vegas Teen Accused Of Attempting To Murder His Teacher. The 16-year-old suspect will be prosecuted as an adult on sex assault and attempted murder charges.
news-2022-0878,4/9/22,2022,Ohio Fairgrounds Turns Down Upcoming Trump Political Rally,"The Portage County fairgrounds has a ""long-standing policy"" of not hosting political rallies, a county commissioner said.",Mary Papenfuss,https://www.huffpost.com/entry/portage-county-ohio-nixes-trump-rally_n_6250f97ae4b052d2bd54d592,"Ohio Fairgrounds Turns Down Upcoming Trump Political Rally. The Portage County fairgrounds has a ""long-standing policy"" of not hosting political rallies, a county commissioner said."
news-2022-0879,4/9/22,2022,This Quirky And Heartfelt Film Aims To Shatter Misconceptions About Bisexual Men,"Writer and actor Charles Gould says ""Flex,"" which debuts next week, reflects the experience of someone who has had ""their identity questioned their whole life.""",Curtis M. Wong,https://www.huffpost.com/entry/flex-bisexual-short-film-frameline-film-festival_n_624f784ee4b0e97a350ee82d,"This Quirky And Heartfelt Film Aims To Shatter Misconceptions About Bisexual Men. Writer and actor Charles Gould says ""Flex,"" which debuts next week, reflects the experience of someone who has had ""their identity questioned their whole life."""
news-2022-0880,4/9/22,2022,Trump-Backed Vernon Jones Says Civil Rights Don't Apply To Gay People Because They 'Can Change',"On the other hand, ""I'm Black, from cradle to grave,"" the Georgia congressional candidate told Steve Bannon. ""I don't have a choice.""",Mary Papenfuss,https://www.huffpost.com/entry/trump-vernon-jones-no-civil-rights-for-gays_n_6250db7ae4b0be72bfe93217,"Trump-Backed Vernon Jones Says Civil Rights Don't Apply To Gay People Because They 'Can Change'. On the other hand, ""I'm Black, from cradle to grave,"" the Georgia congressional candidate told Steve Bannon. ""I don't have a choice."""
news-2022-0881,4/9/22,2022,War Crimes Watch: A Devastating Walk Through Bucha's Horror,"Walking through Bucha, The Associated Press spoke with two dozen witnesses of the Russian occupation.","Cara Anna, AP",https://www.huffpost.com/entry/bc-eu-russia-ukraine-war-a-walk-through-bucha_n_6251c26de4b0e97a3511dafb,"War Crimes Watch: A Devastating Walk Through Bucha's Horror. Walking through Bucha, The Associated Press spoke with two dozen witnesses of the Russian occupation."
news-2022-0882,4/8/22,2022,Books Are The Latest Casualty Of The New Conservative Culture War,A record number of books with racial or LGBTQ themes have been challenged.,Nathalie Baptiste,https://www.huffpost.com/entry/books-race-lgbtq-culture-war_n_624f5462e4b066ecde03c30e,Books Are The Latest Casualty Of The New Conservative Culture War. A record number of books with racial or LGBTQ themes have been challenged.
news-2022-0883,4/8/22,2022,Fox News Reporter Feels ‘Damn Lucky’ After Losing Limbs In Ukraine Attack,Benjamin Hall was injured after his vehicle was hit by incoming fire in Ukraine. Two of his colleagues died in the attack.,Nick Visser,https://www.huffpost.com/entry/fox-news-benjamin-hall-recovery_n_624f9325e4b066ecde03fe0a,Fox News Reporter Feels ‘Damn Lucky’ After Losing Limbs In Ukraine Attack. Benjamin Hall was injured after his vehicle was hit by incoming fire in Ukraine. Two of his colleagues died in the attack.
news-2022-0884,4/8/22,2022,Idris Elba Reveals The Dr. Dre Song That Got Everyone Dancing At Meghan Markle's Wedding,"""It was Meghan's choice,"" the actor said of the Duchess of Sussex's song selection that stirred guests after her royal nuptials with Prince Harry.",Carly Ledbetter,https://www.huffpost.com/entry/meghan-markle-dr-dre-idris-elba-wedding_n_625037bae4b066ecde0557bb,"Idris Elba Reveals The Dr. Dre Song That Got Everyone Dancing At Meghan Markle's Wedding. ""It was Meghan's choice,"" the actor said of the Duchess of Sussex's song selection that stirred guests after her royal nuptials with Prince Harry."
news-2022-0885,4/8/22,2022,Jimmy Kimmel Mocks 'Snowflake' Marjorie Taylor Greene For Calling Cops On Him,"The comedian retaliated by reporting the ""supervillain"" congresswoman to Batman during his monologue.",Josephine Harvey,https://www.huffpost.com/entry/jimmy-kimmel-marjorie-taylor-greene_n_624fb15ae4b066ecde041985,"Jimmy Kimmel Mocks 'Snowflake' Marjorie Taylor Greene For Calling Cops On Him. The comedian retaliated by reporting the ""supervillain"" congresswoman to Batman during his monologue."
news-2022-0886,4/8/22,2022,Kevin Spacey Asks Judge To Ax Anthony Rapp’s Sex Abuse Suit,The lawyers wrote in papers filed in Manhattan federal court that the alleged events Rapp described never occurred.,"Larry Neumeister, AP",https://www.huffpost.com/entry/kevin-spacey-anthony-rapp-sex-abuse-suit_n_6250c718e4b066ecde0646d5,Kevin Spacey Asks Judge To Ax Anthony Rapp’s Sex Abuse Suit. The lawyers wrote in papers filed in Manhattan federal court that the alleged events Rapp described never occurred.
news-2022-0887,4/8/22,2022,Twitter Beef Between Rep. Marjorie Taylor Greene and Jimmy Kimmel Enters Its 2nd Day,This social media battle between the congresswoman and the comedian just may be our new favorite non-contact sport.,David Moye,https://www.huffpost.com/entry/jimmy-kimmel-marjorie-taylor-greene-twitter-beef_n_624f70b0e4b0e97a350ee062,Twitter Beef Between Rep. Marjorie Taylor Greene and Jimmy Kimmel Enters Its 2nd Day. This social media battle between the congresswoman and the comedian just may be our new favorite non-contact sport.
news-2022-0888,4/7/22,2022,Florida Free-Fall Ride Deemed ‘Danger To Public Health' By Officials After Death,The 430-foot Orlando FreeFall ride was ordered closed shortly after 14-year-old Tyre Sampson fell to his death on March 24.,Nina Golgowski,https://www.huffpost.com/entry/orlando-freefall-ride-tyre-sampson-investigation_n_624ed417e4b0587dee738c0b,Florida Free-Fall Ride Deemed ‘Danger To Public Health' By Officials After Death. The 430-foot Orlando FreeFall ride was ordered closed shortly after 14-year-old Tyre Sampson fell to his death on March 24.
news-2022-0889,4/7/22,2022,Gov. Greg Abbott Says Texas Will Bus Undocumented Immigrants To D.C.,The governor's dubious plan follows the Biden administration lifting a public health policy that limited asylum-seekers from entering the U.S.,Lydia O'Connor,https://www.huffpost.com/entry/greg-abbott-texas-immigrants-dc-bus_n_624e114ee4b007d3845eb543,Gov. Greg Abbott Says Texas Will Bus Undocumented Immigrants To D.C.. The governor's dubious plan follows the Biden administration lifting a public health policy that limited asylum-seekers from entering the U.S.
news-2022-0890,4/7/22,2022,Jimmy Kimmel Trolls Ted Cruz With X-Rated Reminder About Twitter’s ‘Edit’ News,The Texas Republican was also featured in Kimmel's parody of Barack Obama's new Netflix series.,Lee Moran,https://www.huffpost.com/entry/jimmy-kimmel-ted-cruz-twitter-change_n_624e8dd8e4b0e44de9cb2929,Jimmy Kimmel Trolls Ted Cruz With X-Rated Reminder About Twitter’s ‘Edit’ News. The Texas Republican was also featured in Kimmel's parody of Barack Obama's new Netflix series.
news-2022-0891,4/7/22,2022,Lovely Honeymoon Destinations In The U.S.,"Newlyweds don't have to travel too far for a relaxing, scenic vacation.",Caroline Bologna,https://www.huffpost.com/entry/honeymoon-destinations-united-states_l_62445c87e4b0e44de9bbfb72,"Lovely Honeymoon Destinations In The U.S.. Newlyweds don't have to travel too far for a relaxing, scenic vacation."
news-2022-0892,4/7/22,2022,"Rand Paul Held Up Ketanji Brown Jackson's Senate Vote, And Twitter Was Not Having It",The Kentucky senator held up the vote for more than 15 minutes before sticking his hand through a door and voting no.,David Moye,https://www.huffpost.com/entry/rand-paul-ketanji-brown-jackson-senate-vote_n_624f3bcae4b0d8266ab74f2e,"Rand Paul Held Up Ketanji Brown Jackson's Senate Vote, And Twitter Was Not Having It. The Kentucky senator held up the vote for more than 15 minutes before sticking his hand through a door and voting no."
news-2022-0893,4/7/22,2022,What Your COVID Immunity May Be Like With A 4th Shot,How long do antibodies last with an additional dose? Should you time the shot to COVID waves or social plans? Here's what to know.,Julia Ries,https://www.huffpost.com/entry/immunity-covid-fourth-shot_l_624d9214e4b0981745088b19,What Your COVID Immunity May Be Like With A 4th Shot. How long do antibodies last with an additional dose? Should you time the shot to COVID waves or social plans? Here's what to know.
news-2022-0894,4/6/22,2022,Ex-Trump Officials Urge Texas To Declare Border 'Invasion',Former Trump administration officials are pressing Republican border governors to declare an “invasion” along the U.S.-Mexico border.,"ACACIA CORONADO and PAUL J. WEBER, AP",https://www.huffpost.com/entry/bc-us-border-war-powers_n_624d7754e4b0587dee70d7c0,Ex-Trump Officials Urge Texas To Declare Border 'Invasion'. Former Trump administration officials are pressing Republican border governors to declare an “invasion” along the U.S.-Mexico border.
news-2022-0895,4/6/22,2022,Jan. 6 Committee Obtains 101 Emails From Former Trump Lawyer,"A judge said John Eastman appeared to be part of a ""campaign to overturn a democratic election, an action unprecedented in American history.”",Nick Visser,https://www.huffpost.com/entry/john-eastman-emails-jan-6_n_624d10b5e4b068157f7da516,"Jan. 6 Committee Obtains 101 Emails From Former Trump Lawyer. A judge said John Eastman appeared to be part of a ""campaign to overturn a democratic election, an action unprecedented in American history.”"
news-2022-0896,4/6/22,2022,Sean Penn Tells Sean Hannity 'I Don't Trust Ya' And Surreal Talk About Trust Ensues,The actor visited the right-wing Fox News host for a chat about the war in Ukraine.,Ron Dicker,https://www.huffpost.com/entry/sean-penn-sean-hannity_n_624d7b53e4b098174508540d,Sean Penn Tells Sean Hannity 'I Don't Trust Ya' And Surreal Talk About Trust Ensues. The actor visited the right-wing Fox News host for a chat about the war in Ukraine.
news-2022-0897,4/6/22,2022,Serena Williams Writes Powerful Essay On How She Almost Died After Giving Birth,The tennis superstar detailed how she saved her own life by pushing back against hospital staff after they told her she was “crazy.”,Elyse Wanshel,https://www.huffpost.com/entry/serena-williams-writes-powerful-essay-on-how-she-almost-died-after-giving-birth_n_624dfff2e4b0587dee722a8e,Serena Williams Writes Powerful Essay On How She Almost Died After Giving Birth. The tennis superstar detailed how she saved her own life by pushing back against hospital staff after they told her she was “crazy.”
news-2022-0898,4/6/22,2022,We Tried 9 TikTok Makeup And Beauty Hacks To See If They Work,"From puppy dog eyeliner to a trick that makes your hyaluronic acid work better, see how they fared.",Fani Mari,https://www.huffpost.com/entry/tiktok-makeup-beauty-hacks_l_6238e039e4b0f1e82c4d3ff4,"We Tried 9 TikTok Makeup And Beauty Hacks To See If They Work. From puppy dog eyeliner to a trick that makes your hyaluronic acid work better, see how they fared."
news-2022-0899,4/5/22,2022,"GOP Rep. Fred Upton, Who Voted To Impeach Trump, Announces Retirement",The longtime Michigan congressman said he won't seek another term.,Liz Skalka,https://www.huffpost.com/entry/fred-upton-trump-impeachment-retire_n_624c5370e4b007d3845b64a3,"GOP Rep. Fred Upton, Who Voted To Impeach Trump, Announces Retirement. The longtime Michigan congressman said he won't seek another term."
news-2022-0900,4/5/22,2022,Hailey Bieber Shuts Down Pregnancy Rumors: 'Leave Me Alone',"The model was quick to correct reports that surfaced shortly after she attended the 2022 Grammy Awards alongside her husband, Justin Bieber.",Carly Ledbetter,https://www.huffpost.com/entry/hailey-bieber-shuts-down-pregnancy-rumor_n_624b1bc1e4b0587dee6d0867,"Hailey Bieber Shuts Down Pregnancy Rumors: 'Leave Me Alone'. The model was quick to correct reports that surfaced shortly after she attended the 2022 Grammy Awards alongside her husband, Justin Bieber."
news-2022-0901,4/5/22,2022,Paula Patton’s Viral ‘Unseasoned’ Fried Chicken Recipe Gets Roasted,The actor showed off her mother’s fried chicken recipe — and the internet is absolutely horrified with her cooking skills.,Jazmin Tolliver,https://www.huffpost.com/entry/paula-pattons-viral-unseasoned-fried-chicken-recipe_n_624c62bbe4b098174506996f,Paula Patton’s Viral ‘Unseasoned’ Fried Chicken Recipe Gets Roasted. The actor showed off her mother’s fried chicken recipe — and the internet is absolutely horrified with her cooking skills.
news-2022-0902,4/5/22,2022,Sen. Josh Hawley Washes His Hands Of The 'Pro-Pedophile' Smears He Ignited,"The Missouri Republican does not use the same language as the more zealous members of his party — but he doesn’t like to contradict them, either.",Arthur Delaney,https://www.huffpost.com/entry/josh-hawley-ketanji-brown-jackson_n_624c86c4e4b0e44de9c7d5a6,"Sen. Josh Hawley Washes His Hands Of The 'Pro-Pedophile' Smears He Ignited. The Missouri Republican does not use the same language as the more zealous members of his party — but he doesn’t like to contradict them, either."
news-2022-0903,4/5/22,2022,Tory Lanez Arrested After Judge Says He Violated Orders In Meg Thee Stallion Case,"Rapper Tory Lanez, who allegedly shot Megan Thee Stallion in 2020, was ordered to post higher bail for tweeting about the case.",Jazmin Tolliver,https://www.huffpost.com/entry/tory-lanez-arrested-megan-thee-stallion-case_n_624ca06ee4b0587dee6f8d22,"Tory Lanez Arrested After Judge Says He Violated Orders In Meg Thee Stallion Case. Rapper Tory Lanez, who allegedly shot Megan Thee Stallion in 2020, was ordered to post higher bail for tweeting about the case."
news-2022-0904,4/4/22,2022,"Russian Troops Killed, Sickened By Poisoned Food From Ukraine Residents, Say Officials","“Ukrainians resist the occupiers by all available means,” the Intelligence Directorate of Ukraine said of the poisonings, according to a translation.",Mary Papenfuss,https://www.huffpost.com/entry/russian-soldiers-poison-ukraine-intelligence-directorate_n_624a3673e4b0587dee6b0960,"Russian Troops Killed, Sickened By Poisoned Food From Ukraine Residents, Say Officials. “Ukrainians resist the occupiers by all available means,” the Intelligence Directorate of Ukraine said of the poisonings, according to a translation."
news-2022-0905,4/4/22,2022,Ukrainian Americans Protest California Church Talk By Putin Defender Tucker Carlson,A megachurch hosted the Kremlin-positive Fox News host — just as horrifying images of murdered civilians in Ukraine emerged.,Mary Papenfuss,https://www.huffpost.com/entry/tucker-carlson-awaken-church-ukrainian-american-protest-war-criminal-putin_n_624b636ce4b098174504dc38,Ukrainian Americans Protest California Church Talk By Putin Defender Tucker Carlson. A megachurch hosted the Kremlin-positive Fox News host — just as horrifying images of murdered civilians in Ukraine emerged.
news-2022-0906,4/4/22,2022,Ukrainian President Volodymyr Zelenskyy Beams Into Grammys With Call To Action,"""Tell the truth about the war on your social networks and TV. But not silence,"" the politician said in a powerful pre-taped message.",Cole Delbyck,https://www.huffpost.com/entry/ukrainian-president-volodymyr-zelenskyy-grammys-call-to-action_n_624a4f2ee4b068157f78d4f3,"Ukrainian President Volodymyr Zelenskyy Beams Into Grammys With Call To Action. ""Tell the truth about the war on your social networks and TV. But not silence,"" the politician said in a powerful pre-taped message."
news-2022-0907,4/4/22,2022,‘Now Or Never’: New U.N. Report Sees Narrow Path For Averting Climate Catastrophe,The stark warning comes as Russia’s war further hinders efforts to confront global warming and its mounting impacts.,Chris D'Angelo,https://www.huffpost.com/entry/un-ipcc-climate-report_n_624afac4e4b0d8266aaf4093,‘Now Or Never’: New U.N. Report Sees Narrow Path For Averting Climate Catastrophe. The stark warning comes as Russia’s war further hinders efforts to confront global warming and its mounting impacts.
news-2022-0908,4/3/22,2022,'Saturday Night Live's' 'Fox & Friends' Skewers A Wacky Coup-Confessing 'Donald Trump',"""Do coup, who do? ... Yes, in many ways it was an intentional, planned coup,"" says James Austin Johnson's Donald Trump in the cold open.",Mary Papenfuss,https://www.huffpost.com/entry/snl-fox-friends-ginni-thomas-trump_n_6249170ae4b0d8266aad03db,"'Saturday Night Live's' 'Fox & Friends' Skewers A Wacky Coup-Confessing 'Donald Trump'. ""Do coup, who do? ... Yes, in many ways it was an intentional, planned coup,"" says James Austin Johnson's Donald Trump in the cold open."
news-2022-0909,4/3/22,2022,'Will Smith' Super Fans Scared Witless At Oscars After Slap In 'SNL' Sketch,"The shocking incident was addressed several times on ""Saturday Night Live,"" including by ""O.J. Simpson"" (Kenan Thompson) on ""Weekend Update.""",Mary Papenfuss,https://www.huffpost.com/entry/snl-will-smith-oscars-jerrod-carmichael-chris-redd_n_62493b5ae4b0d8266aad0f95,"'Will Smith' Super Fans Scared Witless At Oscars After Slap In 'SNL' Sketch. The shocking incident was addressed several times on ""Saturday Night Live,"" including by ""O.J. Simpson"" (Kenan Thompson) on ""Weekend Update."""
news-2022-0910,4/3/22,2022,"Grammys 2022 Red Carpet: See All The Best, Wildest And WTF Looks","After the glitz and glam of last week's Oscars, the stars let loose this weekend at the Grammys.",Carly Ledbetter,https://www.huffpost.com/entry/grammy-awards-red-carpet-2022-best-dressed_n_6249edc5e4b0e44de9c33c4f,"Grammys 2022 Red Carpet: See All The Best, Wildest And WTF Looks. After the glitz and glam of last week's Oscars, the stars let loose this weekend at the Grammys."
news-2022-0911,4/3/22,2022,The Famously Canceled Louis C.K. Just Won A Grammy,"The controversial comedian won for comedy album with “Sincerely Louis C.K.,” beating out other so-called canceled comedians Dave Chappelle and Kevin Hart.",David Moye,https://www.huffpost.com/entry/louis-ck-grammy-best-comedy-album_n_624a2754e4b0587dee6afc25,"The Famously Canceled Louis C.K. Just Won A Grammy. The controversial comedian won for comedy album with “Sincerely Louis C.K.,” beating out other so-called canceled comedians Dave Chappelle and Kevin Hart."
news-2022-0912,4/3/22,2022,Ukraine Documents Alleged Atrocities By Retreating Russians,Authorities said Ukraine’s military has discovered indications of execution-style slayings to add to their case for prosecuting Russian officials for war crimes.,"Oleksandr Stashevskyi, AP",https://www.huffpost.com/entry/ukraine-documents-alleged-atrocities-by-retreating-russians_n_62498831e4b0587dee6a97b6,Ukraine Documents Alleged Atrocities By Retreating Russians. Authorities said Ukraine’s military has discovered indications of execution-style slayings to add to their case for prosecuting Russian officials for war crimes.
news-2022-0913,4/3/22,2022,Zelenskyy: ‘Mothers Of Russian Soldiers’ Should See Graphic Photos Out Of Kyiv Region,"The Ukrainian president responded to the gruesome photos coming out of cities like Bucha and Irpin, which show scores of brutalized civilians.",Sanjana Karanth,https://www.huffpost.com/entry/volodymyr-zelenskyy-russian-soldiers-photos-bucha-kyiv_n_6249d5f7e4b007d384573d3c,"Zelenskyy: ‘Mothers Of Russian Soldiers’ Should See Graphic Photos Out Of Kyiv Region. The Ukrainian president responded to the gruesome photos coming out of cities like Bucha and Irpin, which show scores of brutalized civilians."
news-2022-0914,4/2/22,2022,Pope Francis Calls Putin's Invasion Of Ukraine 'Infantile And Destructive',The pope also condemned the European Union for turning away migrants.,"Nicole Winfield, AP",https://www.huffpost.com/entry/pope-francis-putin-war-infantile_n_6248599ae4b0587dee6a06b5,Pope Francis Calls Putin's Invasion Of Ukraine 'Infantile And Destructive'. The pope also condemned the European Union for turning away migrants.
news-2022-0915,4/2/22,2022,Sarah Palin Is Running For Congress In Alaska,"A decade after her failed vice presidential bid, the former Alaska governor is running to replace conservative GOP Rep. Don Young, who died last week.",Mary Papenfuss and Celeste Lavin,https://www.huffpost.com/entry/sarah-palin-running-alaska-congress_n_62479d54e4b0d8266aac58c8,"Sarah Palin Is Running For Congress In Alaska. A decade after her failed vice presidential bid, the former Alaska governor is running to replace conservative GOP Rep. Don Young, who died last week."
news-2022-0916,4/2/22,2022,Ted Cruz Imagines 'Taking Peyote' Nude During His Upcoming Yale Appearance,Something you just can't unsee.,Mary Papenfuss,https://www.huffpost.com/entry/ted-cruz-yale-talk-nude-peyote-scenario_n_6247bb66e4b0981745013b86,Ted Cruz Imagines 'Taking Peyote' Nude During His Upcoming Yale Appearance. Something you just can't unsee.
news-2022-0917,4/2/22,2022,Trump Tells Member Of Gays For Trump At Mar-a-Lago: 'You Don't Look Gay',"The Gays for Trump founder said the former president was probably expecting to see the ""stereotypical"" gay who fits with the ""typical 'look' of leftist LGBT.""",Mary Papenfuss,https://www.huffpost.com/entry/trump-mar-a-lago-you-dont-look-gay_n_62478d06e4b068157f775d04,"Trump Tells Member Of Gays For Trump At Mar-a-Lago: 'You Don't Look Gay'. The Gays for Trump founder said the former president was probably expecting to see the ""stereotypical"" gay who fits with the ""typical 'look' of leftist LGBT."""
news-2022-0918,4/2/22,2022,Ukraine Says Russian Troops Are Looting Civilians' Homes On Their Way Out,"Russian forces are driving goods across the border from Kyiv's suburbs and selling the loot, authorities claim.",Sara Boboltz,https://www.huffpost.com/entry/russia-looting-ukraine-kyiv-homes-civilians_n_6248ad23e4b007d38456b22b,"Ukraine Says Russian Troops Are Looting Civilians' Homes On Their Way Out. Russian forces are driving goods across the border from Kyiv's suburbs and selling the loot, authorities claim."
news-2022-0919,4/1/22,2022,Alaska Airlines Cancels Dozens Of Flights As Pilots Picket,"More than 100 Alaska Airlines flights were canceled by the airline, including 66 in Seattle, 20 in Portland, Oregon, 10 in Los Angeles and seven in San Francisco.","Gillian Flaccus, AP",https://www.huffpost.com/entry/alaska-airlines-cancels-flights-pilot-strike_n_62477517e4b0e44de9c20d16,"Alaska Airlines Cancels Dozens Of Flights As Pilots Picket. More than 100 Alaska Airlines flights were canceled by the airline, including 66 in Seattle, 20 in Portland, Oregon, 10 in Los Angeles and seven in San Francisco."
news-2022-0920,4/1/22,2022,"Betty Reid Soskin, Oldest National Park Service Ranger, Retires At 100","The devoted park ranger said she's enjoyed being a ""primary source"" of history at California's Rosie the Riveter/WWII Home Front National Historical Park.",Hilary Hanson,https://www.huffpost.com/entry/betty-reid-soskin-retirement_n_6244a215e4b0e44de9bcc998,"Betty Reid Soskin, Oldest National Park Service Ranger, Retires At 100. The devoted park ranger said she's enjoyed being a ""primary source"" of history at California's Rosie the Riveter/WWII Home Front National Historical Park."
news-2022-0921,4/1/22,2022,Marjorie Taylor Greene Sues To Stop Challenge To Her Reelection Eligibility,"A challenge filed last month with the Georgia secretary of state’s office alleges the congresswoman helped facilitate the Jan. 6, 2021, riot on Capitol Hill.","Kate Brumback, AP",https://www.huffpost.com/entry/marjorie-taylor-greene-sues-reelection-eligibility_n_62477886e4b0587dee69a850,"Marjorie Taylor Greene Sues To Stop Challenge To Her Reelection Eligibility. A challenge filed last month with the Georgia secretary of state’s office alleges the congresswoman helped facilitate the Jan. 6, 2021, riot on Capitol Hill."
news-2022-0922,4/1/22,2022,"Will Smith Resigns From Film Academy Over Oscars Slap, Issues Extensive Apology","The actor described his on-stage assault of Chris Rock at the Academy Awards as ""shocking, painful and inexcusable.""",Sarah Ruiz-Grossman,https://www.huffpost.com/entry/will-smith-resigns-academy-oscars-chris-rock-slap_n_624784d3e4b0e44de9c21316,"Will Smith Resigns From Film Academy Over Oscars Slap, Issues Extensive Apology. The actor described his on-stage assault of Chris Rock at the Academy Awards as ""shocking, painful and inexcusable."""
news-2022-0923,3/31/22,2022,Alex Jones Faces Fines For Skipping Sandy Hook Deposition,"The penalties will begin at $25,000 per weekday beginning Friday and increase by $25,000 per weekday until he appears for a deposition,","Dave Collins, AP",https://www.huffpost.com/entry/alex-jones-faces-fines-for-skipping-sandy-hook-deposition_n_6245b938e4b0981744fded20,"Alex Jones Faces Fines For Skipping Sandy Hook Deposition. The penalties will begin at $25,000 per weekday beginning Friday and increase by $25,000 per weekday until he appears for a deposition,"
news-2022-0924,3/31/22,2022,DC Police Find 5 Fetuses In Home Of Anti-Abortion Activist Lauren Handy,"""People will freak out when they hear,"" the anti-abortion activist reportedly said.",Sebastian Murdock,https://www.huffpost.com/entry/dc-police-fetuses-anti-abortion-activist-lauren-handy_n_6245e9a5e4b068157f749d7f,"DC Police Find 5 Fetuses In Home Of Anti-Abortion Activist Lauren Handy. ""People will freak out when they hear,"" the anti-abortion activist reportedly said."
news-2022-0925,3/31/22,2022,Still Have Lingering Congestion After Being Sick? Here's What To Do.,"A cold, the flu or any virus can leave you sniffling long after the illness has run its course. This advice can help you get relief.",Julia Ries,https://www.huffpost.com/entry/congestion-sick-what-to-do_l_623dc077e4b030e7392e41c6,"Still Have Lingering Congestion After Being Sick? Here's What To Do.. A cold, the flu or any virus can leave you sniffling long after the illness has run its course. This advice can help you get relief."
news-2022-0926,3/31/22,2022,Ukraine Woman's Account Sparks Investigation Into Sexual Violence By Russian Forces,"""Natalya"" detailed her alleged rape by two Russian soldiers in an interview with The Times of London.",Marita Vlachou,https://www.huffpost.com/entry/russian-soldiers-ukraine-war-sexual-violence_n_62444d45e4b0e44de9bbcde4,"Ukraine Woman's Account Sparks Investigation Into Sexual Violence By Russian Forces. ""Natalya"" detailed her alleged rape by two Russian soldiers in an interview with The Times of London."
news-2022-0927,3/30/22,2022,Cory Booker Explains Why He Went To Bat For Ketanji Brown Jackson,"Sen. Dick Durbin (D-Ill.) also told reporters that the GOP treatment of Jackson was ""disgusting.""",Philip Lewis,https://www.huffpost.com/entry/cory-booker-ketanji-brown-jackson_n_62447c3fe4b03516d42acc2d,"Cory Booker Explains Why He Went To Bat For Ketanji Brown Jackson. Sen. Dick Durbin (D-Ill.) also told reporters that the GOP treatment of Jackson was ""disgusting."""
news-2022-0928,3/30/22,2022,Deputies Visit Will Smith's Home After Suspicious Drone Activity,Law enforcement appeared at his mansion just days after the actor assaulted Chris Rock during the Oscars.,Ron Dicker,https://www.huffpost.com/entry/will-smith-drone_n_62442abbe4b0e44de9bb86bf,Deputies Visit Will Smith's Home After Suspicious Drone Activity. Law enforcement appeared at his mansion just days after the actor assaulted Chris Rock during the Oscars.
news-2022-0929,3/30/22,2022,Kareem Abdul-Jabbar Slams Will Smith For 'Perpetuating Stereotypes',The NBA legend's essay gave a Hall of Fame scolding to the Oscar winner for hitting Chris Rock.,Ron Dicker,https://www.huffpost.com/entry/kareem-abdul-jabbar-will-smith_n_62441545e4b0d7ac3d53a6e3,Kareem Abdul-Jabbar Slams Will Smith For 'Perpetuating Stereotypes'. The NBA legend's essay gave a Hall of Fame scolding to the Oscar winner for hitting Chris Rock.
news-2022-0930,3/30/22,2022,Stephen Colbert Gives Kevin McCarthy An X-Rated New Description And... Um...,You'll never un-hear this one.,Ed Mazza,https://www.huffpost.com/entry/stephen-colbert-kevin-mccarthy_n_62440511e4b0d8266aa534cd,Stephen Colbert Gives Kevin McCarthy An X-Rated New Description And... Um.... You'll never un-hear this one.
news-2022-0931,3/29/22,2022,Amy Schumer Says Kirsten Dunst ‘Was In On’ Oscar Seat Filler Joke,"""Wouldn't disrespect that queen like that,"" the comedian said of the backlash she received for an awkward bit she did at the ceremony.",Elyse Wanshel,https://www.huffpost.com/entry/amy-schumer-kirsten-dunst-in-on-oscar-seat-filler-joke_n_62435c47e4b03516d428be7c,"Amy Schumer Says Kirsten Dunst ‘Was In On’ Oscar Seat Filler Joke. ""Wouldn't disrespect that queen like that,"" the comedian said of the backlash she received for an awkward bit she did at the ceremony."
news-2022-0932,3/29/22,2022,Ex-Oscars Host Jimmy Kimmel Reveals How He Would’ve Handled Will Smith’s Slap,The late-night host also praised Chris Rock.,Ed Mazza,https://www.huffpost.com/entry/jimmy-kimmel-will-smith-slap_n_62428641e4b03516d426a791,Ex-Oscars Host Jimmy Kimmel Reveals How He Would’ve Handled Will Smith’s Slap. The late-night host also praised Chris Rock.
news-2022-0933,3/29/22,2022,FDA Authorizes Second COVID Booster For Those 50 And Older,"This fourth coronavirus vaccine dose would be optional, and federal health officials aren't currently recommending it for everyone in this age group.",Nina Golgowski,https://www.huffpost.com/entry/second-covid-booster-shot-approved-fda_n_6241cabfe4b0d7ac3d4fc905,"FDA Authorizes Second COVID Booster For Those 50 And Older. This fourth coronavirus vaccine dose would be optional, and federal health officials aren't currently recommending it for everyone in this age group."
news-2022-0934,3/29/22,2022,Joe Biden Slaps Down Question From Fox News' Peter Doocy: 'You Got To Be Silly',"""Why should I tell you?"" Biden responded when Doocy asked for specifics on the U.S. response to a possible Russian chemical attack on Ukraine.",Mary Papenfuss,https://www.huffpost.com/entry/joe-biden-peter-doocy-fox-news-silly-chemical-weapons-response_n_62424797e4b0e44de9b8000f,"Joe Biden Slaps Down Question From Fox News' Peter Doocy: 'You Got To Be Silly'. ""Why should I tell you?"" Biden responded when Doocy asked for specifics on the U.S. response to a possible Russian chemical attack on Ukraine."
news-2022-0935,3/29/22,2022,This Texas City’s Water Crisis Is Shaping A Democratic Congressional Primary,"Jessica Cisneros, a progressive challenging Rep. Henry Cuellar (D), argues that Laredo’s water infrastructure should have improved more during Cuellar’s tenure.",Daniel Marans,https://www.huffpost.com/entry/jessica-cisneros-henry-cuellar-laredo-water-problems_n_624244e3e4b0d8266aa235f4,"This Texas City’s Water Crisis Is Shaping A Democratic Congressional Primary. Jessica Cisneros, a progressive challenging Rep. Henry Cuellar (D), argues that Laredo’s water infrastructure should have improved more during Cuellar’s tenure."
news-2022-0936,3/29/22,2022,Why Overalls Are The Most Comfortable Go-To Maternity Look,They’re cooler and more accommodating than those elastic-waisted pants.,Anna Rahmanan,https://www.huffpost.com/entry/maternity-overalls_l_6238a1c9e4b009ab92fb6c13,Why Overalls Are The Most Comfortable Go-To Maternity Look. They’re cooler and more accommodating than those elastic-waisted pants.
news-2022-0937,3/28/22,2022,Amy Schumer’s Joke About Kirsten Dunst Being An Oscars Seat Filler Made People Cringe,Chris Rock wasn’t the only comedian at the Academy Awards who made a joke that led to a truly awkward moment.,Elyse Wanshel,https://www.huffpost.com/entry/amy-schumers-joke-abkirsten-dunst-scar-seat-filler-made-people-cringe_n_6241ca83e4b0d7ac3d4fc86a,Amy Schumer’s Joke About Kirsten Dunst Being An Oscars Seat Filler Made People Cringe. Chris Rock wasn’t the only comedian at the Academy Awards who made a joke that led to a truly awkward moment.
news-2022-0938,3/28/22,2022,Comedians React To Will Smith Hitting Chris Rock Over Bad Joke,"""Now we all have to worry about who wants to be the next Will Smith in comedy clubs and theaters,"" wrote Kathy Griffin.",Josephine Harvey,https://www.huffpost.com/entry/will-smith-chris-rock-comedians-react_n_62412f82e4b067827e3ae573,"Comedians React To Will Smith Hitting Chris Rock Over Bad Joke. ""Now we all have to worry about who wants to be the next Will Smith in comedy clubs and theaters,"" wrote Kathy Griffin."
news-2022-0939,3/28/22,2022,Hillary Clinton To Voice The Giant In Arkansas Production Of ‘Into The Woods’,"It's unlikely that playgoers will see the former first lady on stage. The Giant does not appear on stage, and the voice part is usually prerecorded.",,https://www.huffpost.com/entry/hillary-clinton-into-the-woods-giant_n_624209ffe4b0d7ac3d503340,"Hillary Clinton To Voice The Giant In Arkansas Production Of ‘Into The Woods’. It's unlikely that playgoers will see the former first lady on stage. The Giant does not appear on stage, and the voice part is usually prerecorded."
news-2022-0940,3/28/22,2022,Jane Campion Wins Best Directing Oscar For 'The Power Of The Dog',The filmmaker’s victory also marks the first time the directing award has gone to women in back-to-back years.,"Lynn Elber, AP",https://www.huffpost.com/entry/jane-campion-best-director-oscar_n_62416930e4b090818b39dd5d,Jane Campion Wins Best Directing Oscar For 'The Power Of The Dog'. The filmmaker’s victory also marks the first time the directing award has gone to women in back-to-back years.
news-2022-0941,3/28/22,2022,Kim Kardashian Says 'Get Your F**king Ass Up And Work' Remark Was 'Taken Out Of Context',The reality TV mogul expressed regret over her controversial advice to women in business after facing major backlash.,Cole Delbyck,https://www.huffpost.com/entry/kim-kardashian-says-get-your-fking-ass-up-and-work-remark-was-taken-out-of-context_n_6241be6ee4b0e340f6a6b9db,Kim Kardashian Says 'Get Your F**king Ass Up And Work' Remark Was 'Taken Out Of Context'. The reality TV mogul expressed regret over her controversial advice to women in business after facing major backlash.
news-2022-0942,3/28/22,2022,Trump Touts 'Massive' Turnout At Georgia Rally That Journalists Say Was 'Smallest' In Years,"“This is the smallest crowd I’ve seen at a rally of his in Georgia since he won the 2016 election,"" one local politics reporter said.",Mary Papenfuss,https://www.huffpost.com/entry/trump-georgia-rally-gop-primary_n_6240d6c0e4b0ccd4f5211e5d,"Trump Touts 'Massive' Turnout At Georgia Rally That Journalists Say Was 'Smallest' In Years. “This is the smallest crowd I’ve seen at a rally of his in Georgia since he won the 2016 election,"" one local politics reporter said."
news-2022-0943,3/27/22,2022,'Saturday Night Live' Co-Head Writer Michael Che Says He’s Leaving 'Weekend Update',"In an Instagram post, Che clarified he was ""not leaving SNL"" but did not confirm whether he intended to stay at the ""Weekend Update"" desk.",Andre Ellington,https://www.huffpost.com/entry/michael-che-snl-weekend-update_n_6240ac17e4b067827e3a33e4,"'Saturday Night Live' Co-Head Writer Michael Che Says He’s Leaving 'Weekend Update'. In an Instagram post, Che clarified he was ""not leaving SNL"" but did not confirm whether he intended to stay at the ""Weekend Update"" desk."
news-2022-0944,3/27/22,2022,Biden Budget Seeks Minimum Tax On Households Worth $100 Million,The introduction of the minimum tax on the wealthiest Americans would represent a significant reorienting of the tax code.,"Josh Boak, AP",https://www.huffpost.com/entry/biden-budget-minimum-household-tax_n_623fdbade4b0ccd4f5205ec5,Biden Budget Seeks Minimum Tax On Households Worth $100 Million. The introduction of the minimum tax on the wealthiest Americans would represent a significant reorienting of the tax code.
news-2022-0945,3/27/22,2022,GOP Sen. Rick Scott's Lies About His Own Policy Get Called Out On Fox News,"The Florida Republican tried to write off his proposal to hike taxes for millions of Americans as ""Democrat talking points.""",Josephine Harvey,https://www.huffpost.com/entry/rick-scott-fox-news-john-roberts_n_6240d90ce4b090818b38cb3c,"GOP Sen. Rick Scott's Lies About His Own Policy Get Called Out On Fox News. The Florida Republican tried to write off his proposal to hike taxes for millions of Americans as ""Democrat talking points."""
news-2022-0946,3/27/22,2022,Jessica Chastain Hits Oscars Red Carpet After Nearly Skipping It For A Great Reason,"The ""Eyes of Tammy Faye"" star wore a stunning lavender gown by Gucci.",Curtis M. Wong,https://www.huffpost.com/entry/jessica-chastain-2022-oscars-red-carpet_n_6240e889e4b0ab00739b7df5,"Jessica Chastain Hits Oscars Red Carpet After Nearly Skipping It For A Great Reason. The ""Eyes of Tammy Faye"" star wore a stunning lavender gown by Gucci."
news-2022-0947,3/27/22,2022,Oscars 2022: See The Complete Winners List,"""CODA"" triumphed with a history-making win at the end of an unusually chaotic ceremony.",Cole Delbyck,https://www.huffpost.com/entry/oscars-2022-the-complete-winners-list_n_623cba73e4b0d39357d33886,"Oscars 2022: See The Complete Winners List. ""CODA"" triumphed with a history-making win at the end of an unusually chaotic ceremony."
news-2022-0948,3/27/22,2022,Ukraine Ambassador On Putin's Strategy: ‘We Can Always Count On Russia Lying’,"Oksana Markarova said Ukraine is ready to negotiate a peace agreement with Russia, but that the country will not give up its territories to reach a deal.",Sanjana Karanth,https://www.huffpost.com/entry/ukrainian-ambassador-country-territory-russia-lying_n_6240cb1be4b0ab00739b61bf,"Ukraine Ambassador On Putin's Strategy: ‘We Can Always Count On Russia Lying’. Oksana Markarova said Ukraine is ready to negotiate a peace agreement with Russia, but that the country will not give up its territories to reach a deal."
news-2022-0949,3/26/22,2022,'Daily Show' Torches Ted Cruz With A New Job He'd Be Brilliant At,"Introducing… “Cruz Missile PR.""",Lee Moran,https://www.huffpost.com/entry/ted-cruz-daily-show-reverse-oprah_n_623ef104e4b0e340f6a37d77,"'Daily Show' Torches Ted Cruz With A New Job He'd Be Brilliant At. Introducing… “Cruz Missile PR."""
news-2022-0950,3/26/22,2022,"Biden On Putin: 'For God's Sake, This Man Cannot Remain In Power'",President Joe Biden visited Poland's capital on Saturday to speak with refugees who've been displaced amid Russia's attack on Ukraine.,"Chris Megerian and Vanessa Gera, AP",https://www.huffpost.com/entry/biden-poland-putin-russia_n_623f5280e4b067827e394197,"Biden On Putin: 'For God's Sake, This Man Cannot Remain In Power'. President Joe Biden visited Poland's capital on Saturday to speak with refugees who've been displaced amid Russia's attack on Ukraine."
news-2022-0951,3/26/22,2022,Ex-Maine Gov Candidate Out On Bail After Child Porn Arrest,Warrants were executed on two of Eliot Cutler’s homes earlier in the week.,"Patrick Whittle, AP",https://www.huffpost.com/entry/eliot-cutler-child-porn_n_623f7490e4b097d36e432c96,Ex-Maine Gov Candidate Out On Bail After Child Porn Arrest. Warrants were executed on two of Eliot Cutler’s homes earlier in the week.
news-2022-0952,3/26/22,2022,Ingraham Guest Says ‘No Reason Whatsoever’ For Ukrainian Refugees To Come To U.S.,"“They're doing great for a group of war refugees.""",Lee Moran,https://www.huffpost.com/entry/laura-ingraham-fox-news-guest-ukraine_n_623ec011e4b0ab007399e089,"Ingraham Guest Says ‘No Reason Whatsoever’ For Ukrainian Refugees To Come To U.S.. “They're doing great for a group of war refugees."""
news-2022-0953,3/26/22,2022,Rep. Madison Cawthorn Tells Audience: 'I Don't Have A Whole Lot Of Wisdom',"But he does have a ""lot of aggression,"" Cawthorn acknowledges in an appearance at a North Carolina GOP men's club event.",Mary Papenfuss,https://www.huffpost.com/entry/madison-cawthorn-wisdom-newt-gingrich-reelection-campaign_n_623f86f7e4b097d36e4338a5,"Rep. Madison Cawthorn Tells Audience: 'I Don't Have A Whole Lot Of Wisdom'. But he does have a ""lot of aggression,"" Cawthorn acknowledges in an appearance at a North Carolina GOP men's club event."
news-2022-0954,3/26/22,2022,WNBA Legend Lisa Leslie: We Were Told Not To Make 'Big Fuss' Over Brittney Griner,"When Brittney Griner was arrested in Russia, there were fears she'd be used as a ""political pawn,"" Lisa Leslie said on a podcast.",Hilary Hanson,https://www.huffpost.com/entry/lisa-leslie-brittney-griner_n_623f1e7be4b0ccd4f51ff062,"WNBA Legend Lisa Leslie: We Were Told Not To Make 'Big Fuss' Over Brittney Griner. When Brittney Griner was arrested in Russia, there were fears she'd be used as a ""political pawn,"" Lisa Leslie said on a podcast."
news-2022-0955,3/25/22,2022,"60 Miles From Ukraine, Biden Sees Refugee Crisis In Poland",President Joe Biden paid tribute to Poland for giving refuge to more than 2 million Ukrainians who have fled their country since Russia’s invasion.,"CHRIS MEGERIAN and DARLENE SUPERVILLE, AP",https://www.huffpost.com/entry/biden-poland-ukraine-war-refugees_n_623e0161e4b0c0781abae6d5,"60 Miles From Ukraine, Biden Sees Refugee Crisis In Poland. President Joe Biden paid tribute to Poland for giving refuge to more than 2 million Ukrainians who have fled their country since Russia’s invasion."
news-2022-0956,3/25/22,2022,"Biden To Visit Poland, A Complex Ally On Ukraine's Doorstep",The two-day visit starting Friday follows a trio of emergency war summits in Brussels.,"Vanessa Gera, AP",https://www.huffpost.com/entry/bc-eu-poland-biden_n_623d9b16e4b030e7392dc368,"Biden To Visit Poland, A Complex Ally On Ukraine's Doorstep. The two-day visit starting Friday follows a trio of emergency war summits in Brussels."
news-2022-0957,3/25/22,2022,Half Of Ukraine's Children Displaced Amid Russian Invasion,"Some 4.3 million children in Ukraine have been displaced by the war, according to the United Nations.","CARA ANNA, AP",https://www.huffpost.com/entry/russia-ukraine-children-displaced_n_623d5b65e4b0846e7c4c682c,"Half Of Ukraine's Children Displaced Amid Russian Invasion. Some 4.3 million children in Ukraine have been displaced by the war, according to the United Nations."
news-2022-0958,3/25/22,2022,Key Dem Manchin Says He'll Back Jackson For Supreme Court,"Manchin has announced his intention to support the nomination of Ketanji Brown Jackson, pushing her one step closer to confirmation.","MARY CLARE JALONICK and KEVIN FREKING, AP",https://www.huffpost.com/entry/supreme-court-joe-manchin-judge-jackson_n_623de144e4b0def9daecff39,"Key Dem Manchin Says He'll Back Jackson For Supreme Court. Manchin has announced his intention to support the nomination of Ketanji Brown Jackson, pushing her one step closer to confirmation."
news-2022-0959,3/25/22,2022,U.S. Indictment Details Russian Efforts To Hack Worldwide Energy Sector,"The charges, sealed since 2021, make “crystal clear the urgent ongoing need for American businesses to harden their defenses,” the Justice Department said.",Nick Visser,https://www.huffpost.com/entry/russia-hack-energy-sector_n_623d167be4b0e3a314352d40,"U.S. Indictment Details Russian Efforts To Hack Worldwide Energy Sector. The charges, sealed since 2021, make “crystal clear the urgent ongoing need for American businesses to harden their defenses,” the Justice Department said."
news-2022-0960,3/25/22,2022,"U.S., E.U. Announce New Partnership To Undercut Russian Energy",The White House announced the U.S. and other nations will increase liquified natural gas exports to Europe by 15 billion cubic meters in 2022.,"Chris Megerian and Cathy Bussewitz, AP",https://www.huffpost.com/entry/us-eu-gas-supply-russia-ukraine-war_n_623d6bdbe4b0846e7c4c897e,"U.S., E.U. Announce New Partnership To Undercut Russian Energy. The White House announced the U.S. and other nations will increase liquified natural gas exports to Europe by 15 billion cubic meters in 2022."
news-2022-0961,3/24/22,2022,Fox News' Ketanji Brown Jackson Coverage Melts 'Daily Show' Comedian's Mind,Desi Lydic offered her own commentary on the Supreme Court nominee after pretending to binge-watch the conservative network.,Lee Moran,https://www.huffpost.com/entry/desi-lydic-fox-news-ketanji-brown-jackson_n_623c4f3ae4b009ab9302a7cb,Fox News' Ketanji Brown Jackson Coverage Melts 'Daily Show' Comedian's Mind. Desi Lydic offered her own commentary on the Supreme Court nominee after pretending to binge-watch the conservative network.
news-2022-0962,3/24/22,2022,Howard Stern Gives 'Wacko Party' Trump Fans A Brutal Election Reality Check,"The radio icon slams the ""absolutely absurd"" flaw in the system that allowed Trump to become president in the first place.",Ed Mazza,https://www.huffpost.com/entry/howard-stern-trump-election_n_623c1c93e4b009ab9302167f,"Howard Stern Gives 'Wacko Party' Trump Fans A Brutal Election Reality Check. The radio icon slams the ""absolutely absurd"" flaw in the system that allowed Trump to become president in the first place."
news-2022-0963,3/24/22,2022,New York City To Let Unvaccinated Athletes Play Home Games,The city's vaccine mandate will still apply for workers in other jobs.,"Michelle L. Price, AP",https://www.huffpost.com/entry/nyc-vaccine-mandate-players-performers_n_623c503fe4b046c938e5f6de,New York City To Let Unvaccinated Athletes Play Home Games. The city's vaccine mandate will still apply for workers in other jobs.
news-2022-0964,3/24/22,2022,OOPS! Reporters Spot What Sen. Ted Cruz Was Looking At On His Phone During Hearings,The Texas senator was roasted on Twitter for this one.,Ed Mazza,https://www.huffpost.com/entry/ted-cruz-checked-his-mentions_n_623c03e0e4b009ab9301e3bb,OOPS! Reporters Spot What Sen. Ted Cruz Was Looking At On His Phone During Hearings. The Texas senator was roasted on Twitter for this one.
news-2022-0965,3/24/22,2022,"White House Removes Dr. Oz, Herschel Walker From Presidential Council","The Biden administration asked the Republican Senate candidates to resign or be removed from the council on sports, fitness and nutrition.",Josephine Harvey,https://www.huffpost.com/entry/dr-oz-herschel-walker-presidential-council_n_623bddbde4b0f1e82c532165,"White House Removes Dr. Oz, Herschel Walker From Presidential Council. The Biden administration asked the Republican Senate candidates to resign or be removed from the council on sports, fitness and nutrition."
news-2022-0966,3/23/22,2022,FBI Sees Growing Russian Hacker Interest In U.S. Energy Firms,The warning highlights the White House's heightened cybersecurity concerns due to the ongoing war in Ukraine.,"Eric Tucker and Jake Bleiberg, AP",https://www.huffpost.com/entry/cybersecurity-fbi-concerns-russia-ukraine-war_n_623ad120e4b0f1e82c50b1bd,FBI Sees Growing Russian Hacker Interest In U.S. Energy Firms. The warning highlights the White House's heightened cybersecurity concerns due to the ongoing war in Ukraine.
news-2022-0967,3/23/22,2022,Moderna Says Its Low-Dose COVID Shots Work For Kids Under 6,The nation’s 18 million children under 5 are the only age group not yet eligible for vaccination.,"LAURAN NEERGAARD, AP",https://www.huffpost.com/entry/moderna-vaccine-kids_n_623b1120e4b0f1e82c5168c6,Moderna Says Its Low-Dose COVID Shots Work For Kids Under 6. The nation’s 18 million children under 5 are the only age group not yet eligible for vaccination.
news-2022-0968,3/23/22,2022,"Norway’s King Tests Positive For COVID, Has Mild Symptoms","The king's duties as Norway’s head of state are ceremonial, and he holds no political power.",,https://www.huffpost.com/entry/norways-king-tests-positive-for-covid-has-mild-symptoms_n_623b2cc3e4b046c938e3bb6c,"Norway’s King Tests Positive For COVID, Has Mild Symptoms. The king's duties as Norway’s head of state are ceremonial, and he holds no political power."
news-2022-0969,3/23/22,2022,One of Two Black Boxes Found In China Eastern Plane Crash,The exterior of the black box recorder was so damaged that investigators could not immediately conclude whether it was the flight data recorder or the cockpit voice recorder.,"Ng Han Guan and Ken Moritsugu, AP",https://www.huffpost.com/entry/china-plane-crash-site-search-suspended-amid-rain_n_623ad580e4b0c727d48536da,One of Two Black Boxes Found In China Eastern Plane Crash. The exterior of the black box recorder was so damaged that investigators could not immediately conclude whether it was the flight data recorder or the cockpit voice recorder.
news-2022-0970,3/23/22,2022,Starbucks Workers In Seattle Vote To Form Union,That makes seven Starbucks stores that have voted to unionize in a matter of months.,Dave Jamieson,https://www.huffpost.com/entry/starbucks-workers-in-seattle-vote-to-form-union_n_623a6d70e4b019fd81344cd6,Starbucks Workers In Seattle Vote To Form Union. That makes seven Starbucks stores that have voted to unionize in a matter of months.
news-2022-0971,3/23/22,2022,Ukraine Says Russia Seized Relief Workers In Mariupol Convoy,"Ukrainian President Volodymyr Zelenskyy said about 100,000 civilians were still in Mariupol with no access to food and water.","Nebi Qena and Cara Anna, AP",https://www.huffpost.com/entry/russia-seizes-mariupol-relief-workers-ukraine-war_n_623ac8f0e4b019fd8134b2d4,"Ukraine Says Russia Seized Relief Workers In Mariupol Convoy. Ukrainian President Volodymyr Zelenskyy said about 100,000 civilians were still in Mariupol with no access to food and water."
news-2022-0972,3/22/22,2022,9 Million Children To Be Vaccinated Against Polio In Africa,The urgent vaccination campaign has started in Malawi where drops of the inoculation are being placed in the mouths of children across the country,"Associated Press, AP",https://www.huffpost.com/entry/africa-polio-vaccination-unicef_n_623a0855e4b0f1e82c4fa38e,9 Million Children To Be Vaccinated Against Polio In Africa. The urgent vaccination campaign has started in Malawi where drops of the inoculation are being placed in the mouths of children across the country
news-2022-0973,3/22/22,2022,Closing Arguments Set In 'Cowboys For Trump' Founder Jan. 6 Trial,"Couy Griffin, an elected official from New Mexico, is the second person tried on charges stemming from the U.S. Capitol riot.","Michael Kunzelman, AP",https://www.huffpost.com/entry/bc-us-capitol-riot-couy-griffin-elected-official_n_6239a594e4b019fd813281fe,"Closing Arguments Set In 'Cowboys For Trump' Founder Jan. 6 Trial. Couy Griffin, an elected official from New Mexico, is the second person tried on charges stemming from the U.S. Capitol riot."
news-2022-0974,3/22/22,2022,Putin Critic Navalny Sentenced To 9 Years In Maximum Security Prison,"Alexei Navalny, who is already serving 2½ years for parole violations, was convicted of fraud and contempt of court.",,https://www.huffpost.com/entry/putin-critic-navalny-new-trial_n_6239af9ce4b019fd8132a8f8,"Putin Critic Navalny Sentenced To 9 Years In Maximum Security Prison. Alexei Navalny, who is already serving 2½ years for parole violations, was convicted of fraud and contempt of court."
news-2022-0975,3/22/22,2022,See The Moment Man Is Rescued From Underground Storm Pipe After 2 Days,Passersby heard the man screaming from inside the pizza-sized pipe.,,https://www.huffpost.com/entry/storm-drain-man-trapped-video_n_6239997ae4b019fd81325b74,See The Moment Man Is Rescued From Underground Storm Pipe After 2 Days. Passersby heard the man screaming from inside the pizza-sized pipe.
news-2022-0976,3/22/22,2022,Spring Break Shootings: Miami Beach Emergency Brings Curfew,"Five people were shot over the weekend, the Miami Beach mayor said.","David Fischer, AP",https://www.huffpost.com/entry/miami-beach-spring-break-shootings-curfew_n_62398972e4b046c938e01b39,"Spring Break Shootings: Miami Beach Emergency Brings Curfew. Five people were shot over the weekend, the Miami Beach mayor said."
news-2022-0977,3/21/22,2022,'Mean Girls' Star Jonathan Bennett Marries Jaymes Vaughan In Mexico,"The two men made it official in a stunning beach ceremony that included a fireworks display set to the soundtrack of ""The Greatest Showman.""",Curtis M. Wong,https://www.huffpost.com/entry/jonathan-bennett-jaymes-vaughan-married_n_6238dd29e4b0d39357cb4223,"'Mean Girls' Star Jonathan Bennett Marries Jaymes Vaughan In Mexico. The two men made it official in a stunning beach ceremony that included a fireworks display set to the soundtrack of ""The Greatest Showman."""
news-2022-0978,3/21/22,2022,Alabama Man Accused Of Stealing 70-Ton Crane,"The suspect claimed someone gave him the crane, and he wanted it removed so he could sell it for scrap, according to the Chilton County Sheriff’s Office.",,https://www.huffpost.com/entry/alabama-man-stolen-7-ton-crame_n_6238d77ee4b009ab92fbe1bc,"Alabama Man Accused Of Stealing 70-Ton Crane. The suspect claimed someone gave him the crane, and he wanted it removed so he could sell it for scrap, according to the Chilton County Sheriff’s Office."
news-2022-0979,3/21/22,2022,Biden Urges Companies To Prepare For Potential Russian Cyberattacks,Biden said Russia could launch an cyberattack against U.S. targets as retaliation for “the unprecedented economic costs we’ve imposed” on the country.,"Alan Suderman, AP",https://www.huffpost.com/entry/biden-cyberattacks-russia_n_6238ff41e4b0f1e82c4d6ba1,Biden Urges Companies To Prepare For Potential Russian Cyberattacks. Biden said Russia could launch an cyberattack against U.S. targets as retaliation for “the unprecedented economic costs we’ve imposed” on the country.
news-2022-0980,3/21/22,2022,"Goal Of Capping Global Warming At 1.5 Degrees Celsius Is 'On Life Support,' UN Chief Warns","“There is no kind way to put it,” United Nations Secretary-General António Guterres said.",Lydia O'Connor,https://www.huffpost.com/entry/climate-change-goal-life-support_n_6238bc9ae4b009ab92fbb7e6,"Goal Of Capping Global Warming At 1.5 Degrees Celsius Is 'On Life Support,' UN Chief Warns. “There is no kind way to put it,” United Nations Secretary-General António Guterres said."
news-2022-0981,3/21/22,2022,Ketanji Brown Jackson Vows To Be Nonpartisan In Supreme Court Hearing,Republicans will spend the next two days grilling Jackson on her record. They've already signaled plans to attack her for being “soft on crime.”,Igor Bobic and Jennifer Bendery,https://www.huffpost.com/entry/ketanji-brown-jackson-supreme-court-hearings_n_623899f5e4b0d39357caabca,Ketanji Brown Jackson Vows To Be Nonpartisan In Supreme Court Hearing. Republicans will spend the next two days grilling Jackson on her record. They've already signaled plans to attack her for being “soft on crime.”
news-2022-0982,3/21/22,2022,Ukraine Rejects Russian Demand For Surrender In Mariupol,"Fighting for Mariupol has continued to be intense, even as the Russian offensive has floundered in other areas.","Cara Anna, AP",https://www.huffpost.com/entry/russia-ukraine-war_n_623811ade4b019fd812f9b4e,"Ukraine Rejects Russian Demand For Surrender In Mariupol. Fighting for Mariupol has continued to be intense, even as the Russian offensive has floundered in other areas."
news-2022-0983,3/20/22,2022,'No City Anymore': Mariupol Survivors Flee On Train To Safety,The heat on the train was as thick as the anxiety as Ukrainian survivors of one of the most brutal sieges in modern history fled to the safer western city of Lviv.,"Cara Anna and Renata Brito, AP",https://www.huffpost.com/entry/russia-ukraine-war-mariupol-survivors_n_623770dde4b009ab92f9da59,'No City Anymore': Mariupol Survivors Flee On Train To Safety. The heat on the train was as thick as the anxiety as Ukrainian survivors of one of the most brutal sieges in modern history fled to the safer western city of Lviv.
news-2022-0984,3/20/22,2022,Clash Gives Blessing To Song Retooling For Gut-Wrenching Ukrainian Resistance Anthem,"""London Calling"" is transformed into ""Kyiv Calling"" by punk band Beton: ""Kyiv calling to the faraway towns. Kyiv calling to the whole world... Kyiv rising.""",Mary Papenfuss,https://www.huffpost.com/entry/clash-beton-london-ukraine-calling-new-resistance-anthem_n_62366d17e4b0c727d47f22f6,"Clash Gives Blessing To Song Retooling For Gut-Wrenching Ukrainian Resistance Anthem. ""London Calling"" is transformed into ""Kyiv Calling"" by punk band Beton: ""Kyiv calling to the faraway towns. Kyiv calling to the whole world... Kyiv rising."""
news-2022-0985,3/20/22,2022,Liz Cheney Says Jan. 6 Committee Exploring ‘Enhanced Criminal Penalties’ For Trump,The Wyoming Republican who co-chairs the House panel also said the probe's findings will reveal new information about the insurrection on the Capitol.,Sanjana Karanth,https://www.huffpost.com/entry/liz-cheney-jan-6-enhanced-criminal-penalties-trump_n_6237963ae4b046c938dd37f8,Liz Cheney Says Jan. 6 Committee Exploring ‘Enhanced Criminal Penalties’ For Trump. The Wyoming Republican who co-chairs the House panel also said the probe's findings will reveal new information about the insurrection on the Capitol.
news-2022-0986,3/20/22,2022,Russian Military Slog In Ukraine A ‘Dreadful Mess’ For Putin,"More than three weeks into his invasion of Ukraine, Russian President Vladimir Putin's initial aim of easily changing over the government in Ukraine is long gone.","Ellen Knickmeyer, AP",https://www.huffpost.com/entry/russia-ukraine-war-putin_n_6236a15be4b046c938dcab1e,"Russian Military Slog In Ukraine A ‘Dreadful Mess’ For Putin. More than three weeks into his invasion of Ukraine, Russian President Vladimir Putin's initial aim of easily changing over the government in Ukraine is long gone."
news-2022-0987,3/20/22,2022,Shooting Wounds 4 Near South By Southwest Festival In Austin,"A suspect has been taken into custody for the early morning shooting that left several people with not life-threatening injuries, police said.",,https://www.huffpost.com/entry/shooting-sxsw-festival-austin-texas-2022_n_62371d73e4b0f1e82c4af91e,"Shooting Wounds 4 Near South By Southwest Festival In Austin. A suspect has been taken into custody for the early morning shooting that left several people with not life-threatening injuries, police said."
news-2022-0988,3/20/22,2022,"‘The Batman,’ Still No. 1, Crosses $300 Million","“The Batman” is still going strong three weeks into its theatrical run, with a tight grip on the top spot at the box office.","Lindsey Bahr, AP",https://www.huffpost.com/entry/the-batman-still-no-1-crosses-300-million_n_62375be8e4b019fd812f26b3,"‘The Batman,’ Still No. 1, Crosses $300 Million. “The Batman” is still going strong three weeks into its theatrical run, with a tight grip on the top spot at the box office."
news-2022-0989,3/19/22,2022,4 U.S. Troops Killed In Plane Crash During NATO Exercise,The annual NATO drills in Norway are unrelated to the war in Ukraine.,,https://www.huffpost.com/entry/us-troops-norway-plane-crash_n_6235a07fe4b009ab92f8e32f,4 U.S. Troops Killed In Plane Crash During NATO Exercise. The annual NATO drills in Norway are unrelated to the war in Ukraine.
news-2022-0990,3/19/22,2022,Canada Gives Russian Letter Lamenting Humanitarian Disaster A Scathing Rewrite,The Russian envoy's letter about Ukraine received a blistering edit in red from Canada's mission to the United Nations.,Lee Moran,https://www.huffpost.com/entry/canada-russia-letter-un-rewrite_n_62358d2ce4b0f1e82c4a2367,Canada Gives Russian Letter Lamenting Humanitarian Disaster A Scathing Rewrite. The Russian envoy's letter about Ukraine received a blistering edit in red from Canada's mission to the United Nations.
news-2022-0991,3/19/22,2022,"Putin Likens Opponents To 'Gnats,' Evoking Stalin's Dehumanizing Language",Russian President Vladimir Putin used language that recalls the rhetoric from Josef Stalin’s show trials of the 1930s.,,https://www.huffpost.com/entry/putin-gnats-stalin_n_6235541ae4b019fd812e104a,"Putin Likens Opponents To 'Gnats,' Evoking Stalin's Dehumanizing Language. Russian President Vladimir Putin used language that recalls the rhetoric from Josef Stalin’s show trials of the 1930s."
news-2022-0992,3/19/22,2022,Russia Uses New Hypersonic Missile For First Time In Ukraine,Ukrainian President Volodymyr Zelenskyy warned Russia's strategy will ultimately fail and Moscow will lose in the long run if it doesn’t end its war.,"CARA ANNA, AP",https://www.huffpost.com/entry/russia-ukraine-invasion-zelenskyy-warning_n_62359d79e4b009ab92f8e1f0,Russia Uses New Hypersonic Missile For First Time In Ukraine. Ukrainian President Volodymyr Zelenskyy warned Russia's strategy will ultimately fail and Moscow will lose in the long run if it doesn’t end its war.
news-2022-0993,3/19/22,2022,Russian Cosmonauts Arrive At International Space Station In Colors Of Ukrainian Flag,"It is unclear what, if any, message the yellow flight suits with blue accents were intended to send.",,https://www.huffpost.com/entry/russia-space-station-yellow-blue_n_62356dc0e4b0c727d47e8f11,"Russian Cosmonauts Arrive At International Space Station In Colors Of Ukrainian Flag. It is unclear what, if any, message the yellow flight suits with blue accents were intended to send."
news-2022-0994,3/19/22,2022,Top Putin Flack Sergey Lavrov Praises Fox News,"Russia's top diplomat had some warm words for the conservative network, whose prime-time personality Tucker Carlson has repeated pro-Kremlin talking points.",Lee Moran,https://www.huffpost.com/entry/sergey-lavrov-fox-news_n_62357216e4b009ab92f8c1ee,"Top Putin Flack Sergey Lavrov Praises Fox News. Russia's top diplomat had some warm words for the conservative network, whose prime-time personality Tucker Carlson has repeated pro-Kremlin talking points."
news-2022-0995,3/18/22,2022,China Weighs Exit From 'Zero COVID' And The Risks Involved,"The change does not appear imminent as the government continues its policy of sticking with lockdowns, mass testing and quarantine for overseas arrivals.","Dake Kang and Huizhong Wu, AP",https://www.huffpost.com/entry/china-weighs-exit-from-zero-covid-strategy_n_623445bde4b0c727d47c9543,"China Weighs Exit From 'Zero COVID' And The Risks Involved. The change does not appear imminent as the government continues its policy of sticking with lockdowns, mass testing and quarantine for overseas arrivals."
news-2022-0996,3/18/22,2022,Peru Court Orders Ex-President Fujimori Freed From Prison,Peru's former President Alberto Fujimori is serving a 25-year sentence for murder and corruption charges.,"FRANKLIN BRICEÑO, AP",https://www.huffpost.com/entry/ap-lt-peru-fujimori_n_623467cee4b046c938da76ff,Peru Court Orders Ex-President Fujimori Freed From Prison. Peru's former President Alberto Fujimori is serving a 25-year sentence for murder and corruption charges.
news-2022-0997,3/18/22,2022,Russian Missiles Hit Near Lviv Airport As Strikes Continue,World leaders have been calling for an investigation into Russia's repeat attacks on civilians in Ukraine.,"Cara Anna, AP",https://www.huffpost.com/entry/russian-missiles-hit-near-lviv-airport_n_623432e1e4b0c727d47c6dd2,Russian Missiles Hit Near Lviv Airport As Strikes Continue. World leaders have been calling for an investigation into Russia's repeat attacks on civilians in Ukraine.
news-2022-0998,3/18/22,2022,"Syria's Assad Visits UAE, 1st Trip To Arab Country Since War","Assad's office said he met with Sheikh Mohamed bin Rashid Al Maktoum, vice president and prime minister of the UAE and the ruler of Dubai.",,https://www.huffpost.com/entry/assad-uae_n_6234e8b1e4b009ab92f889b0,"Syria's Assad Visits UAE, 1st Trip To Arab Country Since War. Assad's office said he met with Sheikh Mohamed bin Rashid Al Maktoum, vice president and prime minister of the UAE and the ruler of Dubai."
news-2022-0999,3/17/22,2022,"9 Dead, 2 Injured In Fiery Crash Involving University Of The Southwest Golf Teams",Two Canadian students were also hospitalized in critical condition.,"Cedar Attanasio, Jill Bleed and Anita Snow, AP",https://www.huffpost.com/entry/fiery-texas-crash-kills-9_n_6232f467e4b046c938d7023b,"9 Dead, 2 Injured In Fiery Crash Involving University Of The Southwest Golf Teams. Two Canadian students were also hospitalized in critical condition."news-2022-1000,3/17/22,2022,"Biden COVID Coordinators Leaving, To Be Replaced By Ashish Jha","Jeff Zients and his deputy Natalie Quillian will leave the administration next month. Jha, the dean of the Brown University School of Public Health, will take over.",,https://www.huffpost.com/entry/ashish-jha-replacing-jeff-zients-white-house-covid-coordinator_n_62332610e4b019fd8129a3ba,"Biden COVID Coordinators Leaving, To Be Replaced By Ashish Jha. Jeff Zients and his deputy Natalie Quillian will leave the administration next month. Jha, the dean of the Brown University School of Public Health, will take over."
news-2022-1001,3/17/22,2022,"European Mars Mission Suspended For This Year, Due To War In Ukraine","The European Space Agency confirmed Thursday that it’s indefinitely suspending its ExoMars rover mission with partner Roscosmos, Russia’s state space corporation.","John Leicester, AP",https://www.huffpost.com/entry/european-mars-mission-suspended_n_623369e2e4b0d39357c4bd5e,"European Mars Mission Suspended For This Year, Due To War In Ukraine. The European Space Agency confirmed Thursday that it’s indefinitely suspending its ExoMars rover mission with partner Roscosmos, Russia’s state space corporation."
news-2022-1002,3/17/22,2022,Fewer Americans File For Jobless Claims Last Week,"Jobless claims fell by 15,000 to 214,000 for the week ending March 12, down from the previous week's 229,000.","MATT OTT, AP",https://www.huffpost.com/entry/united-states-jobless-claims_n_623372f3e4b0d39357c4d674,"Fewer Americans File For Jobless Claims Last Week. Jobless claims fell by 15,000 to 214,000 for the week ending March 12, down from the previous week's 229,000."
news-2022-1003,3/17/22,2022,"Irish PM Tests Positive For COVID While Attending Event With Biden, Pelosi",Taoiseach Micheál Martin was at the Ireland Funds 30th National Gala at the National Building Museum in Washington when he learned of his diagnosis.,"ZEKE MILLER and COLLEEN LONG, AP",https://www.huffpost.com/entry/irish-pm-covid-positive_n_6232cf93e4b0d39357c2c981,"Irish PM Tests Positive For COVID While Attending Event With Biden, Pelosi. Taoiseach Micheál Martin was at the Ireland Funds 30th National Gala at the National Building Museum in Washington when he learned of his diagnosis."
news-2022-1004,3/17/22,2022,"Strong Japan Earthquake Kills 4, Injures 107",The 7.4-magnitude temblor knocked out power and cause extensive damage to peoples' properties breaking windows and smashing furniture.,"Mari Yamaguchi, AP",https://www.huffpost.com/entry/japan-earthquake-kills-4-people_n_6232df56e4b0d39357c2e928,"Strong Japan Earthquake Kills 4, Injures 107. The 7.4-magnitude temblor knocked out power and cause extensive damage to peoples' properties breaking windows and smashing furniture."
news-2022-1005,3/16/22,2022,"BMW, VW Warn Of Shortages From Part Suppliers In Ukraine","BMW and Volkswagen have warned that Russia’s invasion of Ukraine is causing shortages of some vital components, forcing them to reduce vehicle production in Europe.","KELVIN CHAN, AP",https://www.huffpost.com/entry/russia-ukraine-war-bmw-volkswagon_n_62322f54e4b02d624b1a2b56,"BMW, VW Warn Of Shortages From Part Suppliers In Ukraine. BMW and Volkswagen have warned that Russia’s invasion of Ukraine is causing shortages of some vital components, forcing them to reduce vehicle production in Europe."
news-2022-1006,3/16/22,2022,Bomb-Threatened Black Schools Eligible For Security Grants,The funding will be provided under the Project School Emergency Response to Violence program to improve campus security and access to mental health resources.,"Darlene Superville, AP",https://www.huffpost.com/entry/bomb-threatened-black-schools-eligible-for-federal-grants_n_6231fc91e4b0b628202ba87f,Bomb-Threatened Black Schools Eligible For Security Grants. The funding will be provided under the Project School Emergency Response to Violence program to improve campus security and access to mental health resources.
news-2022-1007,3/16/22,2022,Guatemala Drops Law Imprisoning Women For Getting Abortions,The law also sought to explicitly ban same-sex marriage and prohibit discussion of sexual diversity in schools.,,https://www.huffpost.com/entry/guatemala-drops-abortion-law_n_62321534e4b09e92692c92bc,Guatemala Drops Law Imprisoning Women For Getting Abortions. The law also sought to explicitly ban same-sex marriage and prohibit discussion of sexual diversity in schools.
news-2022-1008,3/16/22,2022,Haiti's Health Professionals Go On Strike Over Kidnappings,The strike has shut down public and private health institutions in Haiti's capital and beyond. Only emergency rooms are still accepting patients.,"Evens Sanon, AP",https://www.huffpost.com/entry/haiti-health-workers-strike-over-spike-in-kidnappings_n_623193a5e4b0d1329e8cb9e1,Haiti's Health Professionals Go On Strike Over Kidnappings. The strike has shut down public and private health institutions in Haiti's capital and beyond. Only emergency rooms are still accepting patients.
news-2022-1009,3/16/22,2022,Pandemic Preparedness Bill Moves Ahead; Funding Still Needed,"If the PREVENT Pandemic Act is passed in Congress, lawmakers would still have to deliver billions of dollars for it to materialize.","Ricardo Alonso-Zaldivar, AP",https://www.huffpost.com/entry/pandemic-preparedness-bill-moves-ahead_n_62318cf1e4b0d1329e8caf27,"Pandemic Preparedness Bill Moves Ahead; Funding Still Needed. If the PREVENT Pandemic Act is passed in Congress, lawmakers would still have to deliver billions of dollars for it to materialize."
news-2022-1010,3/16/22,2022,Ukraine President Volodymyr Zelenskyy To Appeal To U.S. Lawmakers For More Help Against Russia,Ukraine’s president seeks help to “close the skies over Ukraine to Russian missiles and planes.”,"Andrea Rosa, AP",https://www.huffpost.com/entry/russia-ukraine-war_n_62318e69e4b020d1596d6fd1,Ukraine President Volodymyr Zelenskyy To Appeal To U.S. Lawmakers For More Help Against Russia. Ukraine’s president seeks help to “close the skies over Ukraine to Russian missiles and planes.”
news-2022-1011,3/15/22,2022,Biden To Travel To Europe For NATO Summit On Russia’s War On Ukraine,"The president will travel next week to Brussels, where NATO leaders will ""discuss ongoing deterrence and defense efforts in response to"" Russia's invasion.",Sanjana Karanth,https://www.huffpost.com/entry/biden-travel-europe-nato-summit-russia-war_n_6230d744e4b0b628202966be,"Biden To Travel To Europe For NATO Summit On Russia’s War On Ukraine. The president will travel next week to Brussels, where NATO leaders will ""discuss ongoing deterrence and defense efforts in response to"" Russia's invasion."
news-2022-1012,3/15/22,2022,"No Charges Against Chicago Police Officers In Deaths Of Adam Toledo, Anthony Alvarez",Cook County State’s Attorney Kim Foxx said there was insufficient evidence to charge the officers.,"Sara Burnett, AP",https://www.huffpost.com/entry/chicago-police-charges-adam-toledo-anthony-alvarez_n_6230dc46e4b020d1596c915a,"No Charges Against Chicago Police Officers In Deaths Of Adam Toledo, Anthony Alvarez. Cook County State’s Attorney Kim Foxx said there was insufficient evidence to charge the officers."
news-2022-1013,3/15/22,2022,U.S. Astronaut To Return On Russian Capsule Despite Heightened Tensions Over War,"NASA insists Mark Vande Hei’s homecoming plans remain unchanged, even as Russia’s invasion of Ukraine has seen canceled launches and broken contracts.","MARCIA DUNN, AP",https://www.huffpost.com/entry/astronaut-mark-vande-hei-iss_n_62305f72e4b0b6282027f633,"U.S. Astronaut To Return On Russian Capsule Despite Heightened Tensions Over War. NASA insists Mark Vande Hei’s homecoming plans remain unchanged, even as Russia’s invasion of Ukraine has seen canceled launches and broken contracts."
news-2022-1014,3/15/22,2022,UC Berkeley Can Enroll Thousands More Students As Gov. Signs New Legislation,"The California university had been blocked from admitting around 3,000 students — or a third of its incoming freshman class — due to a local lawsuit.",Sarah Ruiz-Grossman,https://www.huffpost.com/entry/uc-berkeley-admissions-new-law-newsom_n_6230dbf6e4b0e01d97b1d6cf,"UC Berkeley Can Enroll Thousands More Students As Gov. Signs New Legislation. The California university had been blocked from admitting around 3,000 students — or a third of its incoming freshman class — due to a local lawsuit."
news-2022-1015,3/15/22,2022,UN Chief: Ukraine War Hitting Poor Nations Reliant On Wheat,"The United Nations chief said the poorest developing countries are seeing their breadbasket ""being bombed"" as a result of Russia's war on Ukraine.","Edith M. Lederer, AP",https://www.huffpost.com/entry/un-russia-ukraine-war-economic-effect-on-developing-countries_n_62303f2be4b0fe0944dac498,"UN Chief: Ukraine War Hitting Poor Nations Reliant On Wheat. The United Nations chief said the poorest developing countries are seeing their breadbasket ""being bombed"" as a result of Russia's war on Ukraine."
news-2022-1016,3/15/22,2022,"UN Says Women Pay Highest Price In Conflict, Now In Ukraine",The head of the U.N. women’s agency warned the war is damaging the lives and futures of Ukrainian women and girls.,"Edith M. Lederer, AP",https://www.huffpost.com/entry/un-women-pay-highest-price-in-conflict_n_62304567e4b0b6282027aa6a,"UN Says Women Pay Highest Price In Conflict, Now In Ukraine. The head of the U.N. women’s agency warned the war is damaging the lives and futures of Ukrainian women and girls."
news-2022-1017,3/14/22,2022,"Breonna Taylor’s Family, Supporters Sustain Push For Justice",Breonna Taylor’s family has joined with demonstrators and other supporters to honor the two-year anniversary of the Black woman’s death in a botched police raid.,"Piper Hudspeth Blackburn, AP",https://www.huffpost.com/entry/bc-us-breonna-taylor-anniversary_n_622f23d0e4b0fe0944d89a30,"Breonna Taylor’s Family, Supporters Sustain Push For Justice. Breonna Taylor’s family has joined with demonstrators and other supporters to honor the two-year anniversary of the Black woman’s death in a botched police raid."
news-2022-1018,3/14/22,2022,"Cops In NYC, DC, Suspect Same Gunman Shot 5 Homeless People",Two of the victims — one in each city — have died.,Nick Visser,https://www.huffpost.com/entry/new-york-washington-gunman-homeless_n_622eb82ae4b06349371fb4ac,"Cops In NYC, DC, Suspect Same Gunman Shot 5 Homeless People. Two of the victims — one in each city — have died."
news-2022-1019,3/14/22,2022,Idaho Becomes First State To Pass Copycat Texas Abortion Ban,"Republican Gov. Brad Little is expected to sign the measure into law, and it will likely go into effect next month.",Alanna Vagianos,https://www.huffpost.com/entry/idaho-abortion-ban-texas-copycat_n_622b71b8e4b0e01d97aa94b9,"Idaho Becomes First State To Pass Copycat Texas Abortion Ban. Republican Gov. Brad Little is expected to sign the measure into law, and it will likely go into effect next month."
news-2022-1020,3/14/22,2022,Joe Manchin Opposes Sarah Bloom Raskin Nomination To Federal Reserve,"The conservative Democrat said Raskin ""failed to satisfactorily address my concerns,"" likely dooming her bid to serve on the Federal Reserve Board.",Igor Bobic,https://www.huffpost.com/entry/sarah-bloom-raskin-manchin_n_622f68b1e4b0317d0a346804,"Joe Manchin Opposes Sarah Bloom Raskin Nomination To Federal Reserve. The conservative Democrat said Raskin ""failed to satisfactorily address my concerns,"" likely dooming her bid to serve on the Federal Reserve Board."
news-2022-1021,3/14/22,2022,Putin's War Could Worsen The Impact Of COVID-19 In Ukraine,"Russia's invasion has destroyed health care facilities, curbing Ukrainians' access to services, including COVID-19 vaccinations, the World Health Organization said.",Marita Vlachou,https://www.huffpost.com/entry/ukraine-russia-covid-19_n_622efbcae4b0317d0a32f8f6,"Putin's War Could Worsen The Impact Of COVID-19 In Ukraine. Russia's invasion has destroyed health care facilities, curbing Ukrainians' access to services, including COVID-19 vaccinations, the World Health Organization said."
news-2022-1022,3/14/22,2022,Stocks Sway On Wall Street As Oil Slides To $100 Per Barrel,Markets have careened in recent weeks amid uncertainty about whether the economy may be heading for a toxic combination of stagnating growth and persistently high inflation.,"STAN CHOE and DAMIAN J. TROISE, AP",https://www.huffpost.com/entry/wall-street-stock-market-oil_n_622f7956e4b0b6282026963f,Stocks Sway On Wall Street As Oil Slides To $100 Per Barrel. Markets have careened in recent weeks amid uncertainty about whether the economy may be heading for a toxic combination of stagnating growth and persistently high inflation.
news-2022-1023,3/13/22,2022,Average U.S. Gas Price Rises 22% In Two Weeks To Record $4.43,The price at the pump is $1.54 higher than it was a year ago.,,https://www.huffpost.com/entry/united-states-gas-prices-inflation_n_622e41c1e4b0fe0944d75c80,Average U.S. Gas Price Rises 22% In Two Weeks To Record $4.43. The price at the pump is $1.54 higher than it was a year ago.
news-2022-1024,3/13/22,2022,"Census: Black Population Grows In Suburbs, Shrinks In Cities","For decades, Black residents have been leaving some of the nation's largest cities while suburbs have seen Black population growth.","SOPHIA TAREEN, AP",https://www.huffpost.com/entry/united-states-census-black-migration_n_622e70cfe4b0fe0944d7725d,"Census: Black Population Grows In Suburbs, Shrinks In Cities. For decades, Black residents have been leaving some of the nation's largest cities while suburbs have seen Black population growth."
news-2022-1025,3/13/22,2022,Idaho Gov. Candidate Ammon Bundy Busted Protesting Police Seizure Of Malnourished Baby,"Right-wing rancher and gubernatorial candidate Bundy, who seized public lands with supporters in 2016, called the baby's health treatment ""medical tyranny.""",Mary Papenfuss,https://www.huffpost.com/entry/ammon-bundy-trespassing-arrest-severely-malnourished-baby-tyranny_n_622d328de4b0e01d97ac14f0,"Idaho Gov. Candidate Ammon Bundy Busted Protesting Police Seizure Of Malnourished Baby. Right-wing rancher and gubernatorial candidate Bundy, who seized public lands with supporters in 2016, called the baby's health treatment ""medical tyranny."""
news-2022-1026,3/13/22,2022,"NYC Police Search For Suspect Who Shot 2 Sleeping Homeless Men, One Fatally","Surveillance video of the violence is ""chilling, to see a cold-blooded act of murder,"" Mayor Eric Adams said at a news conference.",Mary Papenfuss,https://www.huffpost.com/entry/nyc-suspect-targeting-homeless-police-help_n_622db359e4b0e01d97ac45f8,"NYC Police Search For Suspect Who Shot 2 Sleeping Homeless Men, One Fatally. Surveillance video of the violence is ""chilling, to see a cold-blooded act of murder,"" Mayor Eric Adams said at a news conference."
news-2022-1027,3/13/22,2022,"Russian Airstrike Hits Base In Western Ukraine, Kills 35",The attacked training base near Yavoriv is less than 15 miles from the Polish border and appears to be the westernmost target struck during Russia’s 18-day invasion.,"Yuras Karmanau, AP",https://www.huffpost.com/entry/russian-airstrike-hits-base-western-ukraine_n_622dd1e3e4b0fe0944d714e7,"Russian Airstrike Hits Base In Western Ukraine, Kills 35. The attacked training base near Yavoriv is less than 15 miles from the Polish border and appears to be the westernmost target struck during Russia’s 18-day invasion."
news-2022-1028,3/13/22,2022,Tom Brady Announces He's Not Retiring After All: 'My Place Is Still On The Field',"""That time will come. But it’s not now,"" the NFL legend wrote.",Josephine Harvey,https://www.huffpost.com/entry/nfl-quarterback-tom-brady-not-retiring_n_622e7c9ae4b0d1329e86b2e7,"Tom Brady Announces He's Not Retiring After All: 'My Place Is Still On The Field'. ""That time will come. But it’s not now,"" the NFL legend wrote."
news-2022-1029,3/12/22,2022,2 Women Dead After Car Crashes Into D.C. Restaurant's Outdoor Patio,Six others were injured in the accident at Greek restaurant Parthenon.,"CAROLE FELDMAN, AP",https://www.huffpost.com/entry/car-crash-restaurant-cafe_n_622c86b7e4b0e01d97abb48f,2 Women Dead After Car Crashes Into D.C. Restaurant's Outdoor Patio. Six others were injured in the accident at Greek restaurant Parthenon.
news-2022-1030,3/12/22,2022,"Cancer Hospital Struck By Russian Shelling, Says Ukraine",Several hundred patients were reportedly inside the Mykolaiv hospital during the attack.,,https://www.huffpost.com/entry/ukraine-cancer-hospital_n_622c45c9e4b02961583ba370,"Cancer Hospital Struck By Russian Shelling, Says Ukraine. Several hundred patients were reportedly inside the Mykolaiv hospital during the attack."
news-2022-1031,3/12/22,2022,"Russia Accuses Ukraine, U.S. Of Biological Weapon Operations In Heated U.N. Face-Off","“No chemical or any other weapons of mass destruction were developed on my land,” the Ukrainian president said on Facebook. “The whole world knows that.”",Mary Papenfuss,https://www.huffpost.com/entry/russia-un-us-ukraine-biological-weapons-accusations_n_622c0f9ae4b0d1329e855657,"Russia Accuses Ukraine, U.S. Of Biological Weapon Operations In Heated U.N. Face-Off. “No chemical or any other weapons of mass destruction were developed on my land,” the Ukrainian president said on Facebook. “The whole world knows that.”"
news-2022-1032,3/12/22,2022,Stephen Colbert Sends A Mocking Message To His Past Self,"“Way to go, past Stephen,” the ""Late Show” comedian joked about a monologue from last year.",Lee Moran,https://www.huffpost.com/entry/stephen-colbert-covid-comments_n_622c5024e4b02961583bab96,"Stephen Colbert Sends A Mocking Message To His Past Self. “Way to go, past Stephen,” the ""Late Show” comedian joked about a monologue from last year."
news-2022-1033,3/12/22,2022,Wisconsin Republicans Want Supreme Court To Block Map That Adds A Black-Majority District,"One voting rights expert called the state redistricting challenge from GOP legislators ""an aggressive move … weaved in with a bunch of cynicism.""",Paul Blumenthal,https://www.huffpost.com/entry/wisconsin-gop-redistricting-supreme-court_n_622bbfd6e4b0fe0944d5eee1,"Wisconsin Republicans Want Supreme Court To Block Map That Adds A Black-Majority District. One voting rights expert called the state redistricting challenge from GOP legislators ""an aggressive move … weaved in with a bunch of cynicism."""
news-2022-1034,3/11/22,2022,Alec Baldwin Denies Responsibility For Fatal 'Rust' Shooting In New Court Filing,Baldwin fatally shot cinematographer Halyna Hutchins when the prop gun he was using turned out to have live rounds in it.,Sebastian Murdock,https://www.huffpost.com/entry/alec-baldwin-rust-shooting-filing_n_622b78bbe4b0e01d97aaa592,Alec Baldwin Denies Responsibility For Fatal 'Rust' Shooting In New Court Filing. Baldwin fatally shot cinematographer Halyna Hutchins when the prop gun he was using turned out to have live rounds in it.
news-2022-1035,3/11/22,2022,Deportation Agents Are Using An App To Monitor Immigrants,Advocates say use of the app is unfair considering many of the immigrants it tracks have already paid bond to get out of U.S. detention facilities.,"Amy Taxin and Amancai Biraben, AP",https://www.huffpost.com/entry/immigration-detention-app-deportation_n_622b676de4b0fe0944d52c78,Deportation Agents Are Using An App To Monitor Immigrants. Advocates say use of the app is unfair considering many of the immigrants it tracks have already paid bond to get out of U.S. detention facilities.
news-2022-1036,3/11/22,2022,"Meta Grants Exemption To Hate Speech Rules, Allowing Calls For Violence Against Putin",The rules change applies to Facebook and Instagram users in 12 countries following Russia's invasion of Ukraine.,Marita Vlachou,https://www.huffpost.com/entry/meta-facebook-hate-speech-russia-putin_n_622b2436e4b0317d0a2f1f11,"Meta Grants Exemption To Hate Speech Rules, Allowing Calls For Violence Against Putin. The rules change applies to Facebook and Instagram users in 12 countries following Russia's invasion of Ukraine."
news-2022-1037,3/11/22,2022,"Russian Forces Target Airports In Western Ukraine, Far From Main Offensive",The latest bombings possibly indicate a new direction in the war.,"Evgeniy Maloletka, AP",https://www.huffpost.com/entry/russia-ukraine-war_n_622af842e4b06349371bbe75,"Russian Forces Target Airports In Western Ukraine, Far From Main Offensive. The latest bombings possibly indicate a new direction in the war."
news-2022-1038,3/11/22,2022,"Senate Gives Final Approval To Ukraine Aid, Huge Budget Bill",The Senate has given final congressional approval to a $13.6 billion emergency package of military and humanitarian aid for besieged Ukraine and its European allies.,"Alan Fram, AP",https://www.huffpost.com/entry/senate-passes-huge-spending-bill_n_622b1033e4b0d1329e8325b1,"Senate Gives Final Approval To Ukraine Aid, Huge Budget Bill. The Senate has given final congressional approval to a $13.6 billion emergency package of military and humanitarian aid for besieged Ukraine and its European allies."
news-2022-1039,3/11/22,2022,VP Harris Heads To Romania As Ukraine Refugee Crisis Grows,Vice President Kamala Harris and Romania’s president will meet Friday to discuss growing concerns about the influx of displaced people fleeing Ukraine due to Russia's invasion.,"Aamer Madhani, AP",https://www.huffpost.com/entry/harris-romania-trip-ukraine-refugee-crisis_n_622b158ee4b0fe0944d3f9a9,VP Harris Heads To Romania As Ukraine Refugee Crisis Grows. Vice President Kamala Harris and Romania’s president will meet Friday to discuss growing concerns about the influx of displaced people fleeing Ukraine due to Russia's invasion.
news-2022-1040,3/10/22,2022,"California Can Set Tough Vehicle Emissions Rules Again, Biden Administration Says",The move reverses a Trump era effort to eviscerate the nation's environmental laws.,Nick Visser,https://www.huffpost.com/entry/biden-california-car-emissions_n_62297834e4b063493718f6fd,"California Can Set Tough Vehicle Emissions Rules Again, Biden Administration Says. The move reverses a Trump era effort to eviscerate the nation's environmental laws."
news-2022-1041,3/10/22,2022,China Fights New COVID-19 Spike With More Selective Approach,China is tackling a COVID-19 spike with selective lockdowns and other measures that appear to slightly ease its draconian “zero tolerance” strategy.,,https://www.huffpost.com/entry/covid-19-outbreak-china-hong-kong_n_6229b7bae4b06349371945fc,China Fights New COVID-19 Spike With More Selective Approach. China is tackling a COVID-19 spike with selective lockdowns and other measures that appear to slightly ease its draconian “zero tolerance” strategy.
news-2022-1042,3/10/22,2022,"House Approves Ban On Russian Oil To U.S., Bolstering Biden",The House overwhelmingly approved legislation Wednesday that would ban Russian energy imports to the United States.,"Lisa Mascaro, AP",https://www.huffpost.com/entry/house-approves-ban-on-russian-oil_n_6229bb41e4b0d1329e8087ba,"House Approves Ban On Russian Oil To U.S., Bolstering Biden. The House overwhelmingly approved legislation Wednesday that would ban Russian energy imports to the United States."
news-2022-1043,3/10/22,2022,S. Korea's President-elect Wants Tougher Stance On N. Korea,"South Korea’s president-elect Yoon Suk Yeol says he would solidify an alliance with the United States, build up a powerful military and sternly cope with North Korean provocations.","Hyung-Jin Kim and Kim Tong-Hyung, AP",https://www.huffpost.com/entry/south-korea-presidential-election-result_n_6229b333e4b0fe0944d13dac,"S. Korea's President-elect Wants Tougher Stance On N. Korea. South Korea’s president-elect Yoon Suk Yeol says he would solidify an alliance with the United States, build up a powerful military and sternly cope with North Korean provocations."
news-2022-1044,3/10/22,2022,U.S. Inflation Sets A Fresh 40-Year High Over Past Year,"Propelled by surging costs for gas, food and housing, consumer inflation jumped 7.9% over the past year, the sharpest spike since 1982 and likely only a harbinger of even higher prices to come.","CHRISTOPHER RUGABER, AP",https://www.huffpost.com/entry/bc-us-consumer-prices_n_6229ff51e4b0d1329e814d96,"U.S. Inflation Sets A Fresh 40-Year High Over Past Year. Propelled by surging costs for gas, food and housing, consumer inflation jumped 7.9% over the past year, the sharpest spike since 1982 and likely only a harbinger of even higher prices to come."
news-2022-1045,3/9/22,2022,"2 Weeks Into War On Ukraine, Russia Bears Down On Key Cities","But the invading force of more than 150,000 troops retains large and possibly decisive advantages in firepower.","Robert Burns and Lolita C. Baldor, AP",https://www.huffpost.com/entry/russia-ukraine-war-at-2-weeks_n_62286024e4b004a43c11c5c6,"2 Weeks Into War On Ukraine, Russia Bears Down On Key Cities. But the invading force of more than 150,000 troops retains large and possibly decisive advantages in firepower."
news-2022-1046,3/9/22,2022,3 More Starbucks Stores Vote To Unionize In Another Victory For Labor Campaign,That makes six union Starbucks stores with more than a hundred others seeking elections.,Dave Jamieson,https://www.huffpost.com/entry/more-starbucks-stores-vote-to-unionize-victory-labor-campaign_n_622925e8e4b0fe0944d0a44d,3 More Starbucks Stores Vote To Unionize In Another Victory For Labor Campaign. That makes six union Starbucks stores with more than a hundred others seeking elections.
news-2022-1047,3/9/22,2022,"COVID-19 Cases, Deaths Continue To Drop Globally, WHO Says","The World Health Organization said new infections declined by 5 percent in the last week, continuing the downward trend in COVID-19 infections globally.",,https://www.huffpost.com/entry/who-covid-19-pandemic-report_n_6228912fe4b07e948aed68f9,"COVID-19 Cases, Deaths Continue To Drop Globally, WHO Says. The World Health Organization said new infections declined by 5 percent in the last week, continuing the downward trend in COVID-19 infections globally."
news-2022-1048,3/9/22,2022,"Congress Passes Bill To Shore Up Postal Service, Delivery",The long-fought postal overhaul has been years in the making and comes amid widespread complaints about mail service slowdowns.,"LISA MASCARO, AP",https://www.huffpost.com/entry/bc-us-congress-postal-service_n_6227f58de4b004a43c112ff2,"Congress Passes Bill To Shore Up Postal Service, Delivery. The long-fought postal overhaul has been years in the making and comes amid widespread complaints about mail service slowdowns."
news-2022-1049,3/9/22,2022,"Texas Flagged 27,000 Mail Ballots For Rejection In Primary","An analysis by Associated Press found the flagged ballots, putting the rate of rejected mail ballots in Texas on track to significantly surpass previous elections.","PAUL J. WEBER and ACACIA CORONADO, AP",https://www.huffpost.com/entry/texas-mail-ballots-rejection_n_6229364ce4b0fe0944d0b87e,"Texas Flagged 27,000 Mail Ballots For Rejection In Primary. An analysis by Associated Press found the flagged ballots, putting the rate of rejected mail ballots in Texas on track to significantly surpass previous elections."
news-2022-1050,3/9/22,2022,Top Lawmakers Reach Deal On Ukraine Aid As Part Of $1.5 Trillion Spending,Congressional leaders reached a bipartisan deal to provide $13.6 billion to help Ukraine fend off its invasion by Russia and assist European allies coping with refugees.,"Alan Fram, AP",https://www.huffpost.com/entry/bc-us-russia-ukraine-war-congress-spending_n_622863d3e4b004e4e387e3db,Top Lawmakers Reach Deal On Ukraine Aid As Part Of $1.5 Trillion Spending. Congressional leaders reached a bipartisan deal to provide $13.6 billion to help Ukraine fend off its invasion by Russia and assist European allies coping with refugees.
news-2022-1051,3/8/22,2022,"After A Year Away, Oscar Nominees Celebrate Together","Attendees, including Will Smith and Bradley Cooper, gathered for the annual Oscar Nominees Luncheon after a year away due to the pandemic.","Lindsey Bahr, AP",https://www.huffpost.com/entry/after-a-year-away-oscar-nominees-celebrate-together_n_62276ac6e4b004a43c10213e,"After A Year Away, Oscar Nominees Celebrate Together. Attendees, including Will Smith and Bradley Cooper, gathered for the annual Oscar Nominees Luncheon after a year away due to the pandemic."
news-2022-1052,3/8/22,2022,Biden Reportedly Set To Ban Russian Oil Imports Over Ukraine War,The move follows pleas by Ukrainian President Volodmyr Zelenskyy to U.S. and Western officials to cut off the imports.,"Zeke Miller, Mike Balsamo and Josh Boak, AP",https://www.huffpost.com/entry/biden-ban-russia-oil-imports-ukraine_n_62275cf1e4b07e948aeac269,Biden Reportedly Set To Ban Russian Oil Imports Over Ukraine War. The move follows pleas by Ukrainian President Volodmyr Zelenskyy to U.S. and Western officials to cut off the imports.
news-2022-1053,3/8/22,2022,Minneapolis Teachers Strike After Failing To Reach Contract,Teachers in the neighboring St. Paul School District announced a tentative agreement late Monday night to avert a strike that had also been scheduled to start Tuesday.,"Steve Karnowski, AP",https://www.huffpost.com/entry/minneapolis-teachers-strike_n_622763bbe4b0dd8abd5928fb,Minneapolis Teachers Strike After Failing To Reach Contract. Teachers in the neighboring St. Paul School District announced a tentative agreement late Monday night to avert a strike that had also been scheduled to start Tuesday.
news-2022-1054,3/8/22,2022,"Shell Says It Will Stop Buying Russian Oil, Natural Gas",The decision comes as surging oil prices have been rattling global markets and after Ukraine’s foreign minister criticized Shell for continuing to buy Russian oil.,"DANICA KIRKA, AP",https://www.huffpost.com/entry/ap-eu-russia-ukraine-war-energy_n_62273f7ee4b0dd8abd58b836,"Shell Says It Will Stop Buying Russian Oil, Natural Gas. The decision comes as surging oil prices have been rattling global markets and after Ukraine’s foreign minister criticized Shell for continuing to buy Russian oil."
news-2022-1055,3/8/22,2022,Top Law Enforcement Officials Back Judge Ketanji Brown Jackson's Supreme Court Nomination,Jackson has also been praised by defense attorney groups.,"Colleen Long, AP",https://www.huffpost.com/entry/ketanji-brown-jackson-supreme-court_n_62273de3e4b0a7d5b8bb2781,Top Law Enforcement Officials Back Judge Ketanji Brown Jackson's Supreme Court Nomination. Jackson has also been praised by defense attorney groups.
news-2022-1056,3/8/22,2022,Ukraine Refugee Count Reaches A Staggering 2 Million In Escape From Russian Invasion,It is the fastest exodus in Europe since World War II.,,https://www.huffpost.com/entry/ukraine-refugees-2-million_n_62272e50e4b0a7d5b8baee9b,Ukraine Refugee Count Reaches A Staggering 2 Million In Escape From Russian Invasion. It is the fastest exodus in Europe since World War II.
news-2022-1057,3/7/22,2022,4 Of 7 Killed In Iowa Tornadoes From Same Family: Sheriff,"Two children, their father and their grandmother all died Saturday when a tornado hit the grandparents’ home near rural Winterset that didn’t have a basement.","Josh Funk, AP",https://www.huffpost.com/entry/iowa-tornado-four-family-members_n_6226669be4b012a2628f1bb2,"4 Of 7 Killed In Iowa Tornadoes From Same Family: Sheriff. Two children, their father and their grandmother all died Saturday when a tornado hit the grandparents’ home near rural Winterset that didn’t have a basement."
news-2022-1058,3/7/22,2022,Atlanta Falcons Player Suspended For 2022 Season After Betting On NFL Games,"The NFL said Calvin Ridley's betting took place during five days in November 2021, when the wide receiver was away addressing mental health concerns.","Charles Odum, AP",https://www.huffpost.com/entry/atlanta-falcons-calvin-ridley-suspended-nfl_n_62267d4de4b047f85a3ed9dc,"Atlanta Falcons Player Suspended For 2022 Season After Betting On NFL Games. The NFL said Calvin Ridley's betting took place during five days in November 2021, when the wide receiver was away addressing mental health concerns."
news-2022-1059,3/7/22,2022,"Former NY Gov. Andrew Cuomo Rips 'Cancel Culture,' Hints At Political Comeback",Cuomo resigned after an independent probe found he sexually harassed nearly a dozen women and that he and aides worked to retaliate against an accuser.,"DAVID PORTER, AP",https://www.huffpost.com/entry/andrew-cuomo-sexual-harassment_n_62254cfde4b012a2628c74ef,"Former NY Gov. Andrew Cuomo Rips 'Cancel Culture,' Hints At Political Comeback. Cuomo resigned after an independent probe found he sexually harassed nearly a dozen women and that he and aides worked to retaliate against an accuser."
news-2022-1060,3/7/22,2022,"NYC Sheds Vaccination Mandate, School Masks Precautions","""We did our job as New Yorkers and now we’re winning,"" the mayor said on TV station NY1.",,https://www.huffpost.com/entry/nyc-sheds-vaccination-mandate-school-masks-precautions_n_62264083e4b0bd1df76fd729,"NYC Sheds Vaccination Mandate, School Masks Precautions. ""We did our job as New Yorkers and now we’re winning,"" the mayor said on TV station NY1."
news-2022-1061,3/7/22,2022,Netflix Suspends Service In Russia Over Ukraine Invasion,The move comes just after the company said it would immediately “pause” its Russian television and film productions.,Nick Visser,https://www.huffpost.com/entry/netflix-service-russia-ukraine_n_622548c3e4b012a2628c710a,Netflix Suspends Service In Russia Over Ukraine Invasion. The move comes just after the company said it would immediately “pause” its Russian television and film productions.
news-2022-1062,3/7/22,2022,"‘Lost Daughter,’ 'Drive My Car' Win Top Prizes At Independent Spirit Awards",The show’s hosts and honorary chair also spoke about the war in Ukraine.,"Lindsey Bahr, AP",https://www.huffpost.com/entry/independent-spirit-awards_n_6225c0b6e4b04a0545d8f8ca,"‘Lost Daughter,’ 'Drive My Car' Win Top Prizes At Independent Spirit Awards. The show’s hosts and honorary chair also spoke about the war in Ukraine."
news-2022-1063,3/6/22,2022,'Dune' Star Oscar Isaac Connects With His Inner Avenger In Boyhood Home Movie On 'SNL',"""This was ‘The Avenger,’ which is a movie that I wrote, directed and starred in when I was 10 years old,” the ""Moon Knight"" star explained in his monologue.",Mary Papenfuss,https://www.huffpost.com/entry/oscar-isaac-moon-knight-avenger-home-movie-snl_n_62244368e4b0bd1df76cc48d,"'Dune' Star Oscar Isaac Connects With His Inner Avenger In Boyhood Home Movie On 'SNL'. ""This was ‘The Avenger,’ which is a movie that I wrote, directed and starred in when I was 10 years old,” the ""Moon Knight"" star explained in his monologue."
news-2022-1064,3/6/22,2022,Blinken Vows U.S. Support To Moldova As War Rages In Neighboring Ukraine,The small Western-leaning former Soviet republic is coping with an influx of refugees from Ukraine and warily watching Russia’s intensifying aggression,"Matthew Lee, AP",https://www.huffpost.com/entry/moldova-us-support-ukraine-russia_n_62253429e4b03bc49a9cc874,Blinken Vows U.S. Support To Moldova As War Rages In Neighboring Ukraine. The small Western-leaning former Soviet republic is coping with an influx of refugees from Ukraine and warily watching Russia’s intensifying aggression
news-2022-1065,3/6/22,2022,Official: 6 Dead As Large Tornado Roars Through Central Iowa,A county official also said 25 to 30 homes were badly damaged by the tornado.,,https://www.huffpost.com/entry/midwest-severe-weather-iowa_n_62243ac9e4b042f866eee7ef,Official: 6 Dead As Large Tornado Roars Through Central Iowa. A county official also said 25 to 30 homes were badly damaged by the tornado.
news-2022-1066,3/6/22,2022,TikTok Bans New Videos Made In Russia Over Putin's Anti-'Fake News' Law,The app responded to Russian President Vladimir Putin enacting a law that bans anything he deems to be misinformation about the country's invasion of Ukraine.,Andre Ellington,https://www.huffpost.com/entry/tik-tok-ban-russia-ukraine_n_62251432e4b042f866ef83c5,TikTok Bans New Videos Made In Russia Over Putin's Anti-'Fake News' Law. The app responded to Russian President Vladimir Putin enacting a law that bans anything he deems to be misinformation about the country's invasion of Ukraine.
news-2022-1067,3/6/22,2022,Twitter Reportedly Bans 100 'I Stand With Putin' Accounts For 'Inauthentic Behavior',A professor in Qatar was the first to spot the propaganda accounts praising Putin and Russia's invasion of Ukraine.,Mary Papenfuss,https://www.huffpost.com/entry/i-stand-with-putin-twitter-accounts-suspended_n_6223deaee4b042f866eed00b,Twitter Reportedly Bans 100 'I Stand With Putin' Accounts For 'Inauthentic Behavior'. A professor in Qatar was the first to spot the propaganda accounts praising Putin and Russia's invasion of Ukraine.
news-2022-1068,3/6/22,2022,‘The Batman’ Gives Movie Theaters A New Hope With Big Launch,"“The Batman,” starring Robert Pattinson, took in $128.5 million in its box office debut over the weekend.","Lindsey Bahr, AP",https://www.huffpost.com/entry/the-batman-gives-movie-theaters-a-new-hope-with-big-launch_n_6224f08be4b042f866ef757c,"‘The Batman’ Gives Movie Theaters A New Hope With Big Launch. “The Batman,” starring Robert Pattinson, took in $128.5 million in its box office debut over the weekend."
news-2022-1069,3/5/22,2022,"840 Children Wounded So Far In Russian Invasion, Says Ukraine","The head of Ukraine’s security council called on Russia to create humanitarian corridors to allow children, women and the elderly to escape the fighting.",,https://www.huffpost.com/entry/children-dead-ukraine-war_n_62230258e4b042f866ee1a54,"840 Children Wounded So Far In Russian Invasion, Says Ukraine. The head of Ukraine’s security council called on Russia to create humanitarian corridors to allow children, women and the elderly to escape the fighting."
news-2022-1070,3/5/22,2022,Kamala Harris To Travel To Poland And Romania Amid Russian Invasion Of Ukraine,The vice president is meeting with NATO allies to coordinate their support for Ukraine in the face of Russia’s “unprovoked and unjustified invasion.”,Sarah Ruiz-Grossman,https://www.huffpost.com/entry/vice-president-kamala-harris-travel-poland-romania-russia-war-ukraine_n_6222acc3e4b042f866edfabf,Kamala Harris To Travel To Poland And Romania Amid Russian Invasion Of Ukraine. The vice president is meeting with NATO allies to coordinate their support for Ukraine in the face of Russia’s “unprovoked and unjustified invasion.”
news-2022-1071,3/5/22,2022,Mariupol Diaries: Scenes Of Despair And Resolve In The Besieged Ukrainian City,"Associated Press journalists document what life has become in the southeastern Ukrainian city, which would be a key victory for the Russians.","Mstyslav Chernov and Evgeniy Maloletka, AP",https://www.huffpost.com/entry/mariupol-ukraine-despair-resolve_n_6223cc08e4b04a0545d76c6e,"Mariupol Diaries: Scenes Of Despair And Resolve In The Besieged Ukrainian City. Associated Press journalists document what life has become in the southeastern Ukrainian city, which would be a key victory for the Russians."
news-2022-1072,3/5/22,2022,Russia's Flagship Airline Aeroflot Halts All International Flights Except To Belarus,Russia's aviation agency recommended all Russian airlines with foreign-leased planes halt both passenger and cargo flights abroad.,,https://www.huffpost.com/entry/russia-aeroflot-international-flights_n_62235f1be4b04a0545d70617,Russia's Flagship Airline Aeroflot Halts All International Flights Except To Belarus. Russia's aviation agency recommended all Russian airlines with foreign-leased planes halt both passenger and cargo flights abroad.
news-2022-1073,3/5/22,2022,Utah Gov. Spencer Cox Says He Plans To Veto Trans Sports Ban Bill,"“I just want them to know that it’s gonna be okay. We’re gonna work through this,” Governor Spencer Cox said of trans student athletes.","Sam Metz and Lindsay Whitehurst, AP",https://www.huffpost.com/entry/utah-transgender-youth-sports_n_62238033e4b03bc49a9bb218,"Utah Gov. Spencer Cox Says He Plans To Veto Trans Sports Ban Bill. “I just want them to know that it’s gonna be okay. We’re gonna work through this,” Governor Spencer Cox said of trans student athletes."
news-2022-1074,3/5/22,2022,"Zelenskyy Asked For More Lethal Aid, No-Fly Zone In Call With U.S. Congress",Experts have warned that a no-fly zone would amount to a U.S. declaration of war against nuclear-armed Russia.,Sara Boboltz,https://www.huffpost.com/entry/zelenskyy-congress-call-no-fly-zone-aid_n_622393a3e4b042f866ee99da,"Zelenskyy Asked For More Lethal Aid, No-Fly Zone In Call With U.S. Congress. Experts have warned that a no-fly zone would amount to a U.S. declaration of war against nuclear-armed Russia."
news-2022-1075,3/4/22,2022,"As War Rages, Paralympics To Open In Beijing Without Russia",The Winter Paralympics are set to open in Beijing with the Russian athletes sent home and the Ukrainian team escaping a war zone to get to China.,,https://www.huffpost.com/entry/bc-oly-paralympics_n_622200c2e4b04a0545d5285e,"As War Rages, Paralympics To Open In Beijing Without Russia. The Winter Paralympics are set to open in Beijing with the Russian athletes sent home and the Ukrainian team escaping a war zone to get to China."
news-2022-1076,3/4/22,2022,"NJ Fines DraftKings $150,000 For Allowing Proxy Betting","New Jersey gambling regulators have fined DraftKings $150,000 for allowing a Florida man to make online sports bets from his home.","WAYNE PARRY, AP",https://www.huffpost.com/entry/new-jersey-draftkings-betting_n_62215deae4b042f866eb4cad,"NJ Fines DraftKings $150,000 For Allowing Proxy Betting. New Jersey gambling regulators have fined DraftKings $150,000 for allowing a Florida man to make online sports bets from his home."
news-2022-1077,3/4/22,2022,"SUV Smashes Into California Preschool, Injuring 19 Children And 1 Employee","None of the injuries were life-threatening, police said.",,https://www.huffpost.com/entry/car-into-preschool_n_6221bec1e4b0bd1df769a08e,"SUV Smashes Into California Preschool, Injuring 19 Children And 1 Employee. None of the injuries were life-threatening, police said."
news-2022-1078,3/4/22,2022,"U.S. Added 678,000 Jobs In February As Omicron Eases",Unemployment fell to 3.8% as the economy continues its pandemic recovery.,"Christopher Rugaber, AP",https://www.huffpost.com/entry/february-2022-jobs-report_n_6222140ae4b012a262898f05,"U.S. Added 678,000 Jobs In February As Omicron Eases. Unemployment fell to 3.8% as the economy continues its pandemic recovery."
news-2022-1079,3/4/22,2022,Ukrainians In U.S. To Be Protected From Deportation To War-Torn Homeland,Immigrant rights groups applauded the temporary designation while calling out a racist double standard on which immigrants the U.S. swiftly gives such status to.,Sarah Ruiz-Grossman,https://www.huffpost.com/entry/ukraine-tps-protection-us-war-russia_n_62215ec1e4b0bd1df7692c30,Ukrainians In U.S. To Be Protected From Deportation To War-Torn Homeland. Immigrant rights groups applauded the temporary designation while calling out a racist double standard on which immigrants the U.S. swiftly gives such status to.
news-2022-1080,3/3/22,2022,"Manchin Fans Faint Hopes For Stalled Social, Climate Bill",Pivotal Sen. Joe Manchin has floated the broad outlines of a reconfigured social and environment package that aims half its resources at reducing federal deficits.,"ALAN FRAM, AP",https://www.huffpost.com/entry/us-congress-spending-joe-manchin_n_622003f8e4b030a2f53805fb,"Manchin Fans Faint Hopes For Stalled Social, Climate Bill. Pivotal Sen. Joe Manchin has floated the broad outlines of a reconfigured social and environment package that aims half its resources at reducing federal deficits."
news-2022-1081,3/3/22,2022,New York Times Tech Workers Vote To Unionize,Strong opposition from the company did not stop an election win for the NewsGuild-CWA.,Dave Jamieson,https://www.huffpost.com/entry/new-york-times-tech-workers-form-union_n_6220d875e4b0afed0d639ce7,New York Times Tech Workers Vote To Unionize. Strong opposition from the company did not stop an election win for the NewsGuild-CWA.
news-2022-1082,3/3/22,2022,"Purdue Pharma, US States Agree To New Opioid Settlement","States agreed to sign on after the Sacklers kicked in more cash and accepted other terms, including apologizing.","Geoff Mulvihill and John Seewer, AP",https://www.huffpost.com/entry/purdue-pharma-us-states-agree-to-new-opioid-settlement_n_6220f384e4b0b78cdda51699,"Purdue Pharma, US States Agree To New Opioid Settlement. States agreed to sign on after the Sacklers kicked in more cash and accepted other terms, including apologizing."
news-2022-1083,3/3/22,2022,Sen. Ben Ray Luján Returns To Congress After Suffering Stroke,The New Mexico Democrat received a standing ovation at a Senate hearing one month after he suffered a stroke.,Igor Bobic,https://www.huffpost.com/entry/ben-ray-lujan-stroke-returns_n_6220dafbe4b0d31830fd0a0f,Sen. Ben Ray Luján Returns To Congress After Suffering Stroke. The New Mexico Democrat received a standing ovation at a Senate hearing one month after he suffered a stroke.
news-2022-1084,3/3/22,2022,States Launch Probe Into TikTok's Effect On Kids' Health,State attorneys general have launched a nationwide investigation into TikTok and its possible harmful effects on young users’ mental health.,"MARCY GORDON, AP",https://www.huffpost.com/entry/states-launch-probe-tiktok_n_62202746e4b039d8f9519e4c,States Launch Probe Into TikTok's Effect On Kids' Health. State attorneys general have launched a nationwide investigation into TikTok and its possible harmful effects on young users’ mental health.
news-2022-1085,3/3/22,2022,Supreme Court Sides With Government In Gitmo State Secrets Case,The Supreme Court has ruled for the U.S. government in a case involving a Guantanamo Bay detainee seeking what the government said is secret information.,"JESSICA GRESKO, AP",https://www.huffpost.com/entry/us-supreme-court-guantanamo-state-secrets_n_6220e233e4b0c3935752c939,Supreme Court Sides With Government In Gitmo State Secrets Case. The Supreme Court has ruled for the U.S. government in a case involving a Guantanamo Bay detainee seeking what the government said is secret information.
news-2022-1086,3/2/22,2022,Heated Texas Congressional Primary Still Too Close To Call,Progressive Democrat Jessica Cisneros had a narrow lead over Rep. Henry Cuellar as election day came to a close.,Daniel Marans,https://www.huffpost.com/entry/democrats-cuellar-cisneros-texas-congressional-primary-too-close-to-call_n_621f0dc6e4b025227d64baef,Heated Texas Congressional Primary Still Too Close To Call. Progressive Democrat Jessica Cisneros had a narrow lead over Rep. Henry Cuellar as election day came to a close.
news-2022-1087,3/2/22,2022,"Helmet Worn By Amelia Earhart Sells For $825,000 At Auction",Earhart was just a passenger in June 1928 when she became the first woman on board a plane crossing the Atlantic.,"KAREN MATTHEWS, AP",https://www.huffpost.com/entry/amelia-earhart-helmet-auction_n_621fc9d7e4b0a7784bb2d3f8,"Helmet Worn By Amelia Earhart Sells For $825,000 At Auction. Earhart was just a passenger in June 1928 when she became the first woman on board a plane crossing the Atlantic."
news-2022-1088,3/2/22,2022,Joe Biden: Abortion Rights ‘Under Attack As Never Before’,"Despite the president's strong words on reproductive rights, he still has yet to say the word ""abortion"" in any public statement or remarks.",Alanna Vagianos,https://www.huffpost.com/entry/joe-biden-abortion-state-of-the-union_n_621e8c64e4b0250871a6d4ad,"Joe Biden: Abortion Rights ‘Under Attack As Never Before’. Despite the president's strong words on reproductive rights, he still has yet to say the word ""abortion"" in any public statement or remarks."
news-2022-1089,3/2/22,2022,Nations Line Up To Support UN Resolution Demanding Russia Stop War,U.N. General Assembly resolutions are not legally binding but they do have clout in reflecting international opinion.,"Edith M. Lederer, AP",https://www.huffpost.com/entry/bc-un-russia-ukraine-war-united-nations_n_621f4caae4b0a7784bb1a3ba,Nations Line Up To Support UN Resolution Demanding Russia Stop War. U.N. General Assembly resolutions are not legally binding but they do have clout in reflecting international opinion.
news-2022-1090,3/2/22,2022,"Russians Face More Sports Sanctions, But Not At Paralympics",Russian athletes have been restricted from competing in more sporting events around the world but the Paralympics made an exception.,"JAMES ELLINGWORTH, AP",https://www.huffpost.com/entry/bc-russia-ukraine-war-sports_n_621f897ce4b0ce76f63415a0,"Russians Face More Sports Sanctions, But Not At Paralympics. Russian athletes have been restricted from competing in more sporting events around the world but the Paralympics made an exception."
news-2022-1091,3/2/22,2022,"Stocks Fall, Oil Tops $100 A Barrel As Ukraine War Rages",Stocks fell as soaring oil prices raised more concerns about how Russia’s escalating war on Ukraine may impact the global economy.,"DAMIAN J. TROISE and ALEX VEIGA, AP",https://www.huffpost.com/entry/stocks-fall-ukraine-war_n_621eb3cae4b025227d6424b4,"Stocks Fall, Oil Tops $100 A Barrel As Ukraine War Rages. Stocks fell as soaring oil prices raised more concerns about how Russia’s escalating war on Ukraine may impact the global economy."
news-2022-1092,3/1/22,2022,Biden To Give First State Of The Union Address At Fraught Moment,"President Joe Biden aims to navigate the country out a pandemic, reboot his stalled domestic agenda and confront Russia’s aggression.","ZEKE MILLER and COLLEEN LONG, AP",https://www.huffpost.com/entry/bc-us-state-of-the-union_n_621de629e4b0d1388f19f7a5,"Biden To Give First State Of The Union Address At Fraught Moment. President Joe Biden aims to navigate the country out a pandemic, reboot his stalled domestic agenda and confront Russia’s aggression."
news-2022-1093,3/1/22,2022,CDC Estimates More Than 140 Million Americans Have Had COVID So Far,Nearly 60% of children in the U.S. have likely had the disease.,Ryan Grenoble,https://www.huffpost.com/entry/covid-cases-in-us_n_621e3a4ae4b0ef74d7361e5d,CDC Estimates More Than 140 Million Americans Have Had COVID So Far. Nearly 60% of children in the U.S. have likely had the disease.
news-2022-1094,3/1/22,2022,MLB Cancels Opening Day As Labor Dispute Continues,Major League Baseball Commissioner Rob Manfred made the announcement after lockout talks collapsed ahead of management's deadline.,"Ronald Blum, AP",https://www.huffpost.com/entry/mlb-lockout-opening-day-canceled_n_621e9a00e4b0ce76f632495d,MLB Cancels Opening Day As Labor Dispute Continues. Major League Baseball Commissioner Rob Manfred made the announcement after lockout talks collapsed ahead of management's deadline.
news-2022-1095,3/1/22,2022,MLB Pushes Labor-Deal Deadline To Tuesday For March 31 Start,Major League Baseball extended its deadline for rescuing opening day and a 162-game season until Tuesday at 5 p.m.,"Ronald Blum, AP",https://www.huffpost.com/entry/bc-bbo-lockout_n_621ddf6fe4b06e1cc5946ebc,MLB Pushes Labor-Deal Deadline To Tuesday For March 31 Start. Major League Baseball extended its deadline for rescuing opening day and a 162-game season until Tuesday at 5 p.m.
news-2022-1096,3/1/22,2022,Ukrainian Ambassador Oksana Markarova To Attend Tonight's State Of The Union Speech,The ambassador will be a guest of first lady Jill Biden along with Facebook whistleblower Frances Haugen.,Ryan Grenoble,https://www.huffpost.com/entry/state-of-the-union-guests_n_621e7227e4b018aad3bf8f8e,Ukrainian Ambassador Oksana Markarova To Attend Tonight's State Of The Union Speech. The ambassador will be a guest of first lady Jill Biden along with Facebook whistleblower Frances Haugen.
news-2022-1097,2/28/22,2022,BP Plans To Exit Stake In Russian Oil Giant Over Ukraine Invasion,"If BP walks away from the holdings completely it could write down up to $25 billion, it said.",Nick Visser,https://www.huffpost.com/entry/bp-russia-invasion-ukraine_n_621c529ee4b0f800ce2391ee,"BP Plans To Exit Stake In Russian Oil Giant Over Ukraine Invasion. If BP walks away from the holdings completely it could write down up to $25 billion, it said."
news-2022-1098,2/28/22,2022,Capitol Police Fence Off Capitol Ahead of Biden's First State Of The Union,Capitol Police are stepping up security for Tuesday's address and the approach of protesting truckers.,Marita Vlachou,https://www.huffpost.com/entry/capitol-police-fence-sotu_n_621ca362e4b03d0c803bb74b,Capitol Police Fence Off Capitol Ahead of Biden's First State Of The Union. Capitol Police are stepping up security for Tuesday's address and the approach of protesting truckers.
news-2022-1099,2/28/22,2022,Many Capitol Riot Cases Could Hinge On 1st Trial's Outcome,"The trial of a Texas man charged in the Jan. 6, 2021 attack could be a bellwether for the hundreds of other related cases.",,https://www.huffpost.com/entry/capitol-insurrection-trial-jury-selection-guy-reffitt_n_621cc8a1e4b06e1cc592c263,"Many Capitol Riot Cases Could Hinge On 1st Trial's Outcome. The trial of a Texas man charged in the Jan. 6, 2021 attack could be a bellwether for the hundreds of other related cases."
news-2022-1100,2/28/22,2022,"More Than 500,000 Have Fled Ukraine Since Russia Invaded, UN Reports","The latest count had 281,000 people entering Poland, more than 84,500 in Hungary, about 36,400 in Moldova, over 32,500 in Romania and about 30,000 in Slovakia.","Jamey Keaten, AP",https://www.huffpost.com/entry/ukraine-refugees-russia-invasion_n_621cb86fe4b06e1cc59292d0,"More Than 500,000 Have Fled Ukraine Since Russia Invaded, UN Reports. The latest count had 281,000 people entering Poland, more than 84,500 in Hungary, about 36,400 in Moldova, over 32,500 in Romania and about 30,000 in Slovakia."
news-2022-1101,2/28/22,2022,Troy Kotsur Makes History As First Deaf Actor To Win A SAG Award,"The ""CODA"" star's win now makes him the unofficial front-runner for an Academy Award next month.",Curtis M. Wong,https://www.huffpost.com/entry/troy-kotsur-sag-award-win-deaf-actor_n_621c21c9e4b03d0c803aae8c,"Troy Kotsur Makes History As First Deaf Actor To Win A SAG Award. The ""CODA"" star's win now makes him the unofficial front-runner for an Academy Award next month."
news-2022-1102,2/28/22,2022,"UN General Assembly, Security Council To Hold Meetings About Russia's Invasion Of Ukraine",The Security Council gave a green light Sunday for the first emergency session of the General Assembly in decades.,"Edith M. Lederer, AP",https://www.huffpost.com/entry/united-nations-russia-ukraine_n_621c71a4e4b0afc668c2b418,"UN General Assembly, Security Council To Hold Meetings About Russia's Invasion Of Ukraine. The Security Council gave a green light Sunday for the first emergency session of the General Assembly in decades."
news-2022-1103,2/27/22,2022,"European Union Shuts Airspace To Russian Airlines, Will Buy Ukraine Arms","The European Union is closing its airspace to Russian airlines, and spending hundreds of millions of dollars to supply weapons to Ukraine.","EMILY SCHULTHEIS and LORNE COOK, AP",https://www.huffpost.com/entry/european-union-ukraine-invasion-global-reaction_n_621bf254e4b0f800ce231737,"European Union Shuts Airspace To Russian Airlines, Will Buy Ukraine Arms. The European Union is closing its airspace to Russian airlines, and spending hundreds of millions of dollars to supply weapons to Ukraine."
news-2022-1104,2/27/22,2022,New York To Lift Statewide School Mask Mandate In Days,"Gov. Kathy Hochul announced that the requirement will be rescinded on March 2 for kids 2 years and older, citing reduced COVID-19 cases and CDC guidance.",,https://www.huffpost.com/entry/new-york-lift-school-mask-mandate_n_621bdb34e4b06e1cc5910cd9,"New York To Lift Statewide School Mask Mandate In Days. Gov. Kathy Hochul announced that the requirement will be rescinded on March 2 for kids 2 years and older, citing reduced COVID-19 cases and CDC guidance."
news-2022-1105,2/27/22,2022,Nikole Hannah-Jones At 2022 NAACP Image Awards: 'Our History Is Being Attacked',"""A healthy society does not ban ideas,” the Pulitzer Prize-winning journalist said as she accepted the Social Justice Impact Award at the ceremony.",Kimberley Richards,https://www.huffpost.com/entry/nikole-hannah-jones-naacp-image-awards-2022-social-justice-impact_n_621a78ebe4b06e1cc5903e05,"Nikole Hannah-Jones At 2022 NAACP Image Awards: 'Our History Is Being Attacked'. ""A healthy society does not ban ideas,” the Pulitzer Prize-winning journalist said as she accepted the Social Justice Impact Award at the ceremony."
news-2022-1106,2/27/22,2022,North Korea Fires Suspected Missile Into Sea,South Korea’s military says North Korea has fired a suspected missile into the sea off of its eastern coast.,,https://www.huffpost.com/entry/north-korea-missile-launch_n_621ac78be4b0ef74d7311d38,North Korea Fires Suspected Missile Into Sea. South Korea’s military says North Korea has fired a suspected missile into the sea off of its eastern coast.
news-2022-1107,2/27/22,2022,"Russia Hits Ukraine Fuel Suplies, Airfields In New Attacks","Russian forces blew up a gas pipeline in Kharkiv and an oil depot near the Zhuliany airport, according to the office of Ukrainian President Zelenskyy.","Yuras Karmanau, Jim Heintz, Vladimir Isachenkov and Zeke Miller, AP",https://www.huffpost.com/entry/russia-ukraine-invasion-civilians_n_621a2ac9e4b06e1cc58ff766,"Russia Hits Ukraine Fuel Suplies, Airfields In New Attacks. Russian forces blew up a gas pipeline in Kharkiv and an oil depot near the Zhuliany airport, according to the office of Ukrainian President Zelenskyy."
news-2022-1108,2/27/22,2022,Screen Actors Guild Awards To Offer Oscars Preview,"The 28th Screen Actors Guild Awards will kick off with a “Hamilton” reunion, feature a lifetime achievement award for Helen Mirren and, maybe, supply a preview of the upcoming Academy Awards.","JAKE COYLE, AP",https://www.huffpost.com/entry/us-film-sag-awards_n_621bcaa3e4b0afc668c20b95,"Screen Actors Guild Awards To Offer Oscars Preview. The 28th Screen Actors Guild Awards will kick off with a “Hamilton” reunion, feature a lifetime achievement award for Helen Mirren and, maybe, supply a preview of the upcoming Academy Awards."
news-2022-1109,2/26/22,2022,'Stand Your Ground' Laws Have Skyrocketed Since Trayvon Martin's Killing,"Ten years after the 17-year-old was fatally shot by George Zimmerman, over 30 states now have some form of the law.","Curt Anderson and Lindsay Whitehurst, AP",https://www.huffpost.com/entry/trayvon-martin-stand-your-ground_n_621a3db1e4b0f800ce22038f,"'Stand Your Ground' Laws Have Skyrocketed Since Trayvon Martin's Killing. Ten years after the 17-year-old was fatally shot by George Zimmerman, over 30 states now have some form of the law."
news-2022-1110,2/26/22,2022,"Aid Groups, Friendly Countries Scramble To Help Ukrainians Under Assault By Russia","More than 150,000 Ukrainian refugees have now left their homeland, the United Nations said, and thousands have been displaced across the country.",Akbar Shahid Ahmed,https://www.huffpost.com/entry/ukraine-aid-refugees_n_621a875ce4b0d1388f15c877,"Aid Groups, Friendly Countries Scramble To Help Ukrainians Under Assault By Russia. More than 150,000 Ukrainian refugees have now left their homeland, the United Nations said, and thousands have been displaced across the country."
news-2022-1111,2/26/22,2022,Detroit Zoo Moves Birds Inside Over Avian Flu Outbreak In Michigan,"Most of the birds, including the peacocks who normally roam freely, will be sequestered inside due to worries over a deadly strain of avian flu.",Hilary Hanson,https://www.huffpost.com/entry/detroit-zoo-birds-inside-avian-flu_n_6219429ae4b0ef74d72ff15f,"Detroit Zoo Moves Birds Inside Over Avian Flu Outbreak In Michigan. Most of the birds, including the peacocks who normally roam freely, will be sequestered inside due to worries over a deadly strain of avian flu."
news-2022-1112,2/26/22,2022,Poland And Sweden Refuse To Play Russia In World Cup Playoffs,"""No more words, time to act!” wrote Polish soccer federation president Cezary Kulesza on Twitter.",,https://www.huffpost.com/entry/bc-ukraine-invasion-sports_n_621a4ed3e4b0afc668c119ee,"Poland And Sweden Refuse To Play Russia In World Cup Playoffs. ""No more words, time to act!” wrote Polish soccer federation president Cezary Kulesza on Twitter."
news-2022-1113,2/26/22,2022,"Some 150,000 Ukrainians Flee Largest European Ground War Since WWII","While some tried fleeing by car or train, others traveled miles by foot toward border crossings, hoping for safe refuge.","Vanessa Gera and Adam Pemble, AP",https://www.huffpost.com/entry/some-120000-ukrainians-flee-largest-european-ground-war-since-wwii_n_621a4b34e4b0f800ce220b4c,"Some 150,000 Ukrainians Flee Largest European Ground War Since WWII. While some tried fleeing by car or train, others traveled miles by foot toward border crossings, hoping for safe refuge."
news-2022-1114,2/25/22,2022,Another Starbucks Store Votes To Unionize,The store in Arizona joins two in New York as the only corporate Starbucks stores with a union.,Dave Jamieson,https://www.huffpost.com/entry/another-starbucks-store-votes-to-unionize_n_620d1275e4b0685128b0646b,Another Starbucks Store Votes To Unionize. The store in Arizona joins two in New York as the only corporate Starbucks stores with a union.
news-2022-1115,2/25/22,2022,Europe Braces For Refugees As Russia Attacks Ukraine's Capital,"With Russia's invasion of Ukraine in full swing, neighboring countries in Europe are preparing for an influx of people fleeing the destruction.",Marita Vlachou,https://www.huffpost.com/entry/ukrainian-refugees-europe-russia-attack_n_6218988ce4b0d1388f12db37,"Europe Braces For Refugees As Russia Attacks Ukraine's Capital. With Russia's invasion of Ukraine in full swing, neighboring countries in Europe are preparing for an influx of people fleeing the destruction."
news-2022-1116,2/25/22,2022,GOP Sen. Jim Inhofe To Retire This Year,"The staunch conservative and climate change denier is stepping down before his term is up, setting up a likely competitive GOP primary in Oklahoma.",Igor Bobic,https://www.huffpost.com/entry/jim-inhofe-retire-senate_n_6218f2f4e4b03d0c8037e8ae,"GOP Sen. Jim Inhofe To Retire This Year. The staunch conservative and climate change denier is stepping down before his term is up, setting up a likely competitive GOP primary in Oklahoma."
news-2022-1117,2/25/22,2022,MLB 4 Days From Deadline To Cancel Games And Shorten Season,"Both sides agreed to meet again Friday, which will be the fifth straight day of bargaining and the 11th on core economics since the lockout started Dec. 2.","RONALD BLUM, AP",https://www.huffpost.com/entry/mlb-lockout-baseball_n_6218254be4b0ef74d72d6fae,"MLB 4 Days From Deadline To Cancel Games And Shorten Season. Both sides agreed to meet again Friday, which will be the fifth straight day of bargaining and the 11th on core economics since the lockout started Dec. 2."
news-2022-1118,2/25/22,2022,Republicans At CPAC Would Rather Talk About The Southern Border Than Ukraine,"Speakers didn't say much about the Russian attack, which was unfolding during the GOP conference.",Liz Skalka,https://www.huffpost.com/entry/cpac-republicans-biden-ukraine_n_6217d356e4b0ef74d72cd55c,"Republicans At CPAC Would Rather Talk About The Southern Border Than Ukraine. Speakers didn't say much about the Russian attack, which was unfolding during the GOP conference."
news-2022-1119,2/25/22,2022,UN To Scale Up Humanitarian Operations In Ukraine Following Russia's Invasion,"The UN will allocate $20 million to “help with health care, shelter, food, and water and sanitation to the most vulnerable people affected by the conflict.”","Edith M. Lederer, AP",https://www.huffpost.com/entry/ukraine-russia-un-humanitarian-aid_n_62189fd6e4b03d0c8036e328,"UN To Scale Up Humanitarian Operations In Ukraine Following Russia's Invasion. The UN will allocate $20 million to “help with health care, shelter, food, and water and sanitation to the most vulnerable people affected by the conflict.”"
news-2022-1120,2/24/22,2022,Antony Blinken Says He Believes Russia Will Invade Ukraine Imminently,"“I can’t put a date or exact time on it, but everything is in place for Russia to move forward,"" the secretary of state said.",Nick Visser,https://www.huffpost.com/entry/antony-blinken-russia-ukraine-invasion-update_n_6216d4d3e4b0f800ce1b82bf,"Antony Blinken Says He Believes Russia Will Invade Ukraine Imminently. “I can’t put a date or exact time on it, but everything is in place for Russia to move forward,"" the secretary of state said."
news-2022-1121,2/24/22,2022,Cyberattacks Accompany Russian Military Assault On Ukraine,"The websites of Ukraine's defense, foreign and interior ministries were unreachable or painfully slow to load Thursday after a wave of distributed-denial-of-service attacks.","Frank Bajak, AP",https://www.huffpost.com/entry/ukraine-russia-cyberattacks_n_62172428e4b0ef74d72ac34d,"Cyberattacks Accompany Russian Military Assault On Ukraine. The websites of Ukraine's defense, foreign and interior ministries were unreachable or painfully slow to load Thursday after a wave of distributed-denial-of-service attacks."
news-2022-1122,2/24/22,2022,Queen Elizabeth Cancels Engagements For 2nd Time This Week,"The queen previously canceled engagements on Tuesday, but she did have her weekly audience with Prime Minister Boris Johnson on Wednesday.",Carly Ledbetter,https://www.huffpost.com/entry/queen-elizabeth-cancels-engagements-second-time_n_6217973ce4b0ef74d72c0dd6,"Queen Elizabeth Cancels Engagements For 2nd Time This Week. The queen previously canceled engagements on Tuesday, but she did have her weekly audience with Prime Minister Boris Johnson on Wednesday."
news-2022-1123,2/24/22,2022,Russian Military Action In Ukraine Causes Oil Prices To Soar,Asian and European stock markets plunged and oil prices surged to nearly $100 a barrel Thursday after Russia attacked Ukraine.,"Joe McDonald, AP",https://www.huffpost.com/entry/world-markets-russia-ukraine_n_62171853e4b0f800ce1bed3a,Russian Military Action In Ukraine Causes Oil Prices To Soar. Asian and European stock markets plunged and oil prices surged to nearly $100 a barrel Thursday after Russia attacked Ukraine.
news-2022-1124,2/24/22,2022,Ukraine Attack Leaves Baltics Wondering: Are We Next?,"To Estonians, Latvians and Lithuanians, Russia’s belligerence toward Ukraine has some worried that they could be the Kremlin's next target.","LIUDAS DAPKUS and KARL RITTER, AP",https://www.huffpost.com/entry/ap-eu-ukraine-tensions-worried-baltics_n_62177df9e4b0afc668bc0270,"Ukraine Attack Leaves Baltics Wondering: Are We Next?. To Estonians, Latvians and Lithuanians, Russia’s belligerence toward Ukraine has some worried that they could be the Kremlin's next target."
news-2022-1125,2/23/22,2022,2 Louisiana Deputies Charged In Shooting Death Of Man In Parked Car,"The Jefferson Parish deputies were fired and arrested after killing Daniel Vallee, 34. The sheriff said lethal force ""was not justified.""",Sara Boboltz,https://www.huffpost.com/entry/louisiana-deputies-manslaughter-parked-car_n_62164897e4b03d0c8031b9f8,"2 Louisiana Deputies Charged In Shooting Death Of Man In Parked Car. The Jefferson Parish deputies were fired and arrested after killing Daniel Vallee, 34. The sheriff said lethal force ""was not justified."""
news-2022-1126,2/23/22,2022,"Allen Weisselberg, Trump Organization Seek To Toss Tax Fraud Case",Lawyers for the Trump Organization's CFO are arguing that New York prosecutors targeted Weisselberg as punishment because he wouldn’t flip on the former president.,"Michael R. Sisick, AP",https://www.huffpost.com/entry/allen-weisselberg-seeks-toss-tax-fraud-case_n_62168b0ae4b0d1388f0e9600,"Allen Weisselberg, Trump Organization Seek To Toss Tax Fraud Case. Lawyers for the Trump Organization's CFO are arguing that New York prosecutors targeted Weisselberg as punishment because he wouldn’t flip on the former president."
news-2022-1127,2/23/22,2022,"Biden, Putin Signal Bigger Confrontation Ahead Over Ukraine","Putin has yet to unleash the force of the 150,000 troops massed on three sides of Ukraine.","Vladimir Isachenkiv, Yuras Karmanau, Aamer Madhani and Eric Tucker, AP",https://www.huffpost.com/entry/biden-ukraine-russia-putin-tensions_n_6215974ee4b06e1cc586e22e,"Biden, Putin Signal Bigger Confrontation Ahead Over Ukraine. Putin has yet to unleash the force of the 150,000 troops massed on three sides of Ukraine."
news-2022-1128,2/23/22,2022,Kentucky Elects First Openly LGBTQ State House Member In Special Election,"Keturah Herron, an activist and former ACLU strategist, helped pass Kentucky’s “Breonna’s law,” which limited the use of no-knock warrants.",Travis Waldron,https://www.huffpost.com/entry/keturah-herron-lgbtq-state-legislature_n_62164462e4b0afc668b942fc,"Kentucky Elects First Openly LGBTQ State House Member In Special Election. Keturah Herron, an activist and former ACLU strategist, helped pass Kentucky’s “Breonna’s law,” which limited the use of no-knock warrants."
news-2022-1129,2/23/22,2022,New Woody Allen Essay Collection To Be Published In June,"Subjects in the book will include ""horses that paint, cars that think” and “the sex lives of celebrities.""","HILLEL ITALIE, AP",https://www.huffpost.com/entry/woody-allen-new-essay-collection_n_62167d4ae4b03d0c80327296,"New Woody Allen Essay Collection To Be Published In June. Subjects in the book will include ""horses that paint, cars that think” and “the sex lives of celebrities."""
news-2022-1130,2/23/22,2022,Why Texas Progressive Greg Casar Gives Hope To The Embattled Left,"Casar's star is rising, but he will need to beat mainstream liberal Eddie Rodriguez to get to Congress.",Daniel Marans,https://www.huffpost.com/entry/greg-casar-eddie-rodriguez-texas-primary_n_62168298e4b0afc668ba124d,"Why Texas Progressive Greg Casar Gives Hope To The Embattled Left. Casar's star is rising, but he will need to beat mainstream liberal Eddie Rodriguez to get to Congress."
news-2022-1131,2/22/22,2022,3 Cops' Trial In Floyd Killing Heads To Closing Arguments,The federal trial of three former Minneapolis police officers charged with violating George Floyd's civil rights is headed to closing arguments.,"STEVE KARNOWSKI and AMY FORLITI, AP",https://www.huffpost.com/entry/bc-us-george-floyd-officers-civil-rights_n_6214cb41e4b0ef74d7261c2a,3 Cops' Trial In Floyd Killing Heads To Closing Arguments. The federal trial of three former Minneapolis police officers charged with violating George Floyd's civil rights is headed to closing arguments.
news-2022-1132,2/22/22,2022,Colombia's Highest Court Legalizes Abortion Up To 24 Weeks,"An estimated 400,000 women get clandestine abortions in the country each year.","Manuel Rueda, AP",https://www.huffpost.com/entry/colombia-abortion-ruling_n_62149029e4b0f800ce16b0d2,"Colombia's Highest Court Legalizes Abortion Up To 24 Weeks. An estimated 400,000 women get clandestine abortions in the country each year."
news-2022-1133,2/22/22,2022,Germany Takes Steps To Halt Nord Stream 2 Gas Pipeline From Russia,Chancellor Olaf Scholz said the German government was taking the measure in response to Moscow's actions in Ukraine.,"FRANK JORDANS, AP",https://www.huffpost.com/entry/ap-eu-ukraine-tensions-germany-pipeline_n_6214c6f9e4b0afc668b655be,Germany Takes Steps To Halt Nord Stream 2 Gas Pipeline From Russia. Chancellor Olaf Scholz said the German government was taking the measure in response to Moscow's actions in Ukraine.
news-2022-1134,2/22/22,2022,Man Identified In Portland Mass Shooting Railed Against BLM Protesters: Report,"Ben Smith, 43, was a ""fly off the handle kind of guy,"" his roommate told OregonLive.",Sebastian Murdock,https://www.huffpost.com/entry/portland-oregon-mass-shooter_n_62151d22e4b03d0c802fa2ba,"Man Identified In Portland Mass Shooting Railed Against BLM Protesters: Report. Ben Smith, 43, was a ""fly off the handle kind of guy,"" his roommate told OregonLive."
news-2022-1135,2/22/22,2022,Raw Sewage Spill Shuts Down Beaches In Southern California,"Authorities say a stretch of Southern California beach is closed to swimmers and surfers after up to 50,000 gallons of raw sewage spilled into nearby waters.",,https://www.huffpost.com/entry/ewage-spill-southern-california_n_621499fae4b03d0c802e3609,"Raw Sewage Spill Shuts Down Beaches In Southern California. Authorities say a stretch of Southern California beach is closed to swimmers and surfers after up to 50,000 gallons of raw sewage spilled into nearby waters."
news-2022-1136,2/22/22,2022,U.S. Relocates Ukraine Embassy Staff To Poland Amid Russian Threat,"“Our personnel will regularly return to continue their diplomatic work in Ukraine and provide emergency consular services,"" Secretary of State Antony Blinken said.",Nick Visser,https://www.huffpost.com/entry/ukraine-embassy-us-poland-russia_n_62144bd9e4b06e1cc5845a16,"U.S. Relocates Ukraine Embassy Staff To Poland Amid Russian Threat. “Our personnel will regularly return to continue their diplomatic work in Ukraine and provide emergency consular services,"" Secretary of State Antony Blinken said."
news-2022-1137,2/21/22,2022,Closing Arguments Begin In Hate Crimes Trial Of Men Who Killed Ahmaud Arbery,A jury in Georgia is hearing arguments from prosecutors and defense attorneys on whether the 2020 killing of Ahmaud Arbery was a federal hate crime.,"RUSS BYNUM, AP",https://www.huffpost.com/entry/bc-us-ahmaud-arbery-hate-crimes_n_6213ab62e4b062125860c260,Closing Arguments Begin In Hate Crimes Trial Of Men Who Killed Ahmaud Arbery. A jury in Georgia is hearing arguments from prosecutors and defense attorneys on whether the 2020 killing of Ahmaud Arbery was a federal hate crime.
news-2022-1138,2/21/22,2022,Kentucky Derby Winner Medina Spirit Stripped Of Title Over Drug Test,Another horse was declared the winner of the race.,,https://www.huffpost.com/entry/kentucky-derby-medina-spirit_n_6213e2bbe4b03d0c802d67c2,Kentucky Derby Winner Medina Spirit Stripped Of Title Over Drug Test. Another horse was declared the winner of the race.
news-2022-1139,2/21/22,2022,Michigan Basketball Coach Strikes Wisconsin Assistant In Dust-up After Tough Loss,"Wolverines coach Juwan Howard, who was upset about Wisconsin's final-seconds timeout, said he thought it was ""time to protect myself.""",Mary Papenfuss,https://www.huffpost.com/entry/juwan-howard-greg-gard-michigan-wisconsin-basketball_n_6212c3d9e4b060c5c1ee1cb2,"Michigan Basketball Coach Strikes Wisconsin Assistant In Dust-up After Tough Loss. Wolverines coach Juwan Howard, who was upset about Wisconsin's final-seconds timeout, said he thought it was ""time to protect myself."""
news-2022-1140,2/21/22,2022,Putin Mulls Recognizing Separatist Eastern Ukrainian Regions,The regions have requested independence and military aid. Ukrainian authorities deny launching an offensive against the regions and accuse Russia of provocation.,,https://www.huffpost.com/entry/putin-war-considering-ukraine-separatist-independence_n_6213bc3de4b0ef74d72485e8,Putin Mulls Recognizing Separatist Eastern Ukrainian Regions. The regions have requested independence and military aid. Ukrainian authorities deny launching an offensive against the regions and accuse Russia of provocation.
news-2022-1141,2/21/22,2022,Western Officials Pledge To Support Ukraine As Russia Says It Should Be Dismembered,"Faced with a Russian attempt to redraw borders in Europe, the U.S. is preparing sanctions and European allies are signaling solidarity with the government in Kiev.",Akbar Shahid Ahmed,https://www.huffpost.com/entry/donbas-putin-reaction_n_6213f6dfe4b03d0c802d81be,"Western Officials Pledge To Support Ukraine As Russia Says It Should Be Dismembered. Faced with a Russian attempt to redraw borders in Europe, the U.S. is preparing sanctions and European allies are signaling solidarity with the government in Kiev."
news-2022-1142,2/21/22,2022,White House Won’t Say If Russian Movements Into Donbas Will Trigger Massive Sanctions,"A senior administration official said that since Russia had already been in that region since 2014, that ""by itself would not be a new step.""",S.V. Date,https://www.huffpost.com/entry/white-house-putin-ukraine_n_62141d64e4b0f800ce162f93,"White House Won’t Say If Russian Movements Into Donbas Will Trigger Massive Sanctions. A senior administration official said that since Russia had already been in that region since 2014, that ""by itself would not be a new step."""
news-2022-1143,2/20/22,2022,"Mikaela Shiffrin Barely Misses Medal In Mixed Team Event, Notes 'Special Feeling'","The slumping U.S. ski star will leave the Beijing Winter Olympics without a medal but is ""optimistic.""",,https://www.huffpost.com/entry/mikaela-shiffrin-barely-misses-medal-mixed-team_n_62121013e4b08ee35ee391bf,"Mikaela Shiffrin Barely Misses Medal In Mixed Team Event, Notes 'Special Feeling'. The slumping U.S. ski star will leave the Beijing Winter Olympics without a medal but is ""optimistic."""
news-2022-1144,2/20/22,2022,"Police Helicopter Crash Kills 1 Officer, Injures Another At California Beach",The deadly crash came just hours after a separate helicopter crash along a packed beach in Miami.,Nina Golgowski,https://www.huffpost.com/entry/newport-beach-helicopter-crash_n_621262c4e4b0f2c343f5d4bf,"Police Helicopter Crash Kills 1 Officer, Injures Another At California Beach. The deadly crash came just hours after a separate helicopter crash along a packed beach in Miami."
news-2022-1145,2/20/22,2022,Queen Elizabeth Tests Positive For COVID-19,"The 95-year-old British monarch has cold-like symptoms and ""will continue to receive medical attention,"" Buckingham Palace said.",,https://www.huffpost.com/entry/queen-elizabeth-covid-19_n_62122eb7e4b06212585e8e84,"Queen Elizabeth Tests Positive For COVID-19. The 95-year-old British monarch has cold-like symptoms and ""will continue to receive medical attention,"" Buckingham Palace said."
news-2022-1146,2/20/22,2022,Russia Extends Troop Drills Near Ukraine As Violence Spikes,"Russia held nuclear drills Saturday as well as conventional exercises in Belarus, which borders Ukraine to the north. The drills follow two days of sustained shelling.","LORI HINNANT and JIM HEINTZ, AP",https://www.huffpost.com/entry/russia-military-drills-amid-possible-ukraine-invasion_n_62124236e4b0f93b2619ce33,"Russia Extends Troop Drills Near Ukraine As Violence Spikes. Russia held nuclear drills Saturday as well as conventional exercises in Belarus, which borders Ukraine to the north. The drills follow two days of sustained shelling."
news-2022-1147,2/20/22,2022,Tom Holland’s Latest Adventure ‘Uncharted’ Tops Box Office,The video game adaptation starring Holland and Mark Wahlberg is on its way to earning $51 million over the long Presidents Day weekend.,"Lindsey Bahr, AP",https://www.huffpost.com/entry/tom-hollands-latest-adventure-uncharted-tops-box-office_n_62127dc5e4b0f93b261a139c,Tom Holland’s Latest Adventure ‘Uncharted’ Tops Box Office. The video game adaptation starring Holland and Mark Wahlberg is on its way to earning $51 million over the long Presidents Day weekend.
news-2022-1148,2/20/22,2022,Winter Olympics Closing Ceremony Caps A Weird And Messy Games,The show burst with color and enthusiasm -- unlike much of the competition in Beijing.,,https://www.huffpost.com/entry/winter-olympics-closing-ceremony-beijing_n_62123410e4b0f93b2619c27b,Winter Olympics Closing Ceremony Caps A Weird And Messy Games. The show burst with color and enthusiasm -- unlike much of the competition in Beijing.
news-2022-1149,2/19/22,2022,12 People Still Missing After Greek Ferry Catches Fires,Euroferry Olympia caught fire in the Ionian Sea and burned into a second day as firefighters battled the blaze.,"Associated Press, AP",https://www.huffpost.com/entry/bc-eu-greece-ferry-fire_n_62110378e4b08ee35ee304f0,12 People Still Missing After Greek Ferry Catches Fires. Euroferry Olympia caught fire in the Ionian Sea and burned into a second day as firefighters battled the blaze.
news-2022-1150,2/19/22,2022,Channing Tatum Reveals Why He Almost Didn't Do Third 'Magic Mike' Movie,"The actor is set to reprise his role as Michael Lane in the next installment of the franchise, “Magic Mike’s Last Dance.""",Kimberley Richards,https://www.huffpost.com/entry/channing-tatum-almost-didnt-do-magic-mike-3_n_6211378ae4b06212585e161a,"Channing Tatum Reveals Why He Almost Didn't Do Third 'Magic Mike' Movie. The actor is set to reprise his role as Michael Lane in the next installment of the franchise, “Magic Mike’s Last Dance."""
news-2022-1151,2/19/22,2022,High Winds Cause Chaos On Penultimate Day Of Winter Olympics,"Beijing Games organizers closed the ski slopes, then shortened the cross-country course by 40%.","JAKE SEINER, AP",https://www.huffpost.com/entry/high-winds-beijing-winter-olympics_n_6210f196e4b0f93b26190975,"High Winds Cause Chaos On Penultimate Day Of Winter Olympics. Beijing Games organizers closed the ski slopes, then shortened the cross-country course by 40%."
news-2022-1152,2/19/22,2022,Speedskater Bart Swings Accomplishes An Olympics First For Belgium,The Belgian Ministry of Foreign Affairs congratulated the athlete for his feat.,Ron Dicker,https://www.huffpost.com/entry/bart-swings-belgium-gold_n_6210e270e4b060c5c1ecdf58,Speedskater Bart Swings Accomplishes An Olympics First For Belgium. The Belgian Ministry of Foreign Affairs congratulated the athlete for his feat.
news-2022-1153,2/19/22,2022,Ukrainian President Calls For Meeting With Putin Amid Increasing Violence,Ukraine is facing a sharp uptick in violence in and around territory held by Russia-backed rebels.,"Dasha Lutvinova, AP",https://www.huffpost.com/entry/ukraine-russia-troops-conflict-tensions_n_6210f665e4b08ed7cf707535,Ukrainian President Calls For Meeting With Putin Amid Increasing Violence. Ukraine is facing a sharp uptick in violence in and around territory held by Russia-backed rebels.
news-2022-1154,2/19/22,2022,Vladimir Putin Oversees Missile Tests Amid Rising Tensions Over Ukraine,Ballistic and cruise missiles struck sea and land-based targets as part of the strategic nuclear exercises.,Lee Moran,https://www.huffpost.com/entry/russia-missile-tests-putin_n_6210fc09e4b08ee35ee2fd61,Vladimir Putin Oversees Missile Tests Amid Rising Tensions Over Ukraine. Ballistic and cruise missiles struck sea and land-based targets as part of the strategic nuclear exercises.
news-2022-1155,2/18/22,2022,19 Austin Police Officers Reportedly Indicted Over Racial Injustice Protests,"The officers face charges of aggravated assault with a deadly weapon for their actions during the protests after the killing of George Floyd, sources said.","ACACIA CORONADO, PAUL WEBER and JAKE BLEIBERG, AP",https://www.huffpost.com/entry/bc-us-racial-injustice-protests-texas_n_620f7f0ce4b08ee35ee0e754,"19 Austin Police Officers Reportedly Indicted Over Racial Injustice Protests. The officers face charges of aggravated assault with a deadly weapon for their actions during the protests after the killing of George Floyd, sources said."
news-2022-1156,2/18/22,2022,Biden Signs Stopgap Spending Bill Averting Government Shutdown,Both parties hope the short-term measure will be the last one needed as negotiators craft compromise bills financing agencies through Sept. 30.,"ZEKE MILLER and ALAN FRAM, AP",https://www.huffpost.com/entry/biden-government-funding_n_620ffd59e4b0f93b26185b2a,Biden Signs Stopgap Spending Bill Averting Government Shutdown. Both parties hope the short-term measure will be the last one needed as negotiators craft compromise bills financing agencies through Sept. 30.
news-2022-1157,2/18/22,2022,Court To Weigh In On Trump Policy Forcing Asylum-Seekers To Wait In Mexico,The Supreme Court is giving the Biden administration a quick hearing on its effort to scrap a Trump-era border policy that makes asylum-seekers wait in Mexico for hearings in U.S. immigration court.,"MARK SHERMAN, AP",https://www.huffpost.com/entry/supreme-court-asylum-waiting-in-mexico_n_620fffd1e4b0f2c343f44814,Court To Weigh In On Trump Policy Forcing Asylum-Seekers To Wait In Mexico. The Supreme Court is giving the Biden administration a quick hearing on its effort to scrap a Trump-era border policy that makes asylum-seekers wait in Mexico for hearings in U.S. immigration court.
news-2022-1158,2/18/22,2022,MLB Cancels Spring Games Through March 4 Due To Lockout,The announcement came a day after economic talks between the management and the Major League Baseball Players Association lasted just 15 minutes.,"Ronald Blum, AP",https://www.huffpost.com/entry/mlb-spring-training-canceled-march-4_n_62101260e4b08ee35ee260cb,MLB Cancels Spring Games Through March 4 Due To Lockout. The announcement came a day after economic talks between the management and the Major League Baseball Players Association lasted just 15 minutes.
news-2022-1159,2/18/22,2022,"Oscars To Mandate Vaccination, Negative Tests For Many Attendees",The decision comes after some celebrities reacted with fury over reports that there would be no vaccination requirement at the Academy Awards.,Nick Visser,https://www.huffpost.com/entry/oscars-vaccination-pcr-tests_n_620eff1be4b0f2c343f1e8f5,"Oscars To Mandate Vaccination, Negative Tests For Many Attendees. The decision comes after some celebrities reacted with fury over reports that there would be no vaccination requirement at the Academy Awards."
news-2022-1160,2/18/22,2022,U.S. Paves Way For Resumption Of Mexico Avocado Exports,"Peru, Colombia and Chile already ship avocados to the United States, but in quantities that are only a tiny fraction of Mexico’s production. That may change.","MARK STEVENSON, AP",https://www.huffpost.com/entry/mexico-avocados-imports-us_n_620fec2ae4b060c5c1ec2f11,"U.S. Paves Way For Resumption Of Mexico Avocado Exports. Peru, Colombia and Chile already ship avocados to the United States, but in quantities that are only a tiny fraction of Mexico’s production. That may change."
news-2022-1161,2/17/22,2022,"Brazil Mudslides Kill At Least 105, With Dozens Still Missing","“We don’t yet know the full scale of this,"" the mayor of Petropolis said.","Mauricio Savarese and Mario Lobão, AP",https://www.huffpost.com/entry/brazil-mudslides_n_620e0348e4b097efdfbc3b57,"Brazil Mudslides Kill At Least 105, With Dozens Still Missing. “We don’t yet know the full scale of this,"" the mayor of Petropolis said."
news-2022-1162,2/17/22,2022,"Elizabeth Warren Wants Stock Trading Ban For State Lawmakers, Other Elected Officials, Too","“Public officials should remove all conflicts of interest — whether you’re at the federal or the state level,” the Democratic senator said of the ethics proposals.",Nick Visser,https://www.huffpost.com/entry/elizabeth-warren-stock-trading-ban_n_620ddae1e4b0557b5a3f0d1f,"Elizabeth Warren Wants Stock Trading Ban For State Lawmakers, Other Elected Officials, Too. “Public officials should remove all conflicts of interest — whether you’re at the federal or the state level,” the Democratic senator said of the ethics proposals."
news-2022-1163,2/17/22,2022,Ex-NYT Columnist Nicholas Kristof Ineligible To Run For Governor,Kristof had appealed to justices after Oregon’s secretary of state declared he did not meet the qualifications to run for Oregon’s highest office.,Zahara Hill,https://www.huffpost.com/entry/nicholas-kristof-oregon-governor_n_620e7a25e4b05706db740202,Ex-NYT Columnist Nicholas Kristof Ineligible To Run For Governor. Kristof had appealed to justices after Oregon’s secretary of state declared he did not meet the qualifications to run for Oregon’s highest office.
news-2022-1164,2/17/22,2022,Florida House Passes GOP 15-Week Abortion Ban,"Gov. Ron DeSantis, a Republican, has previously signaled his support for the proposal. The bill now moves to the Republican-controlled Senate.","ANTHONY IZAGUIRRE, AP",https://www.huffpost.com/entry/bc-us-abortion-florida_n_620e2bafe4b05706db72f295,"Florida House Passes GOP 15-Week Abortion Ban. Gov. Ron DeSantis, a Republican, has previously signaled his support for the proposal. The bill now moves to the Republican-controlled Senate."
news-2022-1165,2/17/22,2022,National Guard Deploys For New Emergency: Teacher Shortages,Dozens of National Guard Army and Air Force troops in New Mexico have been stepping in to fill a shortage of teachers due to the surge in omicron infections.,"CEDAR ATTANASIO, AP",https://www.huffpost.com/entry/bc-us-virus-outbreak-soldiers-as-teachers_n_620e2eece4b0557b5a3fd14f,National Guard Deploys For New Emergency: Teacher Shortages. Dozens of National Guard Army and Air Force troops in New Mexico have been stepping in to fill a shortage of teachers due to the surge in omicron infections.
news-2022-1166,2/17/22,2022,Russia Expels U.S. Deputy Chief Of Mission In Moscow,"The move comes amid heightened tensions between Russia and the U.S., fueled by fears that Moscow plans to invade Ukraine.",,https://www.huffpost.com/entry/russia-expels-us-deputy-chief-of-mission-in-moscow_n_620e5b3de4b0557b5a4053f7,"Russia Expels U.S. Deputy Chief Of Mission In Moscow. The move comes amid heightened tensions between Russia and the U.S., fueled by fears that Moscow plans to invade Ukraine."
news-2022-1167,2/16/22,2022,'The Pretzel' Helps America To Stunning 1-2 Finish In Olympic Freeski Slopestyle,Alex Hall won gold and Nick Goepper took silver as the U.S. dominated the course.,,https://www.huffpost.com/entry/alex-hall-nick-goepper-slopestyle-2022-olympics_n_620cb413e4b055057aa7e291,'The Pretzel' Helps America To Stunning 1-2 Finish In Olympic Freeski Slopestyle. Alex Hall won gold and Nick Goepper took silver as the U.S. dominated the course.
news-2022-1168,2/16/22,2022,House GOP Targets D.C. Home Rule Amid Statehood Push,Republicans want to limit the District’s democratic governance as the city gets closer than ever to becoming the 51st state.,Paul Blumenthal and Travis Waldron,https://www.huffpost.com/entry/dc-statehood-republicans_n_620d3256e4b012513085c969,House GOP Targets D.C. Home Rule Amid Statehood Push. Republicans want to limit the District’s democratic governance as the city gets closer than ever to becoming the 51st state.
news-2022-1169,2/16/22,2022,Major League Baseball Fails To Start On Time And Winter Feels Endless,Pitchers and catchers didn't report as scheduled for spring training as MLB and players fight over $10 billion in revenue.,,https://www.huffpost.com/entry/mlb-pitchers-catchers-don-report_n_620cfb53e4b0685128b01cb9,Major League Baseball Fails To Start On Time And Winter Feels Endless. Pitchers and catchers didn't report as scheduled for spring training as MLB and players fight over $10 billion in revenue.
news-2022-1170,2/16/22,2022,Mikaela Shiffrin Sets Fastest Time In Downhill Training Session,The two-time U.S. Olympic champion skier so far has failed to win a medal at the Beijing Games.,"DANIELLA MATAR, AP",https://www.huffpost.com/entry/mikaela-shiffrin-downhill-winter-olympics_n_620cb042e4b097efdfb97a06,Mikaela Shiffrin Sets Fastest Time In Downhill Training Session. The two-time U.S. Olympic champion skier so far has failed to win a medal at the Beijing Games.
news-2022-1171,2/16/22,2022,Olympic Snowboarder Roars Back From Injury With Some Big-Cat Energy,"A knee injury prevented France’s Lucile Lefevre from trying any tricks, so she broke out a tiger outfit instead.","JAKE SEINER, AP",https://www.huffpost.com/entry/big-air-tiger-costume_n_620cbab8e4b055057aa7f407,"Olympic Snowboarder Roars Back From Injury With Some Big-Cat Energy. A knee injury prevented France’s Lucile Lefevre from trying any tricks, so she broke out a tiger outfit instead."
news-2022-1172,2/16/22,2022,San Francisco Recalls 3 Members Of City's School Board,"The election was the first recall in San Francisco since 1983, since a failed attempt to remove then-Mayor Dianne Feinstein.","JOCELYN GECKER, AP",https://www.huffpost.com/entry/us-san-francisco-school-board-recall_n_620cfef4e4b0557b5a3d6e8a,"San Francisco Recalls 3 Members Of City's School Board. The election was the first recall in San Francisco since 1983, since a failed attempt to remove then-Mayor Dianne Feinstein."
news-2022-1173,2/15/22,2022,"Alexandria Ocasio-Cortez Calls Congress’ Inner Workings A ‘Shit Show,’ But Hopes For Change","""If people think that, the future is baked in and nothing is possible and that we’re doomed,"" the Democratic congresswoman told The New Yorker.",Nick Visser,https://www.huffpost.com/entry/alexandria-ocasio-cortez-the-new-yorker_n_620b34b6e4b04af87f41ffe7,"Alexandria Ocasio-Cortez Calls Congress’ Inner Workings A ‘Shit Show,’ But Hopes For Change. ""If people think that, the future is baked in and nothing is possible and that we’re doomed,"" the Democratic congresswoman told The New Yorker."
news-2022-1174,2/15/22,2022,"Biden Keeps Up Pressure On Putin To Pull Back Russian Troops, End Ukraine Crisis",Russian President Vladimir Putin has suggested there may be a diplomatic solution to the predicament he created.,S.V. Date,https://www.huffpost.com/entry/biden-ukraine-russia-putin_n_620bf46ee4b04af87f43f178,"Biden Keeps Up Pressure On Putin To Pull Back Russian Troops, End Ukraine Crisis. Russian President Vladimir Putin has suggested there may be a diplomatic solution to the predicament he created."
news-2022-1175,2/15/22,2022,Jury Rejects Sarah Palin's Defamation Claim Against The New York Times,The former Alaska governor is expected to appeal.,Sara Boboltz,https://www.huffpost.com/entry/jury-rejects-sarah-palins-defamation-claim-against-the-new-york-times_n_620c0284e4b0323024716ebe,Jury Rejects Sarah Palin's Defamation Claim Against The New York Times. The former Alaska governor is expected to appeal.
news-2022-1176,2/15/22,2022,Meteorologist Surprised With 'Incredible' Proposal During Northern Lights Segment,Mary Lee was shocked when her partner dropped to one knee during his Valentine's Day visit.,Josephine Harvey,https://www.huffpost.com/entry/meteorologist-proposal-valentines-day_n_620b350ce4b0328e002b35fd,Meteorologist Surprised With 'Incredible' Proposal During Northern Lights Segment. Mary Lee was shocked when her partner dropped to one knee during his Valentine's Day visit.
news-2022-1177,2/15/22,2022,Mikaela Shiffrin Jokes About Going Through With ‘A Really Bad Idea’ In Beijing,"The U.S. skier laughed at the thought of entering six Alpine events at the 2022 Winter Olympics, which she confirmed Tuesday she’s intending to do.","HOWARD FENDRICH, AP",https://www.huffpost.com/entry/mikaela-shiffrin-6-events-2022-olympics_n_620ba34ee4b083bd1cc47b56,"Mikaela Shiffrin Jokes About Going Through With ‘A Really Bad Idea’ In Beijing. The U.S. skier laughed at the thought of entering six Alpine events at the 2022 Winter Olympics, which she confirmed Tuesday she’s intending to do."
news-2022-1178,2/15/22,2022,"U.S. Asks Honduras To Arrest, Extradite Ex-President Hernández Over Drug Trafficking Case","It was a long-awaited fall for a leader reviled in his home country, who enjoyed support from the Trump administration.","MARLON GONZÁLEZ and CHRISTOPHER SHERMAN, AP",https://www.huffpost.com/entry/bc-lt-honduras-corruption_n_620b9456e4b032302470497b,"U.S. Asks Honduras To Arrest, Extradite Ex-President Hernández Over Drug Trafficking Case. It was a long-awaited fall for a leader reviled in his home country, who enjoyed support from the Trump administration."
news-2022-1179,2/14/22,2022,Biden: NFL Should Exercise ‘Generic Decency’ When It Comes To Hiring,Biden's interview with Lester Holt aired during NBC’s Super Bowl LVI Pregame Show.,Andre Ellington,https://www.huffpost.com/entry/joe-biden-nfl-hiring-practices_n_62098e99e4b0328e00282ec1,Biden: NFL Should Exercise ‘Generic Decency’ When It Comes To Hiring. Biden's interview with Lester Holt aired during NBC’s Super Bowl LVI Pregame Show.
news-2022-1180,2/14/22,2022,"Bold Fan Storms The Field, Gets Tackled By Security During Super Bowl 2022",A bold fan decided to run onto the field during the Super Bowl LVI matchup between the Los Angeles Rams and the Cincinnati Bengals.,Andre Ellington,https://www.huffpost.com/entry/man-storming-field-super-bowl-2022_n_6209b944e4b083bd1cc09b47,"Bold Fan Storms The Field, Gets Tackled By Security During Super Bowl 2022. A bold fan decided to run onto the field during the Super Bowl LVI matchup between the Los Angeles Rams and the Cincinnati Bengals."
news-2022-1181,2/14/22,2022,"NYC Fires More Than 1,000 Workers Over Vaccine Mandate","The 1,430 workers who lost their jobs represent less than 1% of the 370,000-person city workforce.","Michelle L. Price, AP",https://www.huffpost.com/entry/1000-nyc-workers-vaccine-mandate_n_620ae5cde4b0ccfb3e5999ee,"NYC Fires More Than 1,000 Workers Over Vaccine Mandate. The 1,430 workers who lost their jobs represent less than 1% of the 370,000-person city workforce."
news-2022-1182,2/14/22,2022,"Snowboarders Say Judging An Issue At Olympic Big Air, Too","Olympic judging at snowboarding events on slopestyle, in the halfpipe and now at big air has come under fire from the boarders themselves.","JAKE SEINER, AP",https://www.huffpost.com/entry/beijing-olympics-snowboard-judging_n_620a7b66e4b0328e002a17ca,"Snowboarders Say Judging An Issue At Olympic Big Air, Too. Olympic judging at snowboarding events on slopestyle, in the halfpipe and now at big air has come under fire from the boarders themselves."
news-2022-1183,2/13/22,2022,Erin Jackson Makes History With Speedskating Gold Medal Win For U.S.,She has become the first Black woman to win a speedskating medal at the Winter Olympics.,"Paul Newberry, AP",https://www.huffpost.com/entry/erin-jackson-speedskating-gold_n_62091d2de4b0e224afc8b731,Erin Jackson Makes History With Speedskating Gold Medal Win For U.S.. She has become the first Black woman to win a speedskating medal at the Winter Olympics.
news-2022-1184,2/13/22,2022,Faith Leaders Demand NFL Move Next Super Bowl From Arizona For 'Racist' Vote Crackdown,"""The Ballot or the Blackout"" campaign against Arizona steps up after federal lawmakers fail to pass national voting rights protections.",Mary Papenfuss,https://www.huffpost.com/entry/religious-leaders-nfl-super-bowl-arizona-racist-voter-suppression_n_62086115e4b03230246b8cbc,"Faith Leaders Demand NFL Move Next Super Bowl From Arizona For 'Racist' Vote Crackdown. ""The Ballot or the Blackout"" campaign against Arizona steps up after federal lawmakers fail to pass national voting rights protections."
news-2022-1185,2/13/22,2022,Mickey Guyton Delivers Triumphant Rendition Of National Anthem At Super Bowl 2022,"Backed by a choir, the “Black Like Me” singer wowed the crowd and the players at SoFi stadium just before kickoff.",Carly Ledbetter,https://www.huffpost.com/entry/mickey-guyton-national-anthem-super-bowl-2022_n_6206b6d9e4b0328e00262a59,"Mickey Guyton Delivers Triumphant Rendition Of National Anthem At Super Bowl 2022. Backed by a choir, the “Black Like Me” singer wowed the crowd and the players at SoFi stadium just before kickoff."
news-2022-1186,2/13/22,2022,Police Arrest Protesters That Remained At U.S.-Canada Bridge,Windsor police said about 12 people were peacefully arrested and seven vehicles were towed just after dawn near the Ambassador Bridge.,"Rob Gillies and Corey Williams, AP",https://www.huffpost.com/entry/canada-windsor-ontario-bridge-police-arrest-protesters_n_62090b59e4b0ccfb3e568e08,Police Arrest Protesters That Remained At U.S.-Canada Bridge. Windsor police said about 12 people were peacefully arrested and seven vehicles were towed just after dawn near the Ambassador Bridge.
news-2022-1187,2/13/22,2022,Rams Legend Eric Dickerson Rejects Super Bowl Tickets 'In The Rafters',The Hall of Fame running back gave the tickets to his sister and said he would probably watch the Rams-Bengals game at home.,Ron Dicker,https://www.huffpost.com/entry/eric-dickerson-super-bowl-tickets_n_6208da36e4b04af87f3e6b1b,Rams Legend Eric Dickerson Rejects Super Bowl Tickets 'In The Rafters'. The Hall of Fame running back gave the tickets to his sister and said he would probably watch the Rams-Bengals game at home.
news-2022-1188,2/13/22,2022,Rudy Giuliani Reportedly In Talks To Testify Before Jan. 6 Committee,This could be big.,Mary Papenfuss,https://www.huffpost.com/entry/rudy-giuliani-talks-testify-jan-6-house-committee_n_6208b4c2e4b03230246bac88,Rudy Giuliani Reportedly In Talks To Testify Before Jan. 6 Committee. This could be big.
news-2022-1189,2/12/22,2022,'Our Jaws Hit The Floor' Over Trump's Recklessness With Classified Info: Ex-Aide,"Trump was so ""mind-numbingly incompetent"" that he waved documents around for everyone to see, an incredulous former Homeland Security official revealed.",Mary Papenfuss,https://www.huffpost.com/entry/miles-taylor-donald-trump_n_62074e05e4b0ccfb3e556340,"'Our Jaws Hit The Floor' Over Trump's Recklessness With Classified Info: Ex-Aide. Trump was so ""mind-numbingly incompetent"" that he waved documents around for everyone to see, an incredulous former Homeland Security official revealed."
news-2022-1190,2/12/22,2022,Canada Border Blockade Clearing Peacefully After Police Move In,Protests inspired by the Canadian demonstrations were seen in parts of Europe on Saturday.,"Rob Gillies and Mike Householder, AP",https://www.huffpost.com/entry/police-canada-us-border-bridge_n_6207b9a0e4b03230246b0548,Canada Border Blockade Clearing Peacefully After Police Move In. Protests inspired by the Canadian demonstrations were seen in parts of Europe on Saturday.
news-2022-1191,2/12/22,2022,Gold-Winning Canadian Snowboarder Cops To Error That Wasn't Spotted By Judges,"“Everyone that snowboards knows I missed that grab. I’m not hiding from that. It is what it is,"" said Max Parrot, who won the Olympic slopestyle contest in Beijing.","EDDIE PELLS, AP",https://www.huffpost.com/entry/olympics-max-parrot-snowboarding_n_620770e4e4b0328e0026ab6a,"Gold-Winning Canadian Snowboarder Cops To Error That Wasn't Spotted By Judges. “Everyone that snowboards knows I missed that grab. I’m not hiding from that. It is what it is,"" said Max Parrot, who won the Olympic slopestyle contest in Beijing."
news-2022-1192,2/12/22,2022,Odell Beckham Jr. ‘On Standby’ For Baby News During Super Bowl 2022,"Lauren Wood, the Los Angeles Rams receiver's girlfriend, is expecting their first child at any time.",Ron Dicker,https://www.huffpost.com/entry/odell-beckham-jr-baby-super-bowl_n_62079963e4b0e224afc7a628,"Odell Beckham Jr. ‘On Standby’ For Baby News During Super Bowl 2022. Lauren Wood, the Los Angeles Rams receiver's girlfriend, is expecting their first child at any time."
news-2022-1193,2/12/22,2022,Officer Placed On Leave After Viral Video Shows Him Choking Black Purdue Student,"The Indiana State Police are investigating the campus officer's use of force, and the university president promised a ""swift and thorough"" inquiry.",Phillip Jackson,https://www.huffpost.com/entry/purdue-university-arrest-adonis-tuggle_n_62082309e4b0e224afc801af,"Officer Placed On Leave After Viral Video Shows Him Choking Black Purdue Student. The Indiana State Police are investigating the campus officer's use of force, and the university president promised a ""swift and thorough"" inquiry."
news-2022-1194,2/11/22,2022,Damning Fox News Supercut From 'Daily Show' Exposes Network's Newest Hypocrisy,Two borders. Two very different tones from Fox News.,Ed Mazza,https://www.huffpost.com/entry/daily-show-fox-news-truckers_n_62061270e4b04af87f3b483b,Damning Fox News Supercut From 'Daily Show' Exposes Network's Newest Hypocrisy. Two borders. Two very different tones from Fox News.
news-2022-1195,2/11/22,2022,"GOP Pundits, Naturally, Are Championing The Canadian Trucker Protest",Tucker Carlson's online store is even selling shirts in support of the protest.,"David Bauder, AP",https://www.huffpost.com/entry/bc-us-canadian-truckers-protest_n_62066bf2e4b0328e002577b6,"GOP Pundits, Naturally, Are Championing The Canadian Trucker Protest. Tucker Carlson's online store is even selling shirts in support of the protest."
news-2022-1196,2/11/22,2022,Kimmel Hits Trump With 13 Different F-Words In 13 Blistering Seconds,The late-night host shows how Fox News is bringing back an old obsession: Trump's cognitive test.,Ed Mazza,https://www.huffpost.com/entry/jimmy-kimmel-trump-flush_n_6205efd0e4b0328e00245a55,Kimmel Hits Trump With 13 Different F-Words In 13 Blistering Seconds. The late-night host shows how Fox News is bringing back an old obsession: Trump's cognitive test.
news-2022-1197,2/11/22,2022,These Are The Most Searched Super Bowl Dips In Every State,"Here are the most uniquely searched game day dips across the country, according to Google.",Caroline Bologna,https://www.huffpost.com/entry/super-bowl-dips-every-state_l_6201f99ce4b0725faace701f,"These Are The Most Searched Super Bowl Dips In Every State. Here are the most uniquely searched game day dips across the country, according to Google."
news-2022-1198,2/11/22,2022,Urgent Doping Hearing To Decide Russian Figure Skater's Olympic Fate,Kamila Valieva’s right to compete in the women’s event in Beijing will be decided at an urgent hearing at the Court of Arbitration for Sport.,"GRAHAM DUNBAR and JAMES ELLINGWORTH, AP",https://www.huffpost.com/entry/russian-doping-court-of-arbitration-olympics_n_620610cee4b0e224afc552e2,Urgent Doping Hearing To Decide Russian Figure Skater's Olympic Fate. Kamila Valieva’s right to compete in the women’s event in Beijing will be decided at an urgent hearing at the Court of Arbitration for Sport.
news-2022-1199,2/10/22,2022,Athletes Are Taping Their Faces At Winter Olympics But Maybe They Shouldn't,The CEO of a popular brand of kinesiology tape said his company doesn't endorse its use on the face.,Ron Dicker,https://www.huffpost.com/entry/tape-face-winter-olympics_n_620507c6e4b04af87f3967b0,Athletes Are Taping Their Faces At Winter Olympics But Maybe They Shouldn't. The CEO of a popular brand of kinesiology tape said his company doesn't endorse its use on the face.
news-2022-1200,2/10/22,2022,"Camilla, Duchess Of Cornwall, Responds To Queen Consort Title For The First Time",Queen Elizabeth previously announced that the duchess would be known as queen consort when Prince Charles takes the throne.,Carly Ledbetter,https://www.huffpost.com/entry/camilla-duchess-responds-queen-consort-title-first-time_n_620518a7e4b0328e0022beee,"Camilla, Duchess Of Cornwall, Responds To Queen Consort Title For The First Time. Queen Elizabeth previously announced that the duchess would be known as queen consort when Prince Charles takes the throne."
news-2022-1201,2/10/22,2022,Massachusetts Woman Wins Trip To New Hampshire On 'The Price Is Right',Catherine Graham was hoping to win a trip to a tropical locale. It didn’t work out that way.,,https://www.huffpost.com/entry/price-is-right-wrong-prize_n_6205a45ce4b083bd1cbc619e,Massachusetts Woman Wins Trip To New Hampshire On 'The Price Is Right'. Catherine Graham was hoping to win a trip to a tropical locale. It didn’t work out that way.
news-2022-1202,2/10/22,2022,Russian Skating Star Is 'Lighthearted' At Practice Amid Threat Of Olympic Ban,"Kamila Valieva, who tested positive for a prohibited drug, may lose her team gold medal and a chance at an individual gold medal.",,https://www.huffpost.com/entry/kamila-valieva-practice-lighthearted_n_620509d9e4b0e224afc3767b,"Russian Skating Star Is 'Lighthearted' At Practice Amid Threat Of Olympic Ban. Kamila Valieva, who tested positive for a prohibited drug, may lose her team gold medal and a chance at an individual gold medal."
news-2022-1203,2/10/22,2022,Sen. Alex Padilla Calls Out GOP Colleagues For Racist Treatment Of Biden’s Court Picks,"“It’s not lost on me that nominees of color have been treated differently,” the California senator said in a testy Judiciary Committee hearing.",Jennifer Bendery,https://www.huffpost.com/entry/alex-padilla-republicans-racist-biden-nominees_n_62055ad4e4b0328e0023b1c3,"Sen. Alex Padilla Calls Out GOP Colleagues For Racist Treatment Of Biden’s Court Picks. “It’s not lost on me that nominees of color have been treated differently,” the California senator said in a testy Judiciary Committee hearing."
news-2022-1204,2/9/22,2022,Biden Administration Slaps Down ‘Crack Pipe’ Funding After Right-Wing Misinformation Spree,A misunderstanding of harm reduction programs coupled with a Republican-led misinformation campaign led to a viral storm.,Philip Lewis,https://www.huffpost.com/entry/biden-fund-crack-pipe-program-misinformation_n_62042bdfe4b0328e0021331c,Biden Administration Slaps Down ‘Crack Pipe’ Funding After Right-Wing Misinformation Spree. A misunderstanding of harm reduction programs coupled with a Republican-led misinformation campaign led to a viral storm.
news-2022-1205,2/9/22,2022,"Canada, Finland Mask Up To Play Russian Team Decimated By COVID",Multiple Russian women's hockey players have tested positive for the coronavirus at the 2022 Winter Olympics in Beijing.,,https://www.huffpost.com/entry/hockey-masks-winter-olympics-covid_n_62038bc5e4b0f923ded7b97e,"Canada, Finland Mask Up To Play Russian Team Decimated By COVID. Multiple Russian women's hockey players have tested positive for the coronavirus at the 2022 Winter Olympics in Beijing."
news-2022-1206,2/9/22,2022,Mysterious 'Legal Consultation' Delays Medal Ceremony For Team Figure Skating,"The ceremony to award the Russian team gold, the U.S. silver and Japan bronze was pulled from its scheduled slot at the Winter Olympics in Beijing.",,https://www.huffpost.com/entry/legal-consultation-team-figure-skating-winter-olympics_n_62037e91e4b0d4230cc21075,"Mysterious 'Legal Consultation' Delays Medal Ceremony For Team Figure Skating. The ceremony to award the Russian team gold, the U.S. silver and Japan bronze was pulled from its scheduled slot at the Winter Olympics in Beijing."
news-2022-1207,2/9/22,2022,Ohio Mayor Says Ice Fishing Leads To Prostitution,"Hudson Mayor Craig Shubert cited ""data points.""",Liz Skalka,https://www.huffpost.com/entry/ice-fishing-ohio-prostitution_n_620401f2e4b0328e0020e3e5,"Ohio Mayor Says Ice Fishing Leads To Prostitution. Hudson Mayor Craig Shubert cited ""data points."""
news-2022-1208,2/9/22,2022,"Simone Biles, Lindsey Vonn Rally For Mikaela Shiffrin: ‘Keep Your Head High’",Olympians shared sweet messages of support for the U.S. alpine skier following her second disqualification in a row at Beijing 2022.,Lee Moran,https://www.huffpost.com/entry/mikaela-shiffrin-support-lindsey-vonn-simone-biles_n_6203734ce4b0d4230cc1efa1,"Simone Biles, Lindsey Vonn Rally For Mikaela Shiffrin: ‘Keep Your Head High’. Olympians shared sweet messages of support for the U.S. alpine skier following her second disqualification in a row at Beijing 2022."
news-2022-1209,2/8/22,2022,Beyoncé Lands First Oscar Nomination As Jay-Z Gets Snubbed,"The 28-time Grammy winner received a Best Original Song nod for ""Be Alive"" from the film ""King Richard,"" though her husband was left out in the cold.",Curtis M. Wong,https://www.huffpost.com/entry/beyonce-jay-z-oscars-best-original-song-nomination_n_62026fb0e4b0b69cfe949246,"Beyoncé Lands First Oscar Nomination As Jay-Z Gets Snubbed. The 28-time Grammy winner received a Best Original Song nod for ""Be Alive"" from the film ""King Richard,"" though her husband was left out in the cold."
news-2022-1210,2/8/22,2022,Dr. Dre Makes Super Bowl History By Adding Deaf Rappers To Halftime Show,"Super Bowl LVI will take place at SoFi Stadium in Inglewood, California, on Feb. 13.",Andre Ellington,https://www.huffpost.com/entry/dr-dre-super-bowl-lvi-halftime-show_n_6202c170e4b06abdc4369aaa,"Dr. Dre Makes Super Bowl History By Adding Deaf Rappers To Halftime Show. Super Bowl LVI will take place at SoFi Stadium in Inglewood, California, on Feb. 13."
news-2022-1211,2/8/22,2022,Nathan Chen Shatters World Record In Breathtaking Performance On The Ice,The 22-year-old put himself in prime position to win his long-sought gold medal at the Beijing Winter Olympics.,"DAVE SKRETTA, AP",https://www.huffpost.com/entry/nathan-chen-winter-olympics-world-record_n_620217bce4b0725faace99cf,Nathan Chen Shatters World Record In Breathtaking Performance On The Ice. The 22-year-old put himself in prime position to win his long-sought gold medal at the Beijing Winter Olympics.
news-2022-1212,2/8/22,2022,U.S.-Born Skier Eileen Gu Wins Olympic Gold For China,The 18-year-old freestyle skiing prodigy cranked out the first 1620 of her career to win the Olympic debut of women’s freeski big air in Beijing.,"JAKE SEINER, AP",https://www.huffpost.com/entry/winter-olympics-big-air-eileen-gu_n_62024592e4b0500424325392,U.S.-Born Skier Eileen Gu Wins Olympic Gold For China. The 18-year-old freestyle skiing prodigy cranked out the first 1620 of her career to win the Olympic debut of women’s freeski big air in Beijing.
news-2022-1213,2/8/22,2022,Your Kid Isn't Loving Sports. When Is It OK To Let Them Quit?,How to figure out if you should push your child to stick with the team or allow them to throw in the towel.,Kelsey Borresen,https://www.huffpost.com/entry/when-to-let-kid-quit-sports_l_61f18840e4b04f9a12b7cd84,Your Kid Isn't Loving Sports. When Is It OK To Let Them Quit?. How to figure out if you should push your child to stick with the team or allow them to throw in the towel.
news-2022-1214,2/7/22,2022,Gun Salutes Mark Queen Elizabeth II’s Platinum Jubilee Year,"The monarch doesn’t celebrate the anniversary of the date she became queen, known as Ascension Day, as it is also the anniversary of her father’s death.",,https://www.huffpost.com/entry/gun-salutes-mark-queen-elizabeth-iis-platinum-jubilee-year_n_6201318ae4b06abdc4333cee,"Gun Salutes Mark Queen Elizabeth II’s Platinum Jubilee Year. The monarch doesn’t celebrate the anniversary of the date she became queen, known as Ascension Day, as it is also the anniversary of her father’s death."
news-2022-1215,2/7/22,2022,New Jersey Lifting School Mask Mandate In March,Democratic Gov. Phil Murphy cited declining cases and rising vaccination rates in his decision.,Lydia O'Connor,https://www.huffpost.com/entry/new-jersey-school-mask-mandate_n_62015d7de4b06abdc433c090,New Jersey Lifting School Mask Mandate In March. Democratic Gov. Phil Murphy cited declining cases and rising vaccination rates in his decision.
news-2022-1216,2/7/22,2022,Ted Cruz Throws In With Anti-Vaccine Ottawa Trucker Mob As City Declares Emergency,"""They're defending Canada, America and standing up for freedom,"" Cruz crowed as Canadians complained protesting truckers were assaulting and harassing them.",Mary Papenfuss,https://www.huffpost.com/entry/ted-cruz-ottawa-vaccine-truckers-protest_n_6200985be4b0725faacbd834,"Ted Cruz Throws In With Anti-Vaccine Ottawa Trucker Mob As City Declares Emergency. ""They're defending Canada, America and standing up for freedom,"" Cruz crowed as Canadians complained protesting truckers were assaulting and harassing them."
news-2022-1217,2/7/22,2022,UN Ambassador: China Had Uyghur Athlete Be Olympic Torchbearer To Distract From Genocide,"The real issue is that ""Uyghurs are being tortured, and Uyghurs are the victims of human rights violations by the Chinese,"" Linda Thomas-Greenfield said.",Sanjana Karanth,https://www.huffpost.com/entry/un-ambassador-china-uyghur-olympics-genocide_n_62005048e4b09170e9d261df,"UN Ambassador: China Had Uyghur Athlete Be Olympic Torchbearer To Distract From Genocide. The real issue is that ""Uyghurs are being tortured, and Uyghurs are the victims of human rights violations by the Chinese,"" Linda Thomas-Greenfield said."
news-2022-1218,2/7/22,2022,White House Looks At Ways To Reverse Decline In Union Membership,President Joe Biden has accepted task force recommendations to promote collective bargaining through executive action.,Dave Jamieson,https://www.huffpost.com/entry/joe-biden-task-force-union-executive-action_n_620121c6e4b0725faaccf6c2,White House Looks At Ways To Reverse Decline In Union Membership. President Joe Biden has accepted task force recommendations to promote collective bargaining through executive action.
news-2022-1219,2/7/22,2022,"Women’s Prison Dubbed 'Rape Club' Fostered Culture Of Abuse, Probe Finds","Inmates inside the federal correctional institution in Dublin, California, have alleged sexual abuse by correctional officers and threats or punishment for speaking up.",,https://www.huffpost.com/entry/federal-correctional-institution-dublin-california-inmates-sexual-abuse_n_6201196ee4b0500424301e04,"Women’s Prison Dubbed 'Rape Club' Fostered Culture Of Abuse, Probe Finds. Inmates inside the federal correctional institution in Dublin, California, have alleged sexual abuse by correctional officers and threats or punishment for speaking up."
news-2022-1220,2/6/22,2022,Amir Locke Shooting Highlights Ongoing Mistrust Of Minneapolis Police,Minneapolis police's killing of a 22-year-old Black man left people angry at a department widely criticized for its initial portrayal of George Floyd’s death.,"Doug Glass, AP",https://www.huffpost.com/entry/amir-locke-police-shooting-minneapolis-mistrust_n_61ffed5ce4b05004242e9bd3,Amir Locke Shooting Highlights Ongoing Mistrust Of Minneapolis Police. Minneapolis police's killing of a 22-year-old Black man left people angry at a department widely criticized for its initial portrayal of George Floyd’s death.
news-2022-1221,2/6/22,2022,Canadian Anti-Vax Trucker 'Siege' Hit With Multimillion-Dollar Lawsuit,"Residents complain of constant air horn blasts, harassment, assault by truckers opposed to COVID-19 vaccines. ""This is a siege,"" said Ottawa's police chief.",Mary Papenfuss,https://www.huffpost.com/entry/ottawa-class-action-lawsuit-anti-vaccine-turckers-airhorns-assaults_n_61ff00b8e4b05004242e2601,"Canadian Anti-Vax Trucker 'Siege' Hit With Multimillion-Dollar Lawsuit. Residents complain of constant air horn blasts, harassment, assault by truckers opposed to COVID-19 vaccines. ""This is a siege,"" said Ottawa's police chief."
news-2022-1222,2/6/22,2022,Gov. Ron DeSantis Going After GoFundMe For Dumping Anti-Vaccine Ottawa Truckers,"Donald Trump Jr., Rep. Jim Jordan and Elon Musk love the truckers being sued by Ottawa residents for blasting air horns 16 hours a day.",Mary Papenfuss,https://www.huffpost.com/entry/ron-desantis-donald-trump-jr-anti-vaccine-truckers-ottawa_n_61ff6619e4b0725faacb0f46,"Gov. Ron DeSantis Going After GoFundMe For Dumping Anti-Vaccine Ottawa Truckers. Donald Trump Jr., Rep. Jim Jordan and Elon Musk love the truckers being sued by Ottawa residents for blasting air horns 16 hours a day."
news-2022-1223,2/6/22,2022,Russia At 70% Of Ukraine Military Buildup For Possible Invasion: American Officials,"Russian President Vladimir Putin may be planning an invasion in coming weeks, officials believe, although the size and scale are unclear.","ROBERT BURNS, AP",https://www.huffpost.com/entry/russia-70-percent-force-possible-ukraine-invasion_n_61ff3c04e4b09170e9d1ce13,"Russia At 70% Of Ukraine Military Buildup For Possible Invasion: American Officials. Russian President Vladimir Putin may be planning an invasion in coming weeks, officials believe, although the size and scale are unclear."
news-2022-1224,2/6/22,2022,Watch 15-Year-Old Skater Kamila Valieva Pull Off A Winter Olympics Stunner In Team Event,The U.S. stumbled to nearly eliminate gold medal hopes in the team competition.,Ron Dicker,https://www.huffpost.com/entry/kamila-valieva-triple-axel-winter-olympics_n_61ffa503e4b06abdc4315f79,Watch 15-Year-Old Skater Kamila Valieva Pull Off A Winter Olympics Stunner In Team Event. The U.S. stumbled to nearly eliminate gold medal hopes in the team competition.
news-2022-1225,2/5/22,2022,Biden Isn’t The First President To Consider Diversity When Picking A SCOTUS Nominee,"What constitutes diversity has changed over time, but presidents always looked to balance the Supreme Court to reflect the broader nation.",Paul Blumenthal,https://www.huffpost.com/entry/biden-diversity-supreme-court_n_61fd53a3e4b05004242cbef6,"Biden Isn’t The First President To Consider Diversity When Picking A SCOTUS Nominee. What constitutes diversity has changed over time, but presidents always looked to balance the Supreme Court to reflect the broader nation."
news-2022-1226,2/5/22,2022,Engaged Hockey Star And Bobsledder Reunite At Winter Olympics — After 3 Months Apart,Blayre Turnbull and Ryan Sommer finally saw each other at the Beijing 2022 opening ceremony.,Ron Dicker,https://www.huffpost.com/entry/blayre-turnbull-ryan-sommer-engaged-opening-ceremony_n_61fe4f4de4b0725faaca7235,Engaged Hockey Star And Bobsledder Reunite At Winter Olympics — After 3 Months Apart. Blayre Turnbull and Ryan Sommer finally saw each other at the Beijing 2022 opening ceremony.
news-2022-1227,2/5/22,2022,Minneapolis Mayor Issues Moratorium On No-Knock Entries After Police Killing Of Amir Locke,"The parents of Locke, a 22-year-old Black man, say he was “executed” after he was startled from a deep sleep and reached for a legal firearm for protection.","STEVE KARNOWSKI and AMY FORLITI, AP",https://www.huffpost.com/entry/amir-locke-killing-moratorium-no-knock-entries_n_61fe70a3e4b0b69cfe8f7dfd,"Minneapolis Mayor Issues Moratorium On No-Knock Entries After Police Killing Of Amir Locke. The parents of Locke, a 22-year-old Black man, say he was “executed” after he was startled from a deep sleep and reached for a legal firearm for protection."
news-2022-1228,2/5/22,2022,Shaun White Confirms Beijing 2022 Is His Last Ever Contest,"“In my mind, I’ve decided this will be my last competition,"" the 35-year-old U.S. snowboarder said of his fifth and final Winter Olympics.","EDDIE PELLS, AP",https://www.huffpost.com/entry/shaun-white-winter-olympics-last-ride_n_61fe5553e4b0f8a1b844c8bf,"Shaun White Confirms Beijing 2022 Is His Last Ever Contest. “In my mind, I’ve decided this will be my last competition,"" the 35-year-old U.S. snowboarder said of his fifth and final Winter Olympics."
news-2022-1229,2/5/22,2022,"Shooting At Virginia Hookah Bar Leaves 1 Dead, 4 Injured: Police",Cops responded to reports of gunfire at the Melody Hookah Lounge in Blacksburg just before midnight.,,https://www.huffpost.com/entry/shooting-melody-hookah-lounge-bar_n_61fe6557e4b05004242dbd4b,"Shooting At Virginia Hookah Bar Leaves 1 Dead, 4 Injured: Police. Cops responded to reports of gunfire at the Melody Hookah Lounge in Blacksburg just before midnight."
news-2022-1230,2/4/22,2022,"2 Of Ahmaud Arbery’s Killers Withdraw Guilty Pleas, Will Face Federal Hate Crime Trial",Travis and Gregory McMichael saw their plea deals tossed by a federal judge earlier this week after Arbery’s family objected.,Phillip Jackson,https://www.huffpost.com/entry/ahmaud-arbery-hate-crime-trial-mcmichaels_n_61fd5e6de4b0f8a1b843f14a,"2 Of Ahmaud Arbery’s Killers Withdraw Guilty Pleas, Will Face Federal Hate Crime Trial. Travis and Gregory McMichael saw their plea deals tossed by a federal judge earlier this week after Arbery’s family objected."
news-2022-1231,2/4/22,2022,Channing Tatum Says He's Too 'Traumatized' To Watch Any Marvel Movies,"“I shut off my Marvel machine. I haven’t been able to see any of the movies,"" Tatum told Variety.",David Moye,https://www.huffpost.com/entry/channing-tatum-traumatized-marvel-movies-gambit_n_61fd56ebe4b05004242cc865,"Channing Tatum Says He's Too 'Traumatized' To Watch Any Marvel Movies. “I shut off my Marvel machine. I haven’t been able to see any of the movies,"" Tatum told Variety."
news-2022-1232,2/4/22,2022,Nathan Chen Brings His A-Game In First Skate At Beijing Winter Olympics,The American figure skating star's personal best short program helped the U.S. take the lead in the team competition.,Ron Dicker,https://www.huffpost.com/entry/nathan-chen-first-skate-team-competition_n_61fcf829e4b06abdc42e7d0b,Nathan Chen Brings His A-Game In First Skate At Beijing Winter Olympics. The American figure skating star's personal best short program helped the U.S. take the lead in the team competition.
news-2022-1233,2/4/22,2022,People Are Obsessed With 1 Part Of The Canada Winter Olympic Team's Outfit,"""They're ridiculous and I'm obsessed,"" one fan wrote on Twitter.",Lee Moran,https://www.huffpost.com/entry/canada-olympic-team-outfit-2022_n_61fd1debe4b0725faac8d75f,"People Are Obsessed With 1 Part Of The Canada Winter Olympic Team's Outfit. ""They're ridiculous and I'm obsessed,"" one fan wrote on Twitter."
news-2022-1234,2/4/22,2022,Team USA & Team Russia Skaters Narrowly Avoid A Collision At Olympics Warmups,Talk about a chilly reception.,Carly Ledbetter,https://www.huffpost.com/entry/usa-russia-ice-skating-collision-olympics-warmup_n_61fd5314e4b0b69cfe8e793e,Team USA & Team Russia Skaters Narrowly Avoid A Collision At Olympics Warmups. Talk about a chilly reception.
news-2022-1235,2/4/22,2022,U.S. Skier River Radamus Posts Sweet Message To His Mom As 2022 Olympics Kick Off,"Momma, he made it.",Carly Ledbetter,https://www.huffpost.com/entry/river-radamus-skier-olympics-mother_n_61fd41cae4b05004242c865a,"U.S. Skier River Radamus Posts Sweet Message To His Mom As 2022 Olympics Kick Off. Momma, he made it."
news-2022-1236,2/3/22,2022,Conservative Pundit Warns Just How Unhinged A Second Donald Trump Presidency Could Be,"Charlie Sykes explained why “we may look back” on Donald Trump’s first term “with a certain sense of nostalgia.""",Lee Moran,https://www.huffpost.com/entry/charlie-sykes-trump-20-warning_n_61fb8cb4e4b0c7df9746b648,"Conservative Pundit Warns Just How Unhinged A Second Donald Trump Presidency Could Be. Charlie Sykes explained why “we may look back” on Donald Trump’s first term “with a certain sense of nostalgia."""
news-2022-1237,2/3/22,2022,How To Salvage Your Vacation If It Rains Most Of The Time,Travel experts share their advice for finding the bright side of gloomy vacation weather.,Caroline Bologna,https://www.huffpost.com/entry/how-to-make-rainy-vacations-enjoyable_l_61f2070fe4b04f9a12b881c4,How To Salvage Your Vacation If It Rains Most Of The Time. Travel experts share their advice for finding the bright side of gloomy vacation weather.
news-2022-1238,2/3/22,2022,Olympian Released From Beijing Isolation Facility After Emotional Video Plea,"When the ambulance that Belgian skeleton racer Kim Meylemans thought was taking her to the Olympic village drove past it, panic set in.","TIM REYNOLDS, AP",https://www.huffpost.com/entry/winter-olympics-skeleton-isolation_n_61fbba94e4b0b69cfe8a9c8a,"Olympian Released From Beijing Isolation Facility After Emotional Video Plea. When the ambulance that Belgian skeleton racer Kim Meylemans thought was taking her to the Olympic village drove past it, panic set in."
news-2022-1239,2/3/22,2022,Tucker Carlson Launches Ugly Attack On Meghan Markle And Prince Harry,The Fox News personality slammed the royal couple's criticism of COVID misinformation on Spotify amid the Joe Rogan controversy.,Lee Moran,https://www.huffpost.com/entry/tucker-carlson-meghan-markle-prince-harry_n_61fb8314e4b02136b6f0039b,Tucker Carlson Launches Ugly Attack On Meghan Markle And Prince Harry. The Fox News personality slammed the royal couple's criticism of COVID misinformation on Spotify amid the Joe Rogan controversy.
news-2022-1240,2/3/22,2022,Willie Garson's 'And Just Like That' Storyline Was 'Probably' Going To Include A Divorce,"Before the ""Sex and the City"" star's death, he was originally supposed to appear in all 10 episodes of the new reboot.",Carly Ledbetter,https://www.huffpost.com/entry/willie-garson-and-just-like-that-storyline_n_61fbf977e4b050042429b8a6,"Willie Garson's 'And Just Like That' Storyline Was 'Probably' Going To Include A Divorce. Before the ""Sex and the City"" star's death, he was originally supposed to appear in all 10 episodes of the new reboot."
news-2022-1241,2/2/22,2022,Biden Aims To Reduce Cancer Deaths By 50% Over Next 25 Years,President Joe Biden set a new goal for the “moonshot” initiative against cancer that was announced in 2016 when he was vice president.,"JOSH BOAK, AP",https://www.huffpost.com/entry/bc-us-biden-cancer-initiative_n_61fa5e08e4b0c7df974476ea,Biden Aims To Reduce Cancer Deaths By 50% Over Next 25 Years. President Joe Biden set a new goal for the “moonshot” initiative against cancer that was announced in 2016 when he was vice president.
news-2022-1242,2/2/22,2022,GOP Rep Slams Sen. Josh Hawley As 'One Of The Worst Human Beings',"Adam Kinzinger of Illinois also called the Missouri senator a self-aggrandizing ""con artist.”",David Moye,https://www.huffpost.com/entry/adam-kinzinger-josh-hawley-worst-human-being_n_61fad1a8e4b084213da2b1c6,"GOP Rep Slams Sen. Josh Hawley As 'One Of The Worst Human Beings'. Adam Kinzinger of Illinois also called the Missouri senator a self-aggrandizing ""con artist.”"
news-2022-1243,2/2/22,2022,Meet The First Nonbinary U.S. Athlete To Compete In Winter Olympics,"“It’s been a really long journey for me, embracing my gender,” pairs skater Timothy LeDuc said.",,https://www.huffpost.com/entry/timothy-leduc-nonbinary-winter-olympics_n_61fa7873e4b06abdc4293fc5,"Meet The First Nonbinary U.S. Athlete To Compete In Winter Olympics. “It’s been a really long journey for me, embracing my gender,” pairs skater Timothy LeDuc said."
news-2022-1244,2/2/22,2022,Queen Elizabeth's Jubilee Merch Has A 'Slight Typo Mistake' And It's A Hoot,"The description for the whole lot of mugs, plates and tea sets cheekily suggests that the buyer “Take-up plate spinning as a hobby.”",Carly Ledbetter,https://www.huffpost.com/entry/queen-elizabeths-new-jubilee-memorabilia-royal-fail-for-a-typo_n_61fa963ae4b0c7df9744eeb6,"Queen Elizabeth's Jubilee Merch Has A 'Slight Typo Mistake' And It's A Hoot. The description for the whole lot of mugs, plates and tea sets cheekily suggests that the buyer “Take-up plate spinning as a hobby.”"
news-2022-1245,2/2/22,2022,Tucker Carlson Reportedly Donated To Marjorie Taylor Greene's Reelection Campaign,An FEC filing dated Sept. 15 shows the Greene for Congress PAC received a $250 donation from a “Tucker Carlson” who lists Fox News as their employer.,David Moye,https://www.huffpost.com/entry/tucker-carlson-donation-marjorie-taylor-greene-rifle_n_61f9be0ce4b02136b6ed215d,Tucker Carlson Reportedly Donated To Marjorie Taylor Greene's Reelection Campaign. An FEC filing dated Sept. 15 shows the Greene for Congress PAC received a $250 donation from a “Tucker Carlson” who lists Fox News as their employer.
news-2022-1246,2/1/22,2022,Liz Cheney: Trump’s Latest Jan. 6 Comments Show He ‘Would Do This All Again’,"The Wyoming Republican spoke on ""NBC Nightly News"" about the former president's remarks this weekend, including his pledge to pardon insurrectionists.",Sanjana Karanth,https://www.huffpost.com/entry/liz-cheney-trump-comments-jan-6_n_61f88aade4b0061af2630e7b,"Liz Cheney: Trump’s Latest Jan. 6 Comments Show He ‘Would Do This All Again’. The Wyoming Republican spoke on ""NBC Nightly News"" about the former president's remarks this weekend, including his pledge to pardon insurrectionists."
news-2022-1247,2/1/22,2022,Native American Tribes Reach $590 Million Settlement Over Opioids,One study cited in the settlement found that Native Americans have had the highest per capita rate of opioid overdose of any population group in 2015.,,https://www.huffpost.com/entry/tribal-opioid-settlements-johnsonjohnson_n_61f98331e4b04f9a12c34cf5,Native American Tribes Reach $590 Million Settlement Over Opioids. One study cited in the settlement found that Native Americans have had the highest per capita rate of opioid overdose of any population group in 2015.
news-2022-1248,2/1/22,2022,"Sen. Ben Ray Luján Suffers Stroke, Expected To Make 'Full Recovery'",The New Mexico Democrat was hospitalized last week when he began to experience dizziness and fatigue.,"Farnoush Amiri, AP",https://www.huffpost.com/entry/ben-ray-lujan-stroke-hospitalized_n_61f9a9e7e4b0c7df9743a6e2,"Sen. Ben Ray Luján Suffers Stroke, Expected To Make 'Full Recovery'. The New Mexico Democrat was hospitalized last week when he began to experience dizziness and fatigue."
news-2022-1249,1/31/22,2022,4 Toxic Ways Doctors Dismiss Their Patients' Concerns,"If you encounter one of these scenarios at an appointment, here's how to advocate for yourself.",Ashleigh Rae-Thomas,https://www.huffpost.com/entry/doctors-dismiss-patient-concerns_l_61f47183e4b02de5f519197b,"4 Toxic Ways Doctors Dismiss Their Patients' Concerns. If you encounter one of these scenarios at an appointment, here's how to advocate for yourself."
news-2022-1250,1/31/22,2022,Bill Cosby Asks Supreme Court Not To Revive Sexual Assault Case,"The 84-year-old actor and comedian has been free since June, when a Pennsylvania appeals court overturned his conviction and released him from prison after nearly three years.","Maryclaire Dale, AP",https://www.huffpost.com/entry/bill-cosby-supreme-court-dont-revive-sexual-assault_n_61f87488e4b067cbfa2105fe,"Bill Cosby Asks Supreme Court Not To Revive Sexual Assault Case. The 84-year-old actor and comedian has been free since June, when a Pennsylvania appeals court overturned his conviction and released him from prison after nearly three years."
news-2022-1251,1/31/22,2022,Federal Judge Rejects Plea Deal For Man Who Killed Ahmaud Arbery After Family Outrage,"The judge said she would reject an agreement for another of the men if it were brought to her. Arbery's mother called the deals a ""betrayal.""",Phillip Jackson,https://www.huffpost.com/entry/ahmaud-arbery-plea-deal-federal-trial_n_61f80e8ce4b067cbfa2056eb,"Federal Judge Rejects Plea Deal For Man Who Killed Ahmaud Arbery After Family Outrage. The judge said she would reject an agreement for another of the men if it were brought to her. Arbery's mother called the deals a ""betrayal."""
news-2022-1252,1/31/22,2022,Imani Black Is Creating A Global Network Of Badass Minority Women,This young woman honors her community’s generational contributions to the aquaculture industry while breaking gender and race barriers.,Carrie Honaker,https://www.huffpost.com/entry/imani-black_l_61eacc6ae4b01440a68b1a8b,Imani Black Is Creating A Global Network Of Badass Minority Women. This young woman honors her community’s generational contributions to the aquaculture industry while breaking gender and race barriers.
news-2022-1253,1/31/22,2022,Joe Burrow Blasted For 'Distasteful' Joke About His Diamond Necklace,The Cincinnati Bengals quarterback took flak for lighthearted swagger after he led his team to a win over Kansas City and a berth in the Super Bowl.,Ron Dicker,https://www.huffpost.com/entry/joe-burrow-diamond-necklace_n_61f7e285e4b0061af261b46b,Joe Burrow Blasted For 'Distasteful' Joke About His Diamond Necklace. The Cincinnati Bengals quarterback took flak for lighthearted swagger after he led his team to a win over Kansas City and a berth in the Super Bowl.
news-2022-1254,1/31/22,2022,What It's Like To Be A Black Chef Running A Halal Soul Food Restaurant,"Fanerra Dupree, co-owner of Black Nile, says, ""Sometimes we're not Black American enough and sometimes not Muslim enough.""",Anna Rahmanan,https://www.huffpost.com/entry/fanerra-dupree_l_61eaca68e4b086341a33f6f6,"What It's Like To Be A Black Chef Running A Halal Soul Food Restaurant. Fanerra Dupree, co-owner of Black Nile, says, ""Sometimes we're not Black American enough and sometimes not Muslim enough."""
news-2022-1255,1/30/22,2022,7 Happiness Hacks You Can Do On A Commute,Try these tips the next time you're en route to a destination and feel your mood lift ASAP.,Anika Nayak,https://www.huffpost.com/entry/happiness-tips-commute_l_61f45c77e4b01d3f299b47e8,7 Happiness Hacks You Can Do On A Commute. Try these tips the next time you're en route to a destination and feel your mood lift ASAP.
news-2022-1256,1/30/22,2022,"Howard Hesseman, Star Of ‘WKRP In Cincinnati,’ Dies At 81",The two-time Emmy nominee played the radio disc jockey Johnny Fever on the sitcom “WKRP in Cincinnati.”,"Jake Coyle, AP",https://www.huffpost.com/entry/howard-hesseman-star-of-wkrp-in-cincinnati-dies-at-81_n_61f6ee87e4b094ce54ac1e30,"Howard Hesseman, Star Of ‘WKRP In Cincinnati,’ Dies At 81. The two-time Emmy nominee played the radio disc jockey Johnny Fever on the sitcom “WKRP in Cincinnati.”"
news-2022-1257,1/30/22,2022,North Korea Tests Longest-Range Missile Since 2017,North Korea has fired what appeared to be the most powerful missile it has tested since President Joe Biden took office.,"KIM TONG-HYUNG and MARI YAMAGUCHI, AP",https://www.huffpost.com/entry/north-korea-long-range-missile_n_61f70501e4b02de5f51a8f66,North Korea Tests Longest-Range Missile Since 2017. North Korea has fired what appeared to be the most powerful missile it has tested since President Joe Biden took office.
news-2022-1258,1/30/22,2022,Rafael Nadal Wins Australian Open For Record 21st Major Title,"The 35-year-old Spaniard now has one more major title than Roger Federer and Novak Djokovic, his long-time rivals in the so-called Big Three.","John Pye, AP",https://www.huffpost.com/entry/rafael-nadal-wins-australian-open-tennis_n_61f6aacae4b0061af2603fbd,"Rafael Nadal Wins Australian Open For Record 21st Major Title. The 35-year-old Spaniard now has one more major title than Roger Federer and Novak Djokovic, his long-time rivals in the so-called Big Three."
news-2022-1259,1/30/22,2022,U.S. And Russia Square Off At UN Security Council,The U.S. is working to ramp up diplomatic and financial pressure on Russia over Ukraine.,"Edith M. Lederer, AP",https://www.huffpost.com/entry/russia-ukraine-us-pledge_n_61f70401e4b02de5f51a8eb3,U.S. And Russia Square Off At UN Security Council. The U.S. is working to ramp up diplomatic and financial pressure on Russia over Ukraine.
news-2022-1260,1/30/22,2022,University Of Nebraska Changes Mascot's Hand Signal To Avoid White Supremacy Gesture,Herbie Husker cleans up his act.,Mary Papenfuss,https://www.huffpost.com/entry/herbie-husker-ok-white-supremacist-change_n_61f60e59e4b02de5f51a0cf2,University Of Nebraska Changes Mascot's Hand Signal To Avoid White Supremacy Gesture. Herbie Husker cleans up his act.
news-2022-1261,1/29/22,2022,Candace Owens Pitches A Fit Over Minnie Mouse Wearing Pants,"The character's temporary makeover threatens to destroy ""fabrics of our society,"" the right-wing media mouth said.",Mary Papenfuss,https://www.huffpost.com/entry/candace-owens-fox-minnie-mouse-pantsuit_n_61f46b97e4b04f9a12bd561f,"Candace Owens Pitches A Fit Over Minnie Mouse Wearing Pants. The character's temporary makeover threatens to destroy ""fabrics of our society,"" the right-wing media mouth said."
news-2022-1262,1/29/22,2022,Ex-GOP Rep. Suggests Dangerous 'Wedge Issue' Between Donald Trump And Ron DeSantis,Former Florida Republican David Jolly slammed the “pandemic of lunacy that is infecting” the GOP.,Lee Moran,https://www.huffpost.com/entry/donald-trump-ron-desantis-wedge-issue_n_61f4fdbee4b02de5f5195041,Ex-GOP Rep. Suggests Dangerous 'Wedge Issue' Between Donald Trump And Ron DeSantis. Former Florida Republican David Jolly slammed the “pandemic of lunacy that is infecting” the GOP.
news-2022-1263,1/29/22,2022,Funeral Held In Vietnam For Renowned Monk Thich Nhat Hanh,The activist died at the age of 95 in central Vietnam.,"Hau Dinh, AP",https://www.huffpost.com/entry/ap-as-vietnam-thich-nhat-hanh_n_61f592f8e4b02de5f519ba58,Funeral Held In Vietnam For Renowned Monk Thich Nhat Hanh. The activist died at the age of 95 in central Vietnam.
news-2022-1264,1/29/22,2022,Joni Mitchell Yanks Music From Spotify To Back Neil Young Over Joe Rogan's COVID Lies,"“Irresponsible people are spreading lies that are costing people their lives. I stand in solidarity with Neil Young,"" the singer said.",Mary Papenfuss,https://www.huffpost.com/entry/joni-mitchell-neil-young-spotify-joe-rogan-covid-lies_n_61f4b105e4b094ce54aad1dc,"Joni Mitchell Yanks Music From Spotify To Back Neil Young Over Joe Rogan's COVID Lies. “Irresponsible people are spreading lies that are costing people their lives. I stand in solidarity with Neil Young,"" the singer said."
news-2022-1265,1/29/22,2022,Winter Olympics Mascots Through The Years,"Bing Dwen Dwen the panda is the official mascot for the 2022 Beijing Olympics, but there were plenty before.","The Associated Press, AP",https://www.huffpost.com/entry/winter-olympics-mascots_n_61f5406fe4b02de5f5196f98,"Winter Olympics Mascots Through The Years. Bing Dwen Dwen the panda is the official mascot for the 2022 Beijing Olympics, but there were plenty before."
news-2022-1266,1/28/22,2022,A Hard-Right Republican And A Progressive Debated. It Went As Well As You'd Expect.,"Josh Mandel and Morgan Harper, running for Senate from opposite ends of the political spectrum, debated in Columbus. A moment for consensus it was not.",Liz Skalka,https://www.huffpost.com/entry/josh-mandel-morgan-harper-debate-ohio_n_61f2d761e4b0061af25c1d08,"A Hard-Right Republican And A Progressive Debated. It Went As Well As You'd Expect.. Josh Mandel and Morgan Harper, running for Senate from opposite ends of the political spectrum, debated in Columbus. A moment for consensus it was not."
news-2022-1267,1/28/22,2022,Democratic Candidate Evokes Slain Journalist Daughter As His ‘Running Mate’ In Powerful Ad,"Andy Parker hailed WDBJ journalist Alison Parker, who was killed on-air in 2015, as his inspiration ""to take a stand"" in the spot launching a run for Congress.",Lee Moran,https://www.huffpost.com/entry/andy-parker-candidate-video_n_61f3ce1fe4b02de5f517c556,"Democratic Candidate Evokes Slain Journalist Daughter As His ‘Running Mate’ In Powerful Ad. Andy Parker hailed WDBJ journalist Alison Parker, who was killed on-air in 2015, as his inspiration ""to take a stand"" in the spot launching a run for Congress."
news-2022-1268,1/28/22,2022,Prince Andrew Gives Up Membership Of Prestigious Golf Club,"The golf club announced the move Friday, two weeks after Andrew was stripped of his honorary military titles and roles with charitable organizations.",,https://www.huffpost.com/entry/prince-andrew-gives-up-membership-of-prestigious-golf-club_n_61f42ee1e4b094ce54aa65c7,"Prince Andrew Gives Up Membership Of Prestigious Golf Club. The golf club announced the move Friday, two weeks after Andrew was stripped of his honorary military titles and roles with charitable organizations."
news-2022-1269,1/28/22,2022,Sen. Ron Johnson Is Betting On Conspiracy Theories For Reelection,Wisconsin's Republican senator is a COVID-19 truther in a swing state.,Tara Golshan,https://www.huffpost.com/entry/ron-johnson-covid-conspiracy-wisconsin-reelection_n_61f40327e4b0061af25e4877,Sen. Ron Johnson Is Betting On Conspiracy Theories For Reelection. Wisconsin's Republican senator is a COVID-19 truther in a swing state.
news-2022-1270,1/28/22,2022,‘Quick Reaction Forces’ And The Lingering Mysteries Of The Plot Against The Capitol,"The Oath Keeper “QRFs” show how things could have been a lot worse, and how much more there is to learn.",Ryan J. Reilly,https://www.huffpost.com/entry/quick-reaction-forces-qrf-oath-keepers-capitol-attack_n_61f2d986e4b02de5f51634bd,"‘Quick Reaction Forces’ And The Lingering Mysteries Of The Plot Against The Capitol. The Oath Keeper “QRFs” show how things could have been a lot worse, and how much more there is to learn."
news-2022-1271,1/27/22,2022,Ed Sheeran On 'The Best Thing' That Comes From Not Having A Phone,"The ""Bad Habits"" singer developed some, well, bad habits with his mobile device.",Carly Ledbetter,https://www.huffpost.com/entry/ed-sheeran-best-thing-not-having-a-phone_n_61f2c32de4b04f9a12ba43b9,"Ed Sheeran On 'The Best Thing' That Comes From Not Having A Phone. The ""Bad Habits"" singer developed some, well, bad habits with his mobile device."
news-2022-1272,1/27/22,2022,Florida's 'Don't Say Gay' Bill Aims To Limit LGBTQ Discussions In Schools,"Opponents say the GOP-backed law would harm LGBTQ families and make teachers ""fearful of providing a safe, inclusive classroom.”","ANTHONY IZAGUIRRE and LINDSAY WHITEHURST, AP",https://www.huffpost.com/entry/florida-dont-say-gay-lgbtq-rights-bill_n_61f30f40e4b094ce54a8233c,"Florida's 'Don't Say Gay' Bill Aims To Limit LGBTQ Discussions In Schools. Opponents say the GOP-backed law would harm LGBTQ families and make teachers ""fearful of providing a safe, inclusive classroom.”"
news-2022-1273,1/27/22,2022,Newly Restored Pink Floyd Footage Shows The Band At A Haunting Turning Point,"This 1967 footage from ""American Bandstand"" was recorded just two months before cofounder Syd Barrett's final appearance with the band.",Ed Mazza,https://www.huffpost.com/entry/pink-floyd-apples-and-oranges_n_61ee584ae4b0b7eb1cd7110d,"Newly Restored Pink Floyd Footage Shows The Band At A Haunting Turning Point. This 1967 footage from ""American Bandstand"" was recorded just two months before cofounder Syd Barrett's final appearance with the band."
news-2022-1274,1/27/22,2022,Sen. Ron Johnson's Latest COVID Conspiracy: Athletes 'Dropping Dead' From Vaccines,First things first: They’re not.,Tara Golshan,https://www.huffpost.com/entry/ron-johnson-covid-19-conspiracy_n_61f3129ae4b067cbfa1a7b7e,Sen. Ron Johnson's Latest COVID Conspiracy: Athletes 'Dropping Dead' From Vaccines. First things first: They’re not.
news-2022-1275,1/27/22,2022,The Essential Items Doctors Never Travel Without,"From eye masks to neck pillows, here's what health experts keep in their bags when they take a trip.",Anika Nayak,https://www.huffpost.com/entry/items-doctors-never-travel-without_l_61f1817ce4b067cbfa176a0b,"The Essential Items Doctors Never Travel Without. From eye masks to neck pillows, here's what health experts keep in their bags when they take a trip."
news-2022-1276,1/26/22,2022,Anatomy Of A GOP Non-Scandal,A call to a radio show from a Virginia parent spread to top conservative pundits — but it quickly turned into a bad game of telephone.,Liz Skalka,https://www.huffpost.com/entry/loudoun-county-mask-mandate-school-board_n_61f06206e4b0061af25712da,Anatomy Of A GOP Non-Scandal. A call to a radio show from a Virginia parent spread to top conservative pundits — but it quickly turned into a bad game of telephone.
news-2022-1277,1/26/22,2022,Eric Trump's Oblivious Boast About His Father Gets A Brutal Fact-Check,The former president's son received a quick reminder about his father.,Ed Mazza,https://www.huffpost.com/entry/eric-trump-work_n_61f0f9e5e4b094ce54a38a64,Eric Trump's Oblivious Boast About His Father Gets A Brutal Fact-Check. The former president's son received a quick reminder about his father.
news-2022-1278,1/26/22,2022,"In Quirky PSA, Lea DeLaria Says She’s Not Che Diaz In 'And Just Like That'","The ""Orange Is the New Black"" actor made it hilariously clear she has no connection to Sara Ramírez's divisive ""Sex and the City"" revival character.",Curtis M. Wong,https://www.huffpost.com/entry/lea-delaria-che-diaz-and-just-like-that_n_61f19ff6e4b04f9a12b802c5,"In Quirky PSA, Lea DeLaria Says She’s Not Che Diaz In 'And Just Like That'. The ""Orange Is the New Black"" actor made it hilariously clear she has no connection to Sara Ramírez's divisive ""Sex and the City"" revival character."
news-2022-1279,1/26/22,2022,Stephen Colbert Uses ‘Russian Stooge’ Tucker Carlson’s Own Words Against Him,"""The Late Show"" host taunted the right-wing talker for ""an argument so dumb.""",Ed Mazza,https://www.huffpost.com/entry/stephen-colbert-tucker-carlson-russia_n_61f0dfe7e4b094ce54a36b81,"Stephen Colbert Uses ‘Russian Stooge’ Tucker Carlson’s Own Words Against Him. ""The Late Show"" host taunted the right-wing talker for ""an argument so dumb."""
news-2022-1280,1/26/22,2022,There Will Be No Natural Snow At The Winter Olympics In Beijing,Take 49 million gallons of water. Add air and mix thoroughly. Spray where ski area should go.,Ryan Grenoble,https://www.huffpost.com/entry/beijing-winter-olympics-fake-snow_n_61f170dbe4b067cbfa172aaf,There Will Be No Natural Snow At The Winter Olympics In Beijing. Take 49 million gallons of water. Add air and mix thoroughly. Spray where ski area should go.
news-2022-1281,1/26/22,2022,Trouble For Trump? Jimmy Kimmel Spots An Ominous Sign For The Former President,The late-night host finds a survey the former guy almost certainly won't like.,Ed Mazza,https://www.huffpost.com/entry/jimmy-kimmel-trump-survey_n_61f0d3dfe4b094ce54a3628a,Trouble For Trump? Jimmy Kimmel Spots An Ominous Sign For The Former President. The late-night host finds a survey the former guy almost certainly won't like.
news-2022-1282,1/25/22,2022,Florida Sen. Rick Scott Touts Infrastructure Funding He Voted Against,"The Florida Republican railed against the ""reckless spending"" contained in the measure, which passed with wide bipartisan support last year.",Igor Bobic,https://www.huffpost.com/entry/infrastructure-republicans-rick-scott-voted_n_61f05d65e4b02de5f51120c7,"Florida Sen. Rick Scott Touts Infrastructure Funding He Voted Against. The Florida Republican railed against the ""reckless spending"" contained in the measure, which passed with wide bipartisan support last year."
news-2022-1283,1/25/22,2022,Overwhelmed By COVID News? Here's What To Monitor And What To Skip.,"If your mental health is wrecked from reading pandemic headlines for two years, take back some control by following this guide.",Anika Nayak,https://www.huffpost.com/entry/covid-news-what-to-monitor-and-skip_l_61eef632e4b010a5a233d434,"Overwhelmed By COVID News? Here's What To Monitor And What To Skip.. If your mental health is wrecked from reading pandemic headlines for two years, take back some control by following this guide."
news-2022-1284,1/25/22,2022,Queen Latifah Breaks Silence On Chris Noth's Firing After Sexual Assault Allegations,"Noth was dropped from CBS's ""The Equalizer"" after multiple women came forward with allegations of sexual assault against him.",Cole Delbyck,https://www.huffpost.com/entry/queen-latifah-breaks-silence-chris-noths-firing-and-sexual-assault-allegations_n_61f02d66e4b01d3f2992ec08,"Queen Latifah Breaks Silence On Chris Noth's Firing After Sexual Assault Allegations. Noth was dropped from CBS's ""The Equalizer"" after multiple women came forward with allegations of sexual assault against him."
news-2022-1285,1/25/22,2022,Whoopi Goldberg Slams Bill Maher’s ‘Flippant’ COVID-19 Commentary,"The ""View"" co-host said the ""Real Time"" comedian's gags were ""not really funny to people who have lost their kids"" to the coronavirus.",Lee Moran,https://www.huffpost.com/entry/whoopi-goldberg-bill-maher-covid-19_n_61efc058e4b05788adbf11b6,"Whoopi Goldberg Slams Bill Maher’s ‘Flippant’ COVID-19 Commentary. The ""View"" co-host said the ""Real Time"" comedian's gags were ""not really funny to people who have lost their kids"" to the coronavirus."
news-2022-1286,1/25/22,2022,"Yes, Taylor Swift Writes Her Own Songs","When fellow musician Damon Albarn tried to say otherwise, the singer-songwriter put him in his place.",Lydia O'Connor,https://www.huffpost.com/entry/taylor-swift-songwriter_n_61ef30ece4b03add23fd5b71,"Yes, Taylor Swift Writes Her Own Songs. When fellow musician Damon Albarn tried to say otherwise, the singer-songwriter put him in his place."
news-2022-1287,1/24/22,2022,Aaron Rodgers Rips Joe Biden And 'Fake White House' In Anti-Vax Rant,The Green Bay Packers quarterback also seemed to question the 2020 election.,Ron Dicker,https://www.huffpost.com/entry/aaron-rodgers-joe-biden_n_61ee8b66e4b03c2b084cbb5d,Aaron Rodgers Rips Joe Biden And 'Fake White House' In Anti-Vax Rant. The Green Bay Packers quarterback also seemed to question the 2020 election.
news-2022-1288,1/24/22,2022,Meat Loaf's Wife Describes 'Gut-Wrenching' Grief After Husband's Death,The “Bat Out of Hell” singer died last week at the age of 74.,Carly Ledbetter,https://www.huffpost.com/entry/meat-loaf-wife-gut-wrenching-grief_n_61eecabfe4b0b7eb1cd85064,Meat Loaf's Wife Describes 'Gut-Wrenching' Grief After Husband's Death. The “Bat Out of Hell” singer died last week at the age of 74.
news-2022-1289,1/24/22,2022,"Stocks Climb Back After Steep Slide On Fed, Ukraine Jitters","Stocks notched modest gains after climbing back from a steep slide that had knocked more than 1,200 points off the Dow Jones Industrial Average.","DAMIAN J. TROISE and ALEX VEIGA, AP",https://www.huffpost.com/entry/dow-drops-financial-markets_n_61eeed38e4b05788adbdb734,"Stocks Climb Back After Steep Slide On Fed, Ukraine Jitters. Stocks notched modest gains after climbing back from a steep slide that had knocked more than 1,200 points off the Dow Jones Industrial Average."
news-2022-1290,1/24/22,2022,Tom Brady Bleeds In Playoff Defeat And Twitter's Sharks Come For Him,"The Tampa Bay Buccaneers quarterback got his first unsportsmanlike penalty and a bloody lip after bragging that refs let him ""talk smack.""",Ron Dicker,https://www.huffpost.com/entry/tom-brady-blood-unsportsmanlike-conduct-penalty_n_61ee7e06e4b03216750d2906,"Tom Brady Bleeds In Playoff Defeat And Twitter's Sharks Come For Him. The Tampa Bay Buccaneers quarterback got his first unsportsmanlike penalty and a bloody lip after bragging that refs let him ""talk smack."""
news-2022-1291,1/24/22,2022,What's The Best Form Of Collagen: Beauty Products Or Supplements?,Or perhaps nothing at all? Dermatologists share what they really think about all those collagen-promoting products.,Julie Kendrick,https://www.huffpost.com/entry/whats-best-form-of-collagen-supplements-or-beauty_l_61e72cb7e4b0d8b66571994b,What's The Best Form Of Collagen: Beauty Products Or Supplements?. Or perhaps nothing at all? Dermatologists share what they really think about all those collagen-promoting products.
news-2022-1292,1/23/22,2022,'SNL' Spoofs Ferry Purchase By Pete Davidson And Colin Jost,"Suggestive sketch suddenly includes ""Three Guys Who Just Bought a Boat.""",Mary Papenfuss,https://www.huffpost.com/entry/pete-davidson-colin-jost-weekend-update-guys-bought-boat_n_61ecfb6de4b0239579461cf9,"'SNL' Spoofs Ferry Purchase By Pete Davidson And Colin Jost. Suggestive sketch suddenly includes ""Three Guys Who Just Bought a Boat."""
news-2022-1293,1/23/22,2022,100 Millionaires And Billionaires Sign Open Letter Pleading For Higher Taxes,"""Tax us, the rich, and tax us now,"" said the letter. Otherwise, there will be ""pitchforks"" over the injustice, they warned.",Mary Papenfuss,https://www.huffpost.com/entry/patriotic-millionaires-more-taxes-injustice-letter_n_61ecbfb2e4b03216750b98a6,"100 Millionaires And Billionaires Sign Open Letter Pleading For Higher Taxes. ""Tax us, the rich, and tax us now,"" said the letter. Otherwise, there will be ""pitchforks"" over the injustice, they warned."
news-2022-1294,1/23/22,2022,Beijing District Orders Mass Virus Testing Ahead Of Olympics,The order by the district with some 2 million residents follows a series of infections as China tightens anti-disease controls before hosting the Winter Olympics.,,https://www.huffpost.com/entry/covid-virus-outbreak-china-beijing-testing-olympics_n_61ed80d6e4b0b7eb1cd66bc3,Beijing District Orders Mass Virus Testing Ahead Of Olympics. The order by the district with some 2 million residents follows a series of infections as China tightens anti-disease controls before hosting the Winter Olympics.
news-2022-1295,1/23/22,2022,Taxpayers Face Overloaded IRS As Filing Season Opens Monday,"With tax filing season starting Monday, U.S. taxpayers can expect the task to be more cumbersome than usual this year.","Fatima Hussein, AP",https://www.huffpost.com/entry/tax-filing-season-overloaded-irs_n_61ed7ed1e4b04db85c845c2c,"Taxpayers Face Overloaded IRS As Filing Season Opens Monday. With tax filing season starting Monday, U.S. taxpayers can expect the task to be more cumbersome than usual this year."
news-2022-1296,1/22/22,2022,30 Weird Valentine's Gifts Your Sweetheart Will Be Sweet On,"Whether it’s a one-pound chocolate lobster, a booby-shaped pillow or a baloney face mask, your Valentine will sure get a “heart on” for all these products.",David Moye,https://www.huffpost.com/entry/weird-valentines-day-gifts-2022_n_61eae4fbe4b023957944b8a3,"30 Weird Valentine's Gifts Your Sweetheart Will Be Sweet On. Whether it’s a one-pound chocolate lobster, a booby-shaped pillow or a baloney face mask, your Valentine will sure get a “heart on” for all these products."
news-2022-1297,1/22/22,2022,Betty White's Team Releases Heartfelt Message She Filmed For Her 100th Birthday,"The ""Golden Girls"" star told fans to ""stick around"" in the clip recorded just days before she died at the age of 99.",Lee Moran,https://www.huffpost.com/entry/betty-white-video-100th-birthday_n_61ebccaae4b0b7eb1cd5690a,"Betty White's Team Releases Heartfelt Message She Filmed For Her 100th Birthday. The ""Golden Girls"" star told fans to ""stick around"" in the clip recorded just days before she died at the age of 99."
news-2022-1298,1/22/22,2022,Peter Navarro Claims He Saw 'Nothing But Peaceful People' On Insurrection Day,MSNBC's Ari Melber shot down Trump's former trade adviser when he pretended to be clueless about the violence.,Mary Papenfuss,https://www.huffpost.com/entry/ari-melber-peter-navarro-msnbc-insurrection-coup-violence_n_61eb8272e4b03c2b084a46ba,Peter Navarro Claims He Saw 'Nothing But Peaceful People' On Insurrection Day. MSNBC's Ari Melber shot down Trump's former trade adviser when he pretended to be clueless about the violence.
news-2022-1299,1/22/22,2022,"Trump Trolled Over Ron DeSantis Threat In Taunting ‘What’s The Matter, Donald?’ Ad",The reported souring in tensions between the former president and the Florida governor gets the treatment in the anti-DeSantis spot.,Lee Moran,https://www.huffpost.com/entry/remove-ron-desantis-ad-donald-trump_n_61ebafc0e4b03c2b084a59d8,"Trump Trolled Over Ron DeSantis Threat In Taunting ‘What’s The Matter, Donald?’ Ad. The reported souring in tensions between the former president and the Florida governor gets the treatment in the anti-DeSantis spot."
news-2022-1300,1/21/22,2022,21 Of The Funniest Tweets About Cats And Dogs This Week (Jan. 15-21),"""my toxic trait is saying 'what?' when my cat meows and expecting a legitimate answer""",Hilary Hanson,https://www.huffpost.com/entry/funniest-tweets-cats-dogs-jan-15-21_n_61e31c77e4b0c6802ee76f5c,"21 Of The Funniest Tweets About Cats And Dogs This Week (Jan. 15-21). ""my toxic trait is saying 'what?' when my cat meows and expecting a legitimate answer"""
news-2022-1301,1/21/22,2022,Meat Loaf Once Threatened To Push 'Jealous' Prince Andrew Into A Moat,"The rock icon said he told the royal ""I don't give a s**t who you are"" during filming for the “It’s A Royal Knockout” TV show in 1987.",Matt Bagwell,https://www.huffpost.com/entry/meat-loaf-prince-andrew-threaten_n_61eaabe7e4b044598d2e6265,"Meat Loaf Once Threatened To Push 'Jealous' Prince Andrew Into A Moat. The rock icon said he told the royal ""I don't give a s**t who you are"" during filming for the “It’s A Royal Knockout” TV show in 1987."
news-2022-1302,1/21/22,2022,Mitch McConnell Actually Just Suggested That 'American' Means 'Not Black',"Black lawmakers are condemning McConnell's comments, in which he appeared to differentiate between ""African-Americans"" and ""Americans.""",Sara Boboltz,https://www.huffpost.com/entry/mcconnell-african-american-voters_n_61eac6bee4b044598d2ea0fb,"Mitch McConnell Actually Just Suggested That 'American' Means 'Not Black'. Black lawmakers are condemning McConnell's comments, in which he appeared to differentiate between ""African-Americans"" and ""Americans."""
news-2022-1303,1/21/22,2022,Republican Group Torches Kevin McCarthy Over Jan. 6 In Scathing Ad Campaign,A conservative group asked the House minority leader a blunt question about Jan. 6.,Ed Mazza,https://www.huffpost.com/entry/kevin-mccarthy-billboard-campaign_n_61ea5827e4b04e26edbb36ab,Republican Group Torches Kevin McCarthy Over Jan. 6 In Scathing Ad Campaign. A conservative group asked the House minority leader a blunt question about Jan. 6.
news-2022-1304,1/21/22,2022,"Sen. Josh Hawley Says, Without Irony, That Democrats Don't Accept Elections They Lose",The Missouri Republican led the charge on Jan. 6 to object to Joe Biden's win -- right after he saluted pro-Trump protesters gathering at the U.S. Capitol.,Josephine Harvey,https://www.huffpost.com/entry/josh-hawley-democrats-dont-accept-elections_n_61ea1949e4b01440a689bedc,"Sen. Josh Hawley Says, Without Irony, That Democrats Don't Accept Elections They Lose. The Missouri Republican led the charge on Jan. 6 to object to Joe Biden's win -- right after he saluted pro-Trump protesters gathering at the U.S. Capitol."
news-2022-1305,1/20/22,2022,5 Hacks To Try If You Only Have A Minute To Destress,Got 60 seconds? Use them to release a little anxiety or tension with these quick and simple techniques.,Catherine Pearson,https://www.huffpost.com/entry/ways-to-destress-one-minute_l_61e99feae4b044598d2c901c,5 Hacks To Try If You Only Have A Minute To Destress. Got 60 seconds? Use them to release a little anxiety or tension with these quick and simple techniques.
news-2022-1306,1/20/22,2022,Adam Rippon Married Jussi-Pekka Kajaala In Secret New Year's Eve Ceremony,"The Olympic figure skater surprised fans by revealing that he and Kajaala had tied the knot, with their pit bull Tony as an honored guest at the intimate nuptials.",Curtis M. Wong,https://www.huffpost.com/entry/adam-rippon-jussi-pekka-kajaala-married_n_61e89a8be4b03874b2e0a35c,"Adam Rippon Married Jussi-Pekka Kajaala In Secret New Year's Eve Ceremony. The Olympic figure skater surprised fans by revealing that he and Kajaala had tied the knot, with their pit bull Tony as an honored guest at the intimate nuptials."
news-2022-1307,1/20/22,2022,CIA Says Most 'Havana Syndrome' Cases Likely Not Caused By Foreign Powers,But questions remain. Russia has been suspected of aiming some sort of weapon at American diplomats abroad that causes debilitating ailments.,Sara Boboltz,https://www.huffpost.com/entry/cia-havana-syndrome_n_61e96dd4e4b0a864b07d039e,CIA Says Most 'Havana Syndrome' Cases Likely Not Caused By Foreign Powers. But questions remain. Russia has been suspected of aiming some sort of weapon at American diplomats abroad that causes debilitating ailments.
news-2022-1308,1/20/22,2022,Seth Meyers Wonders If Rudy Giuliani Is Going For Legal Trouble 'World Record',"""How much legal trouble can one person be in?” the ""Late Night"" host wondered.",Josephine Harvey,https://www.huffpost.com/entry/seth-meyers-rudy-giuliani-legal-trouble_n_61e8f027e4b0d8b665747bf2,"Seth Meyers Wonders If Rudy Giuliani Is Going For Legal Trouble 'World Record'. ""How much legal trouble can one person be in?” the ""Late Night"" host wondered."
news-2022-1309,1/19/22,2022,6 Morning Habits That'll Make You Feel Like You Have Your Life Together,"Follow these simple, expert-backed hacks and inject your a.m. with a little calm and confidence.",Catherine Pearson,https://www.huffpost.com/entry/morning-habits-reduce-stress_l_61e70044e4b0c6802eecb04b,"6 Morning Habits That'll Make You Feel Like You Have Your Life Together. Follow these simple, expert-backed hacks and inject your a.m. with a little calm and confidence."
news-2022-1310,1/19/22,2022,Prince William Evades Question About Whether He Supports Prince Andrew,"His father, Prince Charles, did the same thing a few days ago.",David Moye,https://www.huffpost.com/entry/prince-william-evades-prince-andrew-question_n_61e8720ae4b0d8b66573f1b0,"Prince William Evades Question About Whether He Supports Prince Andrew. His father, Prince Charles, did the same thing a few days ago."
news-2022-1311,1/19/22,2022,William Barr’s New Book Title Has Twitter Wits Filling In The Blanks,Critics mockingly reworked the name of the former Trump attorney general's upcoming memoir.,Lee Moran,https://www.huffpost.com/entry/william-barr-book-title-response_n_61e7e0e6e4b03874b2df0413,William Barr’s New Book Title Has Twitter Wits Filling In The Blanks. Critics mockingly reworked the name of the former Trump attorney general's upcoming memoir.
news-2022-1312,1/19/22,2022,"‘Explorer’ Eagle Finds A Home In Coastal Maine, Far From Its Native Asia","Thousands of miles from its range, a wayward Steller’s sea eagle enthralls scientists and birders alike.",Chris D'Angelo,https://www.huffpost.com/entry/stellers-sea-eagle-maine_n_61e703c0e4b05645a6ed3406,"‘Explorer’ Eagle Finds A Home In Coastal Maine, Far From Its Native Asia. Thousands of miles from its range, a wayward Steller’s sea eagle enthralls scientists and birders alike."
news-2022-1313,1/18/22,2022,Rudy Giuliani Among Trump Allies Subpoenaed By Jan. 6 Panel,"The House committee investigating the Capitol insurrection has issued subpoenas to some of Donald Trump's closest advisers, including Rudy Giuliani.","FARNOUSH AMIRI, AP",https://www.huffpost.com/entry/rudy-giuliani-subpoena-house-committee_n_61e73f43e4b03874b2de3fa4,"Rudy Giuliani Among Trump Allies Subpoenaed By Jan. 6 Panel. The House committee investigating the Capitol insurrection has issued subpoenas to some of Donald Trump's closest advisers, including Rudy Giuliani."
news-2022-1314,1/18/22,2022,They Rejected Democracy. They Lied. Now The GOP Is Hailing Martin Luther King's Legacy.,Republicans who voted to overturn the presidential election and fueled a deadly riot at the U.S. Capitol say they honor MLK's life of sacrifice for the greater good.,Jennifer Bendery,https://www.huffpost.com/entry/republicans-overturn-election-insurrection-martin-luther-king-jr-day-tweets_n_61e6eb9fe4b0c6802eec6d98,They Rejected Democracy. They Lied. Now The GOP Is Hailing Martin Luther King's Legacy.. Republicans who voted to overturn the presidential election and fueled a deadly riot at the U.S. Capitol say they honor MLK's life of sacrifice for the greater good.
news-2022-1315,1/18/22,2022,Unvaccinated Novak Djokovic Now Faces French Open Ban,"The Serbian tennis star was this week deported from Australia, thwarting his defense of the Australian Open title.","DARKO BANDIC and DUSAN STOJANOVIC, AP",https://www.huffpost.com/entry/novak-djokovic-french-open_n_61e68130e4b0a864b0773195,"Unvaccinated Novak Djokovic Now Faces French Open Ban. The Serbian tennis star was this week deported from Australia, thwarting his defense of the Australian Open title."
news-2022-1316,1/17/22,2022,Cold Case Team Shines New Light On Betrayal Of Anne Frank,Evidence suggests a prominent Jewish notary may have disclosed the secret hiding place of the Frank family to German occupiers to save his own family from Nazi concentration camps.,"Mike Corder, AP",https://www.huffpost.com/entry/cold-case-anne-frank-betrayal_n_61e5a190e4b0d8b6656ed1b4,Cold Case Team Shines New Light On Betrayal Of Anne Frank. Evidence suggests a prominent Jewish notary may have disclosed the secret hiding place of the Frank family to German occupiers to save his own family from Nazi concentration camps.
news-2022-1317,1/17/22,2022,Julia Fox Apologizes To 'Deadbeat' Ex As Her Romance With Kanye West Heats Up,"The ""Uncut Gems"" actor suggested she'd misdirected many of her pandemic frustrations at Peter Artemiev, with whom she shares a son.",Curtis M. Wong,https://www.huffpost.com/entry/julia-fox-peter-artemiev-ex-apology_n_61e5be87e4b0d8b6656eec20,"Julia Fox Apologizes To 'Deadbeat' Ex As Her Romance With Kanye West Heats Up. The ""Uncut Gems"" actor suggested she'd misdirected many of her pandemic frustrations at Peter Artemiev, with whom she shares a son."
news-2022-1318,1/17/22,2022,Out Of This World: 555.55-Carat Black Diamond Lands In Dubai,Sotheby’s calls the 555.55-carat black diamond — believed to have come from outer space — “The Enigma.”,,https://www.huffpost.com/entry/55555-carat-black-diamond-lands-in-dubai_l_61e5d36be4b01f707da6f43d,Out Of This World: 555.55-Carat Black Diamond Lands In Dubai. Sotheby’s calls the 555.55-carat black diamond — believed to have come from outer space — “The Enigma.”
news-2022-1319,1/17/22,2022,Some QAnon Believers Think JFK Disguised Himself As Trump At Arizona Rally,"They claim the person who showed up at the event appeared to be shorter than the ""real"" Donald Trump.",David Moye,https://www.huffpost.com/entry/qanon-donald-trump-jfk_n_61e5e64be4b05645a6eb0912,"Some QAnon Believers Think JFK Disguised Himself As Trump At Arizona Rally. They claim the person who showed up at the event appeared to be shorter than the ""real"" Donald Trump."
news-2022-1320,1/17/22,2022,The Press-On Nails That Professional Nail Artists Use,"When you don’t have time for a professional manicure, these can be lifesavers.",Julie Kendrick,https://www.huffpost.com/entry/best-press-on-nails_l_61ddb089e4b0bb04a64ab86d,"The Press-On Nails That Professional Nail Artists Use. When you don’t have time for a professional manicure, these can be lifesavers."
news-2022-1321,1/16/22,2022,"Alexandria Ocasio-Cortez Says 'COVID Was No Joke,' Shares Photos After Recovery","""For a while I’ve noted the term 'mild' is misleading when the bar is hospitalization and death,"" the congresswoman said.",Josephine Harvey,https://www.huffpost.com/entry/alexandria-ocasio-cortez-covid-recovery_n_61e491c6e4b0a864b0744623,"Alexandria Ocasio-Cortez Says 'COVID Was No Joke,' Shares Photos After Recovery. ""For a while I’ve noted the term 'mild' is misleading when the bar is hospitalization and death,"" the congresswoman said."
news-2022-1322,1/16/22,2022,Eric Swalwell Rips Steve Bannon's New Call To 'Decertify' Biden As Democracy's 'Endgame',"""You cannot interpret this as anything but a declaration of war on democracy,"" noted the California lawmaker.",Mary Papenfuss,https://www.huffpost.com/entry/steve-bannon-peter-navarro-eric-swawell-decertification-democracy-endgame_n_61e35377e4b0a864b07372ff,"Eric Swalwell Rips Steve Bannon's New Call To 'Decertify' Biden As Democracy's 'Endgame'. ""You cannot interpret this as anything but a declaration of war on democracy,"" noted the California lawmaker."
news-2022-1323,1/16/22,2022,"Florida Gay Rights Activist Found Dead In Landfill, Prompting Homicide Probe","Jorge Diaz-Johnston's body was found five days after he was last seen alive in Tallahassee, authorities said.",Nina Golgowski,https://www.huffpost.com/entry/jorge-diaz-johnston-murder-investigation_n_61e4300ae4b0d8b6656ca11b,"Florida Gay Rights Activist Found Dead In Landfill, Prompting Homicide Probe. Jorge Diaz-Johnston's body was found five days after he was last seen alive in Tallahassee, authorities said."
news-2022-1324,1/16/22,2022,Kelly Rizzo Shares Tribute To 'Sweet Husband' Bob Saget After Funeral: 'He Was Love',"The ""Full House"" star's widow spoke publicly for the first time since the comedian's death.",Cole Delbyck,https://www.huffpost.com/entry/bob-saget-wife-kelly-rizzo-tribute_n_61e46a79e4b0c6802ee83e69,"Kelly Rizzo Shares Tribute To 'Sweet Husband' Bob Saget After Funeral: 'He Was Love'. The ""Full House"" star's widow spoke publicly for the first time since the comedian's death."
news-2022-1325,1/16/22,2022,"Norwegian Cruise Cancels Trip After 4 Days Of Travel, Leaving Passengers Bored At Sea","The cruise line said the Norwegian Gem would return to New York ""shortly,"" after “COVID-related circumstances” capsized its 10-day travel plans.",Nina Golgowski,https://www.huffpost.com/entry/norwegian-cruise-trip-canceled-covid_n_61e45abee4b0a864b0743071,"Norwegian Cruise Cancels Trip After 4 Days Of Travel, Leaving Passengers Bored At Sea. The cruise line said the Norwegian Gem would return to New York ""shortly,"" after “COVID-related circumstances” capsized its 10-day travel plans."
news-2022-1326,1/16/22,2022,Prince Harry Files Court Claim Over UK Police Protection,Prince Harry has filed a claim for a judicial review against the British government’s decision not to let him personally pay for police protection while in the U.K.,"Sylvia Hui, AP",https://www.huffpost.com/entry/prince-harry-files-court-claim-over-uk-police-protection_n_61e462cde4b01f707da4b27d,Prince Harry Files Court Claim Over UK Police Protection. Prince Harry has filed a claim for a judicial review against the British government’s decision not to let him personally pay for police protection while in the U.K.
news-2022-1327,1/15/22,2022,A Key Fox News Talking Point Awkwardly Falls Apart In Embarrassing Supercut,"The mocking ""Daily Show"" montage bids farewell to one narrative put forward on the conservative network about the Jan. 6 insurrection.",Lee Moran,https://www.huffpost.com/entry/fox-news-talking-point-jan-6-falls-apart_n_61e2772ee4b01f707da36e2f,"A Key Fox News Talking Point Awkwardly Falls Apart In Embarrassing Supercut. The mocking ""Daily Show"" montage bids farewell to one narrative put forward on the conservative network about the Jan. 6 insurrection."
news-2022-1328,1/15/22,2022,All Hostages Safe After Hours-Long Standoff At Texas Synagogue,"Authorities confirmed that the suspect, who died after holding people at a synagogue near Dallas for 12 hours, was a 44-year-old British national.",Sara Boboltz and Mary Papenfuss,https://www.huffpost.com/entry/hostage-rabbi-synagogue-colleyville-texas_n_61e2f4eae4b0c6802ee75d9a,"All Hostages Safe After Hours-Long Standoff At Texas Synagogue. Authorities confirmed that the suspect, who died after holding people at a synagogue near Dallas for 12 hours, was a 44-year-old British national."
news-2022-1329,1/15/22,2022,CNN Unearths Audio Of Kevin McCarthy Saying Trump Admitted Responsibility For Riot,"CNN's ""K-File"" resurfaced the top House Republican's comments to a California radio station just days after the Jan. 6 insurrection.",Lee Moran,https://www.huffpost.com/entry/kevin-mccarthy-donald-trump-jan-6-confession_n_61e28c3ee4b01f707da37e60,"CNN Unearths Audio Of Kevin McCarthy Saying Trump Admitted Responsibility For Riot. CNN's ""K-File"" resurfaced the top House Republican's comments to a California radio station just days after the Jan. 6 insurrection."
news-2022-1330,1/15/22,2022,Texas Attorney General Ordered To Release Records About His Role In Jan. 6 Rally,"Ken Paxton's office has so far stonewalled requests for the information, even though he is supposed to be in charge of enforcing the public records law.",Mary Papenfuss,https://www.huffpost.com/entry/ken-paxton-jan-6-records-release-order_n_61e20274e4b0c6802ee6be1f,"Texas Attorney General Ordered To Release Records About His Role In Jan. 6 Rally. Ken Paxton's office has so far stonewalled requests for the information, even though he is supposed to be in charge of enforcing the public records law."
news-2022-1331,1/14/22,2022,25 Of The Funniest Tweets About Cats And Dogs This Week (Jan. 8-14),"""At my dog park there is a husky who escapes his home and takes himself to the dog park on his own. He waits for someone to open the gate for him.""",Elyse Wanshel,https://www.huffpost.com/entry/funniest-tweets-cats-dogs_n_61e1a449e4b0d8b6656aa0a2,"25 Of The Funniest Tweets About Cats And Dogs This Week (Jan. 8-14). ""At my dog park there is a husky who escapes his home and takes himself to the dog park on his own. He waits for someone to open the gate for him."""
news-2022-1332,1/14/22,2022,Are Muscle Aches Or Back Pain A Symptom Of The Omicron COVID Variant?,"Many have experienced body aches, back pain and calf pain with a COVID infection recently. Here's why that may be happening.",Julia Ries,https://www.huffpost.com/entry/muscle-aches-back-pain-omicron-covid_l_61e07d89e4b04bd27ed6de34,"Are Muscle Aches Or Back Pain A Symptom Of The Omicron COVID Variant?. Many have experienced body aches, back pain and calf pain with a COVID infection recently. Here's why that may be happening."
news-2022-1333,1/14/22,2022,"Kimmel Mocks Ted Cruz, Marjorie Taylor Greene For 'Historically Stupid' Claim","The late night host even offered up a wild and ""totally true"" conspiracy theory of his own.",Ed Mazza,https://www.huffpost.com/entry/jimmy-kimmel-ted-cruz-marjorie-taylor-greene_n_61e0fb8ae4b03874b2d5688b,"Kimmel Mocks Ted Cruz, Marjorie Taylor Greene For 'Historically Stupid' Claim. The late night host even offered up a wild and ""totally true"" conspiracy theory of his own."
news-2022-1334,1/14/22,2022,"RNC Ripped, Ridiculed Over Presidential Debate Ban Threat","“Republicans can’t win a fair fight and they know it,"" responded DNC Chair Jaime Harrison.",Lee Moran,https://www.huffpost.com/entry/rnc-presidential-debates-response_n_61e12677e4b03874b2d59f09,"RNC Ripped, Ridiculed Over Presidential Debate Ban Threat. “Republicans can’t win a fair fight and they know it,"" responded DNC Chair Jaime Harrison."
news-2022-1335,1/13/22,2022,Anna Marie Tendler Opens Up About 'Totally Shocking' Divorce From John Mulaney,"The pair confirmed their split in May 2021. By September, Mulaney announced he was expecting a baby with actor Olivia Munn.",Curtis M. Wong,https://www.huffpost.com/entry/anna-marie-tendler-john-mulaney-divorce-response_n_61e071f2e4b04d030c34ffd2,"Anna Marie Tendler Opens Up About 'Totally Shocking' Divorce From John Mulaney. The pair confirmed their split in May 2021. By September, Mulaney announced he was expecting a baby with actor Olivia Munn."
news-2022-1336,1/13/22,2022,Do CBD Shampoos Actually Work? Here's What Experts Say.,"Most data that backs up CBD hair care is anecdotal, but some people thinks it works wonders. Here's the deal.",Anna Rahmanan,https://www.huffpost.com/entry/cbd-shampoos_l_61dda5dae4b0bb04a64a89c0,"Do CBD Shampoos Actually Work? Here's What Experts Say.. Most data that backs up CBD hair care is anecdotal, but some people thinks it works wonders. Here's the deal."
news-2022-1337,1/13/22,2022,"Laura Ingraham Feared More Violence After Jan. 6, Newly Released Text Message Shows",The Fox News personality messaged then-White House chief of staff Mark Meadows with some advice for Donald Trump a week after the insurrection.,Lee Moran,https://www.huffpost.com/entry/laura-ingraham-text-jan-6-mark-meadows_n_61dfdc5ae4b04e9d84e09a60,"Laura Ingraham Feared More Violence After Jan. 6, Newly Released Text Message Shows. The Fox News personality messaged then-White House chief of staff Mark Meadows with some advice for Donald Trump a week after the insurrection."
news-2022-1338,1/13/22,2022,No Life On Martian Meteorite Found In Antarctica In 1996,"Orginally, scientists thought organic compounds in the rock may have been left by living creatures, but the marks were actually caused by salty water.","Marcia Dunn, AP",https://www.huffpost.com/entry/martian-meteorite-antarctica-no-life_n_61e087a0e4b04bd27ed6f4ad,"No Life On Martian Meteorite Found In Antarctica In 1996. Orginally, scientists thought organic compounds in the rock may have been left by living creatures, but the marks were actually caused by salty water."
news-2022-1339,1/13/22,2022,"Unvaccinated Glenn Beck Gets COVID Again, Says It's 'Getting Into My Lungs'",“Why do I need to be vaccinated again?” Beck said on Fox News last year after he first got the coronavirus.,Sebastian Murdock,https://www.huffpost.com/entry/unvaccinated-glenn-beck-gets-covid-again-says-its-getting-into-my-lungs_n_61e05151e4b09724bb983f58,"Unvaccinated Glenn Beck Gets COVID Again, Says It's 'Getting Into My Lungs'. “Why do I need to be vaccinated again?” Beck said on Fox News last year after he first got the coronavirus."
news-2022-1340,1/12/22,2022,Dick Durbin To GOP: Our Turn To Confirm Judicial Nominees Without Your Consent,"“Republicans chose to abandon this senatorial courtesy,” the Judiciary Committee chair said of advancing a Biden appeals court pick without blue slips.",Jennifer Bendery,https://www.huffpost.com/entry/dick-durbin-biden-judicial-nominees-blue-slips_n_61df1cc6e4b0a2670288219f,"Dick Durbin To GOP: Our Turn To Confirm Judicial Nominees Without Your Consent. “Republicans chose to abandon this senatorial courtesy,” the Judiciary Committee chair said of advancing a Biden appeals court pick without blue slips."
news-2022-1341,1/12/22,2022,Howard Stern Hits No-Vax Djokovic With A Blunt Request,"The radio host ripped the unvaccinated tennis star as a selfish ""f**knut.""",Lee Moran,https://www.huffpost.com/entry/howard-stern-novak-djokovic_n_61de8bffe4b0ae44b319021e,"Howard Stern Hits No-Vax Djokovic With A Blunt Request. The radio host ripped the unvaccinated tennis star as a selfish ""f**knut."""
news-2022-1342,1/12/22,2022,Jan. 6 Committee Asks House GOP Leader Kevin McCarthy To Testify,"The Republican lawmaker was in touch with Donald Trump the day of the Capitol riot, and the committee wants to know what they talked about.",S.V. Date,https://www.huffpost.com/entry/jan-6-gop-leader-kevin-mccarthy-testify_n_61df429de4b0a26702887840,"Jan. 6 Committee Asks House GOP Leader Kevin McCarthy To Testify. The Republican lawmaker was in touch with Donald Trump the day of the Capitol riot, and the committee wants to know what they talked about."
news-2022-1343,1/12/22,2022,Marsha Blackburn Criticizes Black Judicial Nominee’s ‘Rap Sheet’ Of Speeding Tickets,"Andre Mathis, Biden's appeals court pick, doesn't have a criminal record. He once got a ticket for going 5 miles over the speed limit, though.",Jennifer Bendery,https://www.huffpost.com/entry/marsha-blackburn-andre-mathis-black-judge-rap-sheet_n_61df1ec2e4b0603631b3d9a0,"Marsha Blackburn Criticizes Black Judicial Nominee’s ‘Rap Sheet’ Of Speeding Tickets. Andre Mathis, Biden's appeals court pick, doesn't have a criminal record. He once got a ticket for going 5 miles over the speed limit, though."
news-2022-1344,1/12/22,2022,SAG Awards 2022 Nominations: The Complete List,"As the Golden Globes slip into irrelevancy, the Screen Actors Guild Awards are bringing some much-needed awards season momentum.",Cole Delbyck,https://www.huffpost.com/entry/sag-awards-2022-nominations-the-complete-list_n_61dc7a67e4b04b42ab837a08,"SAG Awards 2022 Nominations: The Complete List. As the Golden Globes slip into irrelevancy, the Screen Actors Guild Awards are bringing some much-needed awards season momentum."
news-2022-1345,1/12/22,2022,Top House Democrat Wants Maskless Lawmakers Put In 'Isolation Boxes',"""Fines are not enough,"" said Assistant Speaker Katherine Clark (D-Mass.).",Lee Moran,https://www.huffpost.com/entry/house-mask-mandate-request_n_61dea4b0e4b0603631b26a70,"Top House Democrat Wants Maskless Lawmakers Put In 'Isolation Boxes'. ""Fines are not enough,"" said Assistant Speaker Katherine Clark (D-Mass.)."
news-2022-1346,1/11/22,2022,Ina Garten Gives Very On-Brand Reply To Reese Witherspoon's Post On Healthy Habits,“The Morning Show” star and the “Barefoot Contessa” have hilariously different takes on self-care.,Elyse Wanshel,https://www.huffpost.com/entry/ina-garten-gives-very-on-brand-reply-to-reese-witherspoons-post-on-healthy-habits_n_61ddccf7e4b061afe3b9005c,Ina Garten Gives Very On-Brand Reply To Reese Witherspoon's Post On Healthy Habits. “The Morning Show” star and the “Barefoot Contessa” have hilariously different takes on self-care.
news-2022-1347,1/11/22,2022,Mitch McConnell Told To 'Save The Damn Crocodile Tears' After Whining About Voting,Critics hit the top Senate Republican with a few home truths.,Lee Moran,https://www.huffpost.com/entry/mitch-mcconnell-senate-rules-backfires_n_61dd4afde4b0c7d8b8b48b06,Mitch McConnell Told To 'Save The Damn Crocodile Tears' After Whining About Voting. Critics hit the top Senate Republican with a few home truths.
news-2022-1348,1/11/22,2022,NY Yankees Make Rachel Balkovec 1st Woman To Manage MLB Farm Team,The 34-year-old was promoted Tuesday by the New York Yankees to dugout boss of the Low A Tampa Tarpons.,,https://www.huffpost.com/entry/rachel-balkovec-new-york-yankees-coach_n_61de1320e4b0281cc4c853d6,NY Yankees Make Rachel Balkovec 1st Woman To Manage MLB Farm Team. The 34-year-old was promoted Tuesday by the New York Yankees to dugout boss of the Low A Tampa Tarpons.
news-2022-1349,1/11/22,2022,Postpartum Hair Loss Kicked Me While I Was Down. Here's What I Wish I Knew.,"I was aghast when a few weeks after I stopped breastfeeding, the hair above my temples looked particularly sparse.",Sophie Matthews,https://www.huffpost.com/entry/postpartum-hair-loss_l_61d723a9e4b04b42ab7d12ca,"Postpartum Hair Loss Kicked Me While I Was Down. Here's What I Wish I Knew.. I was aghast when a few weeks after I stopped breastfeeding, the hair above my temples looked particularly sparse."
news-2022-1350,1/11/22,2022,Stephen Colbert Rips ‘Creepy’ Jim Jordan With Innuendo-Filled Reminder Of His Past,"The ""Late Show"" host taunts the Ohio lawmaker over the allegations he just can't shake.",Ed Mazza,https://www.huffpost.com/entry/stephen-colbert-jim-jordan-jan-6_n_61dd170ae4b061afe3b6ff9c,"Stephen Colbert Rips ‘Creepy’ Jim Jordan With Innuendo-Filled Reminder Of His Past. The ""Late Show"" host taunts the Ohio lawmaker over the allegations he just can't shake."
news-2022-1351,1/11/22,2022,Tearful Jimmy Kimmel Struggles To Get Through Emotional Tribute To Bob Saget,"The late night host paid tribute to the comic and actor, who died Sunday.",Ed Mazza,https://www.huffpost.com/entry/jimmy-kimmel-bob-saget_n_61dd0c66e4b0c7d8b8b41cde,"Tearful Jimmy Kimmel Struggles To Get Through Emotional Tribute To Bob Saget. The late night host paid tribute to the comic and actor, who died Sunday."
news-2022-1352,1/10/22,2022,Bob Saget’s Sudden Death Leaves John Stamos ‘Gutted’; Entertainers Pay Tribute,"Stamos, Candace Cameron Bure and others honored the actor and comic, who died on Sunday at the age of 65.",Ed Mazza,https://www.huffpost.com/entry/bob-saget-john-stamos-remembered_n_61db93d2e4b0bb04a646582c,"Bob Saget’s Sudden Death Leaves John Stamos ‘Gutted’; Entertainers Pay Tribute. Stamos, Candace Cameron Bure and others honored the actor and comic, who died on Sunday at the age of 65."
news-2022-1353,1/10/22,2022,Fox News Host Has Some Blunt Talk For Trump: 'You Have To Learn To Lose',Brian Kilmeade also dismissed Trump's complaints of election fraud.,Ed Mazza,https://www.huffpost.com/entry/brian-kilmeade-donald-trump-learn-to-lose_n_61dbaee2e4b04b42ab8173ba,Fox News Host Has Some Blunt Talk For Trump: 'You Have To Learn To Lose'. Brian Kilmeade also dismissed Trump's complaints of election fraud.
news-2022-1354,1/10/22,2022,John Oliver Is Suddenly Very Angry About 1 Key Point In The ‘Da Vinci Code',"The ""Last Week Tonight"" host has a big problem with the 2003 book and 2006 film.",Ed Mazza,https://www.huffpost.com/entry/john-oliver-da-vinci-code_n_61dbc28ce4b061afe3b464db,"John Oliver Is Suddenly Very Angry About 1 Key Point In The ‘Da Vinci Code'. The ""Last Week Tonight"" host has a big problem with the 2003 book and 2006 film."
news-2022-1355,1/10/22,2022,The Most Popular Movies On Netflix Right Now Besides 'Just Go With It',Two Adam Sandler movies are trending on the streaming service.,Caroline Bologna,https://www.huffpost.com/entry/just-go-with-it-popular-netflix-movies_l_61dbbdd6e4b0c7d8b8b18ba9,The Most Popular Movies On Netflix Right Now Besides 'Just Go With It'. Two Adam Sandler movies are trending on the streaming service.
news-2022-1356,1/10/22,2022,U.S. Speedskater's 'Honorable Move' Allows Friend To Replace Her In Olympic Race,"Brittany Bowe stepped aside so Erin Jackson, who slipped in the trials, could skate the 500 meters in Beijing.",,https://www.huffpost.com/entry/brittany-bowe-erin-jackson-speedskating_n_61dc4668e4b0d637aea4d739,"U.S. Speedskater's 'Honorable Move' Allows Friend To Replace Her In Olympic Race. Brittany Bowe stepped aside so Erin Jackson, who slipped in the trials, could skate the 500 meters in Beijing."
news-2022-1357,1/9/22,2022,Man Who Purchased Gun For Kyle Rittenhouse Takes Plea Deal,"Dominick Black, who bought the assault-style rifle that the underage teen used to shoot three people, agreed to plead no contest to charges he's been facing.",,https://www.huffpost.com/entry/dominick-black-gun-plea-deal-kyle-rittenhouse_n_61dae70de4b04b42ab80f34a,"Man Who Purchased Gun For Kyle Rittenhouse Takes Plea Deal. Dominick Black, who bought the assault-style rifle that the underage teen used to shoot three people, agreed to plead no contest to charges he's been facing."
news-2022-1358,1/9/22,2022,"Mike Pence Will Likely Need Subpoena Before He'll Talk To Jan. 6 Committee, Says Ex-Aide","The former vice president wants to cooperate but probably won't do it voluntarily, said Alyssa Farah Griffin.",Mary Papenfuss,https://www.huffpost.com/entry/alyssa-farah-griffin-mike-pence-committee-insurrection_n_61da623ee4b0bb04a645af02,"Mike Pence Will Likely Need Subpoena Before He'll Talk To Jan. 6 Committee, Says Ex-Aide. The former vice president wants to cooperate but probably won't do it voluntarily, said Alyssa Farah Griffin."
news-2022-1359,1/9/22,2022,"Snow Leopard Dies After Contracting COVID-19, Illinois Zoo Says","A photographer who once helped project Rilu's image onto the Empire State Building reminded people to get vaccinated: ""It’s more than just human lives that are at stake.""",Nina Golgowski,https://www.huffpost.com/entry/snow-leopard-rilu-miller-park-zoo-covid_n_61daff45e4b0c7d8b8b10f8d,"Snow Leopard Dies After Contracting COVID-19, Illinois Zoo Says. A photographer who once helped project Rilu's image onto the Empire State Building reminded people to get vaccinated: ""It’s more than just human lives that are at stake."""
news-2022-1360,1/9/22,2022,"The Best And Worst Trump Tweets Over The Past Year, Ranked",Here you go.,"Amanda Terkel, Paige Lavender, Richard Kim, and George Zornick",https://www.huffpost.com/entry/trump-tweets-ranked_n_61d71138e4b0c7d8b8ace7d7,"The Best And Worst Trump Tweets Over The Past Year, Ranked. Here you go."
news-2022-1361,1/9/22,2022,Wisconsin Republican Sen. Ron Johnson Will Run For Reelection,Johnson has spread lies about COVID-19 and downplayed the Capitol riot.,Tara Golshan,https://www.huffpost.com/entry/ron-johnson-reelection-2022_n_619d1fc0e4b0f398af0b5108,Wisconsin Republican Sen. Ron Johnson Will Run For Reelection. Johnson has spread lies about COVID-19 and downplayed the Capitol riot.
news-2022-1362,1/8/22,2022,Ben Affleck Reveals Why Filming 'Justice League' Was The 'Worst Experience',"""It was awful,” ""The Tender Bar"" actor said.",Kimberley Richards,https://www.huffpost.com/entry/ben-affleck-justice-league-filming-worst-experience_n_61d9cc83e4b061afe3b357be,"Ben Affleck Reveals Why Filming 'Justice League' Was The 'Worst Experience'. ""It was awful,” ""The Tender Bar"" actor said."
news-2022-1363,1/8/22,2022,Kanye West Grabs A Bite With Pal Jared Kushner In Miami,The former presidential adviser and Trump son-in-law supposedly goes way back with the MAGA-loving rapper.,Mary Papenfuss,https://www.huffpost.com/entry/kanye-west-jared-kusher-miami-dinner_n_61d9248fe4b061afe3b2f2aa,Kanye West Grabs A Bite With Pal Jared Kushner In Miami. The former presidential adviser and Trump son-in-law supposedly goes way back with the MAGA-loving rapper.
news-2022-1364,1/8/22,2022,Rep. Mo Brooks Reportedly 'Cheered' Capitol Riot As Colleagues Feared For Their Lives,"The Alabama Republican, who talked of ""blood"" sacrifice at Trump's Jan. 6 rally, said the account from Kevin McCarthy's ex-aide was ""total bovine excrement.""",Mary Papenfuss,https://www.huffpost.com/entry/mo-brooks-cheered-colleagues-fearful-capitol-riot_n_61d8ca94e4b04b42ab7fee08,"Rep. Mo Brooks Reportedly 'Cheered' Capitol Riot As Colleagues Feared For Their Lives. The Alabama Republican, who talked of ""blood"" sacrifice at Trump's Jan. 6 rally, said the account from Kevin McCarthy's ex-aide was ""total bovine excrement."""
news-2022-1365,1/8/22,2022,Ted Cruz's Own Words About Jan. 6 Come Back To Haunt Him In Damning Supercut,The Texas Republican's past criticism of the U.S. Capitol rioters was flipped back on him following his groveling apology to Tucker Carlson for calling them terrorists.,Lee Moran,https://www.huffpost.com/entry/ted-cruz-jan-6-past-comments_n_61d9387ae4b0bb04a645183f,Ted Cruz's Own Words About Jan. 6 Come Back To Haunt Him In Damning Supercut. The Texas Republican's past criticism of the U.S. Capitol rioters was flipped back on him following his groveling apology to Tucker Carlson for calling them terrorists.
news-2022-1366,1/8/22,2022,Zoo Mourns Death Of 'Beloved' Dog Who Helped Raise Cheetah Cubs,"Coby, a yellow Lab, ""made everyone feel special,"" the Columbus Zoo said.",Hilary Hanson,https://www.huffpost.com/entry/dog-raised-cheetah-cubs-coby-dies_n_61d9c356e4b0bcd2195fd7d5,"Zoo Mourns Death Of 'Beloved' Dog Who Helped Raise Cheetah Cubs. Coby, a yellow Lab, ""made everyone feel special,"" the Columbus Zoo said."
news-2022-1367,1/7/22,2022,Andy Cohen Shares Why He And Anderson Cooper Will Never Date Each Other,"Speaking to Howard Stern, the Bravo host acknowledged that his pal is ""a handsome guy,"" but quipped, ""At this point, we know each other too well.""",Curtis M. Wong,https://www.huffpost.com/entry/andy-cohen-anderson-cooper-will-never-date-howard-stern-show_n_61d87ceee4b0bb04a6447cf2,"Andy Cohen Shares Why He And Anderson Cooper Will Never Date Each Other. Speaking to Howard Stern, the Bravo host acknowledged that his pal is ""a handsome guy,"" but quipped, ""At this point, we know each other too well."""
news-2022-1368,1/7/22,2022,Parents In Michigan School Shooting Lose Bid To Reduce Bail,"A judge has denied a request to lower a $500,000 bail set for two parents who are charged with their son in a fatal Michigan school shooting.","Ed White, AP",https://www.huffpost.com/entry/crumbley-parents-denied-reduced-bail-bid_n_61d89239e4b0d637aea1a851,"Parents In Michigan School Shooting Lose Bid To Reduce Bail. A judge has denied a request to lower a $500,000 bail set for two parents who are charged with their son in a fatal Michigan school shooting."
news-2022-1369,1/6/22,2022,'QAnon Shaman' Makes Bonkers New Claim About What He Was Really Doing On Jan. 6,Jacob Chansley is serving a 41-month prison sentence for his role in the U.S. Capitol riot.,Ed Mazza,https://www.huffpost.com/entry/qanon-shaman-riot-claim_n_61d68fd2e4b061afe3aedb25,'QAnon Shaman' Makes Bonkers New Claim About What He Was Really Doing On Jan. 6. Jacob Chansley is serving a 41-month prison sentence for his role in the U.S. Capitol riot.
news-2022-1370,1/6/22,2022,Chris Noth Removed From 'And Just Like That' Finale,"The ""Sex and the City"" star has been accused by multiple women of sexual assault.",Josephine Harvey,https://www.huffpost.com/entry/chris-noth-cut-from-and-just-like-that-finale_n_61d678ece4b0d637ae9dcd4e,"Chris Noth Removed From 'And Just Like That' Finale. The ""Sex and the City"" star has been accused by multiple women of sexual assault."
news-2022-1371,1/6/22,2022,Critics Sum Up Laura Ingraham's Latest Joe Biden Attack In 1 Mocking Word,"The Fox News personality claimed it's ""the MSNBC administration"" and received a blunt reminder.",Lee Moran,https://www.huffpost.com/entry/laura-ingraham-biden-attack-response_n_61d6a4a0e4b0c7d8b8ac1e25,"Critics Sum Up Laura Ingraham's Latest Joe Biden Attack In 1 Mocking Word. The Fox News personality claimed it's ""the MSNBC administration"" and received a blunt reminder."
news-2022-1372,1/6/22,2022,"Live From The Bahamas, It's Kim Kardashian And Pete Davidson On A Romantic Getaway",The couple jetted off to the Bahamas for a post-New Year's vacation.,Cole Delbyck,https://www.huffpost.com/entry/kim-kardashian-pete-davidson-bahamas_n_61d6f520e4b061afe3af91e3,"Live From The Bahamas, It's Kim Kardashian And Pete Davidson On A Romantic Getaway. The couple jetted off to the Bahamas for a post-New Year's vacation."
news-2022-1373,1/6/22,2022,Skater Timothy LeDuc Could Make History As First Nonbinary Winter Olympian,"The Iowa native always found solace on the ice, but said they faced a ""very complicated"" journey in the gendered world of figure skating.",Curtis M. Wong,https://www.huffpost.com/entry/skater-timothy-leduc-nonbinary-2022-winter-olympics_n_61d76324e4b0bcd2195cd4f9,"Skater Timothy LeDuc Could Make History As First Nonbinary Winter Olympian. The Iowa native always found solace on the ice, but said they faced a ""very complicated"" journey in the gendered world of figure skating."
news-2022-1374,1/5/22,2022,4 Black Hair Care Brands That'll Help You Look After Textured Hair This Winter,Plus tips and tricks for keeping the moisture locked in during the cold weather.,Tomi Otekunrin,https://www.huffpost.com/entry/black-hair-care-brands-winter_l_61d48477e4b0bb04a63db674,4 Black Hair Care Brands That'll Help You Look After Textured Hair This Winter. Plus tips and tricks for keeping the moisture locked in during the cold weather.
news-2022-1375,1/5/22,2022,"A Year Later, GOP Lawmakers Still Won't Say If Joe Biden Is Actually President","Nearly all of the 147 Republicans who voted to reject the 2020 presidential election results also won't say if they regret that vote, which was based on a lie.",Jennifer Bendery,https://www.huffpost.com/entry/january-6-republicans-overturn-election-capitol-riot_n_61d35f59e4b0bcd219561a94,"A Year Later, GOP Lawmakers Still Won't Say If Joe Biden Is Actually President. Nearly all of the 147 Republicans who voted to reject the 2020 presidential election results also won't say if they regret that vote, which was based on a lie."
news-2022-1376,1/5/22,2022,Lauren Boebert Self-Owns With Rant About ‘Gaslighters’,Twitter users mockingly suggested the extremist Colorado Republican offered her resignation with the post.,Lee Moran,https://www.huffpost.com/entry/lauren-boebert-gaslighters-tweet_n_61d546e2e4b0bb04a63ea76c,Lauren Boebert Self-Owns With Rant About ‘Gaslighters’. Twitter users mockingly suggested the extremist Colorado Republican offered her resignation with the post.
news-2022-1377,1/5/22,2022,The FBI's Secret Weapon In The Capitol Attack Manhunt,"A band of online sleuths called ""Sedition Hunters"" has had an enormous effect on the Jan. 6 investigation. Next up: Holding the FBI’s feet to the fire.",Ryan J. Reilly,https://www.huffpost.com/entry/sedition-hunters-capitol-attack-online-sleuths-fbi-trump_n_6161da09e4b06a986bd00df1,"The FBI's Secret Weapon In The Capitol Attack Manhunt. A band of online sleuths called ""Sedition Hunters"" has had an enormous effect on the Jan. 6 investigation. Next up: Holding the FBI’s feet to the fire."
news-2022-1378,1/4/22,2022,Deputy District Attorney Who Opposed Vaccine Mandates Dies From COVID At 46,"Kelly Ernby, a Republican who ran for California State Assembly in 2020, said ""there’s nothing that matters more than our freedoms right now"" at a rally last month.",Lee Moran,https://www.huffpost.com/entry/kelly-ernby-dead-orange-county-da_n_61d43584e4b061afe3aa9d09,"Deputy District Attorney Who Opposed Vaccine Mandates Dies From COVID At 46. Kelly Ernby, a Republican who ran for California State Assembly in 2020, said ""there’s nothing that matters more than our freedoms right now"" at a rally last month."
news-2022-1379,1/4/22,2022,Lauren Boebert Jumps To Marjorie Taylor Greene’s Defense Over Twitter Ban And It Doesn’t Go Well,Critics pointed out the flaws with the Colorado Republican’s defense of her fellow far-right extremist.,Lee Moran,https://www.huffpost.com/entry/lauren-boebert-marjorie-taylor-greene-twitter-ban_n_61d3f4f6e4b0c7d8b8a725f4,Lauren Boebert Jumps To Marjorie Taylor Greene’s Defense Over Twitter Ban And It Doesn’t Go Well. Critics pointed out the flaws with the Colorado Republican’s defense of her fellow far-right extremist.
news-2022-1380,1/4/22,2022,LeBron James Dishes On His Dream To One Day Play In The NBA With His Son,Bronny has already made a name for himself in the basketball world.,Kimberley Richards,https://www.huffpost.com/entry/lebron-james-son-bronny-nba-hope_n_61d4743ee4b0c7d8b8a892be,LeBron James Dishes On His Dream To One Day Play In The NBA With His Son. Bronny has already made a name for himself in the basketball world.
news-2022-1381,1/4/22,2022,"Trump Was Just '5 Rudys Short' Of A Coup, Warns Conservative Website Column","""The attempted coup came much closer to succeeding than many would admit and was just a dress rehearsal for 2024,"" an essay in The Bulwark read.",Mary Papenfuss,https://www.huffpost.com/entry/5-rudy-short-of-a-coup-trump-the-bulwark_n_61d39a4be4b0c7d8b8a6e09d,"Trump Was Just '5 Rudys Short' Of A Coup, Warns Conservative Website Column. ""The attempted coup came much closer to succeeding than many would admit and was just a dress rehearsal for 2024,"" an essay in The Bulwark read."
news-2022-1382,1/3/22,2022,Capitol Riot A Distant Memory In The Senate: Seems 'As If It Never Happened',"While the House is uglier and more rancorous, senators say they’ve felt little change in the one year since the attack.",Igor Bobic,https://www.huffpost.com/entry/january-6-capitol-riot-anniversary_n_61cd2ccce4b0c7d8b8a14eb9,"Capitol Riot A Distant Memory In The Senate: Seems 'As If It Never Happened'. While the House is uglier and more rancorous, senators say they’ve felt little change in the one year since the attack."
news-2022-1383,1/3/22,2022,Janet Jackson Responds To Michael Jackson's Child Molestation Charges In Upcoming Film,"In a new trailer for her upcoming documentary, the singer says she was considered ""guilty by association.""",David Moye,https://www.huffpost.com/entry/janet-jackson-documentary-michael-jackson_n_61d32b19e4b061afe3a96606,"Janet Jackson Responds To Michael Jackson's Child Molestation Charges In Upcoming Film. In a new trailer for her upcoming documentary, the singer says she was considered ""guilty by association."""
news-2022-1384,1/3/22,2022,Man Dies After Attempting To Jump New York Subway Turnstile,Police responding to a 911 call found the 28-year-old unresponsive at a Queens station.,Mary Papenfuss,https://www.huffpost.com/entry/man-dies-jumping-ny-subway-turnstile_n_61d28122e4b0bb04a63a8289,Man Dies After Attempting To Jump New York Subway Turnstile. Police responding to a 911 call found the 28-year-old unresponsive at a Queens station.
news-2022-1385,1/3/22,2022,Marine Corps Boots 206 Service Members Who Refused COVID Vaccines,"Overall, vaccine compliance is high among all branches of the military, despite early grumblings.",Mary Papenfuss,https://www.huffpost.com/entry/marine-corps-206-covid-vaccine-discharges_n_61d241e6e4b0bcd21954c1d4,"Marine Corps Boots 206 Service Members Who Refused COVID Vaccines. Overall, vaccine compliance is high among all branches of the military, despite early grumblings."
news-2022-1386,1/3/22,2022,"NY Attorney General Subpoenas Donald Trump, Ivanka Trump, Donald Trump Jr.",The Trumps have indicated they will fight the subpoenas and are expected to file court papers through their lawyers seeking to have them thrown out.,"Michael R. Sisak, AP",https://www.huffpost.com/entry/donald-trump-new-york-attorney-general-subpoena_n_61d33003e4b04b42ab769177,"NY Attorney General Subpoenas Donald Trump, Ivanka Trump, Donald Trump Jr.. The Trumps have indicated they will fight the subpoenas and are expected to file court papers through their lawyers seeking to have them thrown out."
news-2022-1387,1/3/22,2022,Settlement Between Jeffrey Epstein And Prince Andrew Accuser Now Public,"The deal between Epstein and Virginia Roberts, now known as Virginia Giuffre, contained a paragraph that said it protects anyone “who could have been included as a potential defendant” from lawsuits filed by Giuffre.",,https://www.huffpost.com/entry/jeffrey-epstein-prince-andrew-accuser-settlement_n_61d339d2e4b0bb04a63b9bed,"Settlement Between Jeffrey Epstein And Prince Andrew Accuser Now Public. The deal between Epstein and Virginia Roberts, now known as Virginia Giuffre, contained a paragraph that said it protects anyone “who could have been included as a potential defendant” from lawsuits filed by Giuffre."
news-2022-1388,1/2/22,2022,Chilling Trump Letter Calling For 'Seizure' Of Election Material Revealed In Log To Jan. 6 Probers,"The letter was created a day before Trump discussed naming conspiracy theorist Sidney Powell ""special counsel"" to probe baseless election fraud claims.",Mary Papenfuss,https://www.huffpost.com/entry/bernard-kerik-potus-trump-letter-seize-election-materials_n_61d11c38e4b0c7d8b8a4d1fd,"Chilling Trump Letter Calling For 'Seizure' Of Election Material Revealed In Log To Jan. 6 Probers. The letter was created a day before Trump discussed naming conspiracy theorist Sidney Powell ""special counsel"" to probe baseless election fraud claims."
news-2022-1389,1/2/22,2022,Jamal Khashoggi's Saudi Killers Reportedly Doing Easy Time In Security Compound,The accommodations renew fears that the journalist's murderers will never be held accountable for the horrific crime.,Mary Papenfuss,https://www.huffpost.com/entry/jamal-khashoggi-saudi-killers-easy-time_n_61d0ef97e4b04b42ab74bfca,Jamal Khashoggi's Saudi Killers Reportedly Doing Easy Time In Security Compound. The accommodations renew fears that the journalist's murderers will never be held accountable for the horrific crime.
news-2022-1390,1/2/22,2022,Madison Cawthorn Says Founding Fathers Wouldn't Recognize U.S.; Twitter Critics: DUHH,"And they'd be ""horrified,"" he claimed — probably over the Jan. 6 insurrection, noted others.",Mary Papenfuss,https://www.huffpost.com/entry/madison-cawthorn-horrified-founding-fathers_n_61d0fe86e4b0bb04a639c32b,"Madison Cawthorn Says Founding Fathers Wouldn't Recognize U.S.; Twitter Critics: DUHH. And they'd be ""horrified,"" he claimed — probably over the Jan. 6 insurrection, noted others."
news-2022-1391,1/2/22,2022,Marjorie Taylor Greene's Personal Twitter Account Permanently Suspended,"The Georgia Republican was given the boot after repeatedly violating Twitter's COVID-19 misinformation policy, the company said.",Nina Golgowski,https://www.huffpost.com/entry/marjorie-taylor-greene-permanently-suspended-personal-twitter_n_61d1be4be4b0bcd219548567,"Marjorie Taylor Greene's Personal Twitter Account Permanently Suspended. The Georgia Republican was given the boot after repeatedly violating Twitter's COVID-19 misinformation policy, the company said."
news-2022-1392,1/2/22,2022,Search Teams Look For 2 Missing People Following Massive Colorado Wildfire,People who barely escaped the flames sorted through what was left after the blaze and investigators tried to determine its cause.,"Thomas Peipert, AP",https://www.huffpost.com/entry/colorado-wildfire-survivors_n_61d1ff0de4b0bb04a63a4d6a,Search Teams Look For 2 Missing People Following Massive Colorado Wildfire. People who barely escaped the flames sorted through what was left after the blaze and investigators tried to determine its cause.
news-2022-1393,1/1/22,2022,21 People Rescued After Being Stuck Overnight In Aerial Tram In New Mexico,The riders spent a harrowing New Year's Eve in two tram cars dangling in the air on the Sandia Peak Tramway.,Hilary Hanson,https://www.huffpost.com/entry/sandia-peak-tram-people-stuck_n_61d0b532e4b0bcd2195410ca,21 People Rescued After Being Stuck Overnight In Aerial Tram In New Mexico. The riders spent a harrowing New Year's Eve in two tram cars dangling in the air on the Sandia Peak Tramway.
news-2022-1394,1/1/22,2022,Austrian Holocaust Survivor 'Mrs. Gertrude' Dies At 94,Gertrude Pressburger became famous during Austria's 2016 presidential campaign after warning of the dangers of the far right.,"Kirsten Grieshaber, AP",https://www.huffpost.com/entry/ap-eu-austria-obit-gertrude-pressburger_n_61d0aaa6e4b0bcd219540b75,Austrian Holocaust Survivor 'Mrs. Gertrude' Dies At 94. Gertrude Pressburger became famous during Austria's 2016 presidential campaign after warning of the dangers of the far right.
news-2022-1395,1/1/22,2022,New York City Rings In 2022 With Times Square Ball Drop Amid Smaller Crowd And COVID,"The city’s incoming mayor, Eric Adams, took his oath of office on the scene  shortly afterward.","By BOBBY CAINA CALVAN, AP",https://www.huffpost.com/entry/times-square-ball-drop-eric-adams-oath_n_61cfe456e4b0c7d8b8a4586e,"New York City Rings In 2022 With Times Square Ball Drop Amid Smaller Crowd And COVID. The city’s incoming mayor, Eric Adams, took his oath of office on the scene shortly afterward."
news-2022-1396,1/1/22,2022,Rep. Alexandria Ocasio-Cortez Rips 'Creepy Weirdo' Trump Adviser For Fixating On Boyfriend's Feet,"The congresswoman fired back at Republican Steve Cortes, turning the tables on his bizarre crack about her trip to Florida with her boyfriend.",Mary Papenfuss,https://www.huffpost.com/entry/alexandria-ocasio-cortez-steve-cortes-florida-sandals-feet_n_61cf9f2de4b04b42ab7441ee,"Rep. Alexandria Ocasio-Cortez Rips 'Creepy Weirdo' Trump Adviser For Fixating On Boyfriend's Feet. The congresswoman fired back at Republican Steve Cortes, turning the tables on his bizarre crack about her trip to Florida with her boyfriend."
news-2022-1397,1/1/22,2022,Some Of The Biggest Lies Being Spread About The Jan. 6 Insurrection,The events from last Jan. 6 in Washington unfolded on live television but they've since been up for debate.,"David Klepper, AP",https://www.huffpost.com/entry/ap-us-capitol-riot-misinformation-lies_n_61d05615e4b0bb04a6398a8f,Some Of The Biggest Lies Being Spread About The Jan. 6 Insurrection. The events from last Jan. 6 in Washington unfolded on live television but they've since been up for debate.
news-2022-1398,1/1/22,2022,Taking A COVID Rapid Test? You May Want To Swab Your Nose And Throat.,Swabbing both areas when using an at-home test might give more accurate results in certain cases. Here's why and how to do it.,Julia Ries,https://www.huffpost.com/entry/covid-rapid-test-swab-nose-throat_l_61cf6bbae4b0bcd219539517,Taking A COVID Rapid Test? You May Want To Swab Your Nose And Throat.. Swabbing both areas when using an at-home test might give more accurate results in certain cases. Here's why and how to do it.